id,title,source,difficulty,tags,link,summary
1,Two Sum,LeetCode,Easy,"Array, Hash Table",https://leetcode.com/problems/two-sum,Find two numbers in an array that add up to a given target and return their indices.
2,Best Time to Buy and Sell Stock,LeetCode,Easy,"Array, Greedy",https://leetcode.com/problems/best-time-to-buy-and-sell-stock,Find the maximum profit from a single buy-sell transaction in a price array.
3,Contains Duplicate,LeetCode,Easy,"Array, Hash Table",https://leetcode.com/problems/contains-duplicate,Determine if any value appears at least twice in an integer array.
4,Move Zeroes,LeetCode,Easy,"Array, Two Pointers",https://leetcode.com/problems/move-zeroes,Move all zeroes to the end of an array while maintaining order of non-zero elements.
5,Running Sum of 1d Array,LeetCode,Easy,Array,https://leetcode.com/problems/running-sum-of-1d-array,Compute the running (prefix) sum of an integer array.
6,Shuffle the Array,LeetCode,Easy,Array,https://leetcode.com/problems/shuffle-the-array,Interleave two halves of an array to produce a shuffled result.
7,Kids With the Greatest Number of Candies,LeetCode,Easy,Array,https://leetcode.com/problems/kids-with-the-greatest-number-of-candies,Determine which kids can have the greatest candies after a boost.
8,Richest Customer Wealth,LeetCode,Easy,"Array, Matrix",https://leetcode.com/problems/richest-customer-wealth,Find the wealth of the richest customer given a matrix of bank accounts.
9,Number of Good Pairs,LeetCode,Easy,"Array, Hash Table",https://leetcode.com/problems/number-of-good-pairs,"Count pairs (i,j) where nums[i]==nums[j] and i<j."
10,Concatenation of Array,LeetCode,Easy,Array,https://leetcode.com/problems/concatenation-of-array,Return the concatenation of an array with itself.
11,Left and Right Sum Differences,LeetCode,Easy,Array,https://leetcode.com/problems/left-and-right-sum-differences,Return an array of absolute differences between left and right prefix sums.
12,Find the Highest Altitude,LeetCode,Easy,Array,https://leetcode.com/problems/find-the-highest-altitude,Find the highest altitude reached given a list of altitude gains.
13,Find Pivot Index,LeetCode,Easy,"Array, Prefix Sum",https://leetcode.com/problems/find-pivot-index,Find the index where the sum of left elements equals the sum of right elements.
14,Maximum Average Subarray I,LeetCode,Easy,"Array, Sliding Window",https://leetcode.com/problems/maximum-average-subarray-i,Find the contiguous subarray of length k with the maximum average.
15,Sort Array by Parity,LeetCode,Easy,"Array, Two Pointers",https://leetcode.com/problems/sort-array-by-parity,Move all even integers to the front of the array.
16,Third Maximum Number,LeetCode,Easy,"Array, Sorting",https://leetcode.com/problems/third-maximum-number,Return the third distinct maximum; if it doesn't exist return the maximum.
17,Find All Numbers Disappeared,LeetCode,Easy,"Array, Hash Table",https://leetcode.com/problems/find-all-numbers-disappeared,"Find all numbers missing from an array of range [1,n]."
18,Squares of a Sorted Array,LeetCode,Easy,"Array, Two Pointers",https://leetcode.com/problems/squares-of-a-sorted-array,Return sorted array of squares of a sorted integer array.
19,Intersection of Two Arrays,LeetCode,Easy,"Array, Hash Table",https://leetcode.com/problems/intersection-of-two-arrays,Return the intersection (unique) of two arrays.
20,Plus One,LeetCode,Easy,"Array, Math",https://leetcode.com/problems/plus-one,Increment a large integer represented as an array of digits by one.
21,Reverse String,LeetCode,Easy,"String, Two Pointers",https://leetcode.com/problems/reverse-string,Reverse a character array in-place using two pointers.
22,Valid Palindrome,LeetCode,Easy,"String, Two Pointers",https://leetcode.com/problems/valid-palindrome,Check if a string is a palindrome ignoring non-alphanumeric characters.
23,Longest Common Prefix,LeetCode,Easy,String,https://leetcode.com/problems/longest-common-prefix,Find the longest common prefix string among an array of strings.
24,Reverse Words in a String III,LeetCode,Easy,"String, Two Pointers",https://leetcode.com/problems/reverse-words-in-a-string-iii,Reverse the characters in each word of a sentence.
25,Count and Say,LeetCode,Easy,String,https://leetcode.com/problems/count-and-say,Generate the nth term of the count-and-say sequence.
26,Valid Anagram,LeetCode,Easy,"String, Hash Table",https://leetcode.com/problems/valid-anagram,Determine if two strings are anagrams of each other.
27,First Unique Character in a String,LeetCode,Easy,"String, Hash Table",https://leetcode.com/problems/first-unique-character-in-a-string,Find the first non-repeating character in a string and return its index.
28,Roman to Integer,LeetCode,Easy,"String, Math",https://leetcode.com/problems/roman-to-integer,Convert a Roman numeral string to its integer representation.
29,Implement strStr(),LeetCode,Easy,"String, Two Pointers",https://leetcode.com/problems/implement-strstr,Return the index of the first occurrence of needle in haystack.
30,Palindrome Number,LeetCode,Easy,"Math, String",https://leetcode.com/problems/palindrome-number,Determine whether an integer is a palindrome without converting to string.
31,Reverse Linked List,LeetCode,Easy,"Linked List, Recursion",https://leetcode.com/problems/reverse-linked-list,Reverse a singly linked list iteratively or recursively.
32,Merge Two Sorted Lists,LeetCode,Easy,"Linked List, Recursion",https://leetcode.com/problems/merge-two-sorted-lists,Merge two sorted linked lists and return the merged sorted list.
33,Linked List Cycle,LeetCode,Easy,"Linked List, Two Pointers",https://leetcode.com/problems/linked-list-cycle,Detect if a linked list has a cycle using fast and slow pointers.
34,Middle of the Linked List,LeetCode,Easy,"Linked List, Two Pointers",https://leetcode.com/problems/middle-of-the-linked-list,Find the middle node of a linked list using two pointers.
35,Remove Linked List Elements,LeetCode,Easy,"Linked List, Recursion",https://leetcode.com/problems/remove-linked-list-elements,Remove all elements from a linked list with a given value.
36,Delete Node in a Linked List,LeetCode,Easy,Linked List,https://leetcode.com/problems/delete-node-in-a-linked-list,Delete a node in a linked list given only access to that node.
37,Palindrome Linked List,LeetCode,Easy,"Linked List, Two Pointers",https://leetcode.com/problems/palindrome-linked-list,Check whether a linked list is a palindrome in O(n) time.
38,Intersection of Two Linked Lists,LeetCode,Easy,"Linked List, Hash Table",https://leetcode.com/problems/intersection-of-two-linked-lists,Find the node at which two linked lists intersect.
39,Maximum Depth of Binary Tree,LeetCode,Easy,"Binary Trees, DFS",https://leetcode.com/problems/maximum-depth-of-binary-tree,Find the maximum depth (height) of a binary tree.
40,Symmetric Tree,LeetCode,Easy,"Binary Trees, DFS",https://leetcode.com/problems/symmetric-tree,Check whether a binary tree is a mirror of itself.
41,Invert Binary Tree,LeetCode,Easy,"Binary Trees, DFS",https://leetcode.com/problems/invert-binary-tree,Invert a binary tree (mirror it).
42,Path Sum,LeetCode,Easy,"Binary Trees, DFS",https://leetcode.com/problems/path-sum,Determine if the tree has a root-to-leaf path summing to a target.
43,Same Tree,LeetCode,Easy,"Binary Trees, DFS",https://leetcode.com/problems/same-tree,Check if two binary trees are identical in structure and values.
44,Count Complete Tree Nodes,LeetCode,Easy,"Binary Trees, Binary Search",https://leetcode.com/problems/count-complete-tree-nodes,Count nodes in a complete binary tree more efficiently than O(n).
45,Diameter of Binary Tree,LeetCode,Easy,"Binary Trees, DFS",https://leetcode.com/problems/diameter-of-binary-tree,Find the length of the longest path between any two nodes.
46,Valid Parentheses,LeetCode,Easy,"Stack, String",https://leetcode.com/problems/valid-parentheses,Check if a string of brackets is valid using a stack.
47,Implement Queue using Stacks,LeetCode,Easy,"Stack, Queue",https://leetcode.com/problems/implement-queue-using-stacks,Implement a FIFO queue using only two stacks.
48,Min Stack,LeetCode,Easy,"Stack, Design",https://leetcode.com/problems/min-stack,"Design a stack that supports push, pop, top, and retrieving the minimum in O(1)."
49,Majority Element,LeetCode,Easy,"Array, Hash Table, Sorting",https://leetcode.com/problems/majority-element,Find the element that appears more than n/2 times in an array.
50,Missing Number,LeetCode,Easy,"Array, Math, Bit Manipulation",https://leetcode.com/problems/missing-number,"Find the missing number in a range [0,n] array."
51,Single Number,LeetCode,Easy,"Array, Bit Manipulation",https://leetcode.com/problems/single-number,Find the element that appears only once when all others appear twice.
52,Power of Two,LeetCode,Easy,"Math, Bit Manipulation",https://leetcode.com/problems/power-of-two,Determine if a given integer is a power of two.
53,Fizz Buzz,LeetCode,Easy,"Math, String",https://leetcode.com/problems/fizz-buzz,Print numbers 1 to n replacing multiples of 3 and 5 with FizzBuzz.
54,Reverse Integer,LeetCode,Easy,Math,https://leetcode.com/problems/reverse-integer,"Reverse digits of a 32-bit signed integer, returning 0 on overflow."
55,Climbing Stairs,LeetCode,Easy,"Dynamic Programming, Math",https://leetcode.com/problems/climbing-stairs,Count distinct ways to climb n stairs taking 1 or 2 steps at a time.
56,Pascal's Triangle,LeetCode,Easy,"Array, Dynamic Programming",https://leetcode.com/problems/pascals-triangle,Generate the first n rows of Pascal's triangle.
57,Excel Sheet Column Number,LeetCode,Easy,"Math, String",https://leetcode.com/problems/excel-sheet-column-number,Convert a column title (like 'AB') to its corresponding column number.
58,Happy Number,LeetCode,Easy,"Hash Table, Math",https://leetcode.com/problems/happy-number,Determine if a number is happy by repeatedly summing squares of digits.
59,Sock Merchant,HackerRank,Easy,"Array, Sorting",https://www.hackerrank.com/challenges/sock-merchant,Count pairs of socks with matching colours from a pile.
60,Breaking the Records,HackerRank,Easy,Array,https://www.hackerrank.com/challenges/breaking-the-records,Track the number of times a player breaks their own scoring records.
61,Counting Valleys,HackerRank,Easy,String,https://www.hackerrank.com/challenges/counting-valleys,Count valleys traversed during a hiking trail described by steps.
62,Electronics Shop,HackerRank,Easy,"Array, Sorting",https://www.hackerrank.com/challenges/electronics-shop,Find the maximum budget keyboard-drive combination within a budget.
63,Cats and a Mouse,HackerRank,Easy,Math,https://www.hackerrank.com/challenges/cats-and-a-mouse,Determine which cat catches the mouse or if it escapes based on positions.
64,Drawing Book,HackerRank,Easy,Math,https://www.hackerrank.com/challenges/drawing-book,Find minimum page turns to reach a target page in a book.
65,Picking Numbers,HackerRank,Easy,"Array, Greedy",https://www.hackerrank.com/challenges/picking-numbers,Find the longest subarray where absolute difference between any two elements is at most 1.
66,Migratory Birds,HackerRank,Easy,"Array, Hash Table",https://www.hackerrank.com/challenges/migratory-birds,Find the most common bird type sighted during migration.
67,Day of the Programmer,HackerRank,Easy,Math,https://www.hackerrank.com/challenges/day-of-the-programmer,Find the 256th day of a given year accounting for leap year rules.
68,Bill Division,HackerRank,Easy,"Array, Math",https://www.hackerrank.com/challenges/bill-division,Calculate how much each person should pay for a shared bill minus one item.
69,Sales by Match,HackerRank,Easy,"Array, Hash Table",https://www.hackerrank.com/challenges/sales-by-match,Count pairs of matching socks in a pile of coloured socks.
70,Divisible Sum Pairs,HackerRank,Easy,"Array, Math",https://www.hackerrank.com/challenges/divisible-sum-pairs,Count pairs whose sum is divisible by a given k.
71,Birthday Chocolate,HackerRank,Easy,"Array, Sliding Window",https://www.hackerrank.com/challenges/birthday-chocolate,Find segments of chocolate squares that match birthday month and day.
72,Angry Professor,HackerRank,Easy,"Array, Sorting",https://www.hackerrank.com/challenges/angry-professor,Determine if a class is cancelled based on on-time student arrivals.
73,Beautiful Days at the Movies,HackerRank,Easy,Math,https://www.hackerrank.com/challenges/beautiful-days-at-the-movies,Count beautiful days in a range where |d - reverse(d)| is divisible by k.
74,Viral Advertising,HackerRank,Easy,Math,https://www.hackerrank.com/challenges/viral-advertising,Compute total cumulative likes from a viral ad campaign over n days.
75,Save the Prisoner!,HackerRank,Easy,Math,https://www.hackerrank.com/challenges/save-the-prisoner!,Find which prisoner gets the last candy in a circular distribution.
76,Circular Array Rotation,HackerRank,Easy,"Array, Math",https://www.hackerrank.com/challenges/circular-array-rotation,Perform circular rotations on an array and answer multiple queries.
77,Sequence Equation,HackerRank,Easy,"Array, Math",https://www.hackerrank.com/challenges/sequence-equation,Find permutation p such that p(p(x)) = x for each element.
78,Jumping on the Clouds,HackerRank,Easy,"Array, Greedy",https://www.hackerrank.com/challenges/jumping-on-the-clouds,Find the minimum jumps to traverse cloud types safely.
79,ATM,CodeChef,Easy,Math,https://www.codechef.com/problems/atm,Calculate remaining balance after an ATM withdrawal with a fixed fee.
80,Turbo Sort,CodeChef,Easy,Sorting,https://www.codechef.com/problems/turbo-sort,Sort a list of integers and output in ascending order.
81,Factorial,CodeChef,Easy,"Math, Recursion",https://www.codechef.com/problems/factorial,Compute the factorial of a large number up to 100.
82,Chef and Operators,CodeChef,Easy,"String, Math",https://www.codechef.com/problems/chef-and-operators,Evaluate a sequence of operations given by string operators.
83,Small Factorials,CodeChef,Easy,Math,https://www.codechef.com/problems/small-factorials,Compute factorials for numbers up to 100 using big integers.
84,Average,CodeChef,Easy,Math,https://www.codechef.com/problems/average,Compute the average of N numbers and output it as an integer.
85,Add Two Numbers,CodeChef,Easy,Math,https://www.codechef.com/problems/add-two-numbers,Add two large numbers given as strings without built-in big integer.
86,Reverse the Number,CodeChef,Easy,"Math, String",https://www.codechef.com/problems/reverse-the-number,Reverse the digits of a given integer.
87,Lucky Four,CodeChef,Easy,"String, Math",https://www.codechef.com/problems/lucky-four,Count the number of lucky (4) digits in a number.
88,Palindrome String,CodeChef,Easy,String,https://www.codechef.com/problems/palindrome-string,Check if a given string is a palindrome.
89,Theatre Square,Codeforces,Easy,Math,https://codeforces.com/problemset/problem/367/F,Find minimum paving stones needed to fill a theatre square.
90,Watermelon,Codeforces,Easy,Math,https://codeforces.com/problemset/problem/370/A,Determine if a watermelon weight can be split into two even parts.
91,Way Too Long Words,Codeforces,Easy,String,https://codeforces.com/problemset/problem/373/B,Abbreviate words longer than 10 characters.
92,Beautiful Matrix,Codeforces,Easy,"Array, Math",https://codeforces.com/problemset/problem/376/C,Find minimum moves to place 1 in the center of a 5x5 matrix.
93,Bit++,Codeforces,Easy,"String, Math",https://codeforces.com/problemset/problem/379/D,Evaluate a sequence of increment and decrement operations.
94,Tram,Codeforces,Easy,Math,https://codeforces.com/problemset/problem/382/E,Find the minimum tram capacity given boarding and alighting data.
95,George and Accommodation,Codeforces,Easy,Array,https://codeforces.com/problemset/problem/385/F,Count rooms that can accommodate two more students.
96,Queue at the School,Codeforces,Easy,"String, Simulation",https://codeforces.com/problemset/problem/388/A,Simulate students moving in a queue over t seconds.
97,Petya and Strings,Codeforces,Easy,String,https://codeforces.com/problemset/problem/391/B,Compare two strings case-insensitively and output the lexicographic result.
98,Next Round,Codeforces,Easy,Array,https://codeforces.com/problemset/problem/394/C,Find how many participants advance based on the k-th place score.
99,Domino piling,Codeforces,Easy,"Math, Greedy",https://codeforces.com/problemset/problem/397/D,Find the maximum number of dominoes that fit on an MxN board.
100,IQ test,Codeforces,Easy,"Array, Math",https://codeforces.com/problemset/problem/400/E,Find the odd-one-out element in an array based on parity.
101,Optimal Sum,LeetCode,Easy,"Array, Hash Table",https://leetcode.com/problems/optimal-sum,Find elements in an array that sum to a given target using a hash table.
102,Count Extended in Array,HackerRank,Easy,"Array, Math",https://www.hackerrank.com/challenges/count-extended-in-array,Count occurrences of a specific pattern in an integer array.
103,Reverse Variant,CodeChef,Easy,"Array, Two Pointers",https://www.codechef.com/problems/reverse-variant,Reverse elements using the two-pointer technique.
104,Minimum Advanced Difference,Codeforces,Easy,"Array, Sorting",https://codeforces.com/problemset/problem/412/C,Find minimum absolute difference between array elements.
105,Valid Modified Sequence,LeetCode,Easy,"Stack, String",https://leetcode.com/problems/valid-modified-sequence,Validate a sequence of bracket or character operations.
106,Binary Classic Check,HackerRank,Easy,"Bit Manipulation, Math",https://www.hackerrank.com/challenges/binary-classic-check,Determine a numeric property using bit manipulation.
107,Prefix Two-Pass Sum,CodeChef,Easy,"Array, Prefix Sum",https://www.codechef.com/problems/prefix-two-pass-sum,Compute prefix sums to answer range queries efficiently.
108,Matrix Multi-Step Diagonal,Codeforces,Easy,"Array, Matrix, Math",https://codeforces.com/problemset/problem/424/A,Compute the diagonal sum of a square matrix.
109,Linked List Recursive Cycle,LeetCode,Easy,"Linked List, Two Pointers",https://leetcode.com/problems/linked-list-recursive-cycle,Use Floyd's tortoise-and-hare algorithm to detect cycles.
110,Queue Iterative Operations,HackerRank,Easy,"Queue, Design",https://www.hackerrank.com/challenges/queue-iterative-operations,Implement a queue with additional operation support.
111,Efficient Sum,CodeChef,Easy,"Array, Hash Table",https://www.codechef.com/problems/efficient-sum,Find elements in an array that sum to a given target using a hash table.
112,Count Minimal in Array,Codeforces,Easy,"Array, Math",https://codeforces.com/problemset/problem/436/E,Count occurrences of a specific pattern in an integer array.
113,Reverse Maximum,LeetCode,Easy,"Array, Two Pointers",https://leetcode.com/problems/reverse-maximum,Reverse elements using the two-pointer technique.
114,Minimum Minimum Difference,HackerRank,Easy,"Array, Sorting",https://www.hackerrank.com/challenges/minimum-minimum-difference,Find minimum absolute difference between array elements.
115,Valid Balanced Sequence,CodeChef,Easy,"Stack, String",https://www.codechef.com/problems/valid-balanced-sequence,Validate a sequence of bracket or character operations.
116,Binary Sorted Check,Codeforces,Easy,"Bit Manipulation, Math",https://codeforces.com/problemset/problem/448/C,Determine a numeric property using bit manipulation.
117,Prefix Compressed Sum,LeetCode,Easy,"Array, Prefix Sum",https://leetcode.com/problems/prefix-compressed-sum,Compute prefix sums to answer range queries efficiently.
118,Matrix Weighted Diagonal,HackerRank,Easy,"Array, Matrix, Math",https://www.hackerrank.com/challenges/matrix-weighted-diagonal,Compute the diagonal sum of a square matrix.
119,Linked List Directed Cycle,CodeChef,Easy,"Linked List, Two Pointers",https://www.codechef.com/problems/linked-list-directed-cycle,Use Floyd's tortoise-and-hare algorithm to detect cycles.
120,Queue Undirected Operations,Codeforces,Easy,"Queue, Design",https://codeforces.com/problemset/problem/460/A,Implement a queue with additional operation support.
121,Circular Sum,LeetCode,Easy,"Array, Hash Table",https://leetcode.com/problems/circular-sum,Find elements in an array that sum to a given target using a hash table.
122,Count Diagonal in Array,HackerRank,Easy,"Array, Math",https://www.hackerrank.com/challenges/count-diagonal-in-array,Count occurrences of a specific pattern in an integer array.
123,Reverse Sparse,CodeChef,Easy,"Array, Two Pointers",https://www.codechef.com/problems/reverse-sparse,Reverse elements using the two-pointer technique.
124,Minimum Dense Difference,Codeforces,Easy,"Array, Sorting",https://codeforces.com/problemset/problem/472/E,Find minimum absolute difference between array elements.
125,Valid Binary Sequence,LeetCode,Easy,"Stack, String",https://leetcode.com/problems/valid-binary-sequence,Validate a sequence of bracket or character operations.
126,Binary Ternary Check,HackerRank,Easy,"Bit Manipulation, Math",https://www.hackerrank.com/challenges/binary-ternary-check,Determine a numeric property using bit manipulation.
127,Prefix Linear Sum,CodeChef,Easy,"Array, Prefix Sum",https://www.codechef.com/problems/prefix-linear-sum,Compute prefix sums to answer range queries efficiently.
128,Matrix Logarithmic Diagonal,Codeforces,Easy,"Array, Matrix, Math",https://codeforces.com/problemset/problem/484/C,Compute the diagonal sum of a square matrix.
129,Linked List Optimal Cycle,LeetCode,Easy,"Linked List, Two Pointers",https://leetcode.com/problems/linked-list-optimal-cycle,Use Floyd's tortoise-and-hare algorithm to detect cycles.
130,Queue Extended Operations,HackerRank,Easy,"Queue, Design",https://www.hackerrank.com/challenges/queue-extended-operations,Implement a queue with additional operation support.
131,Variant Sum,CodeChef,Easy,"Array, Hash Table",https://www.codechef.com/problems/variant-sum,Find elements in an array that sum to a given target using a hash table.
132,Count Advanced in Array,Codeforces,Easy,"Array, Math",https://codeforces.com/problemset/problem/496/A,Count occurrences of a specific pattern in an integer array.
133,Reverse Modified,LeetCode,Easy,"Array, Two Pointers",https://leetcode.com/problems/reverse-modified,Reverse elements using the two-pointer technique.
134,Minimum Classic Difference,HackerRank,Easy,"Array, Sorting",https://www.hackerrank.com/challenges/minimum-classic-difference,Find minimum absolute difference between array elements.
135,Valid Two-Pass Sequence,CodeChef,Easy,"Stack, String",https://www.codechef.com/problems/valid-two-pass-sequence,Validate a sequence of bracket or character operations.
136,Binary Multi-Step Check,Codeforces,Easy,"Bit Manipulation, Math",https://codeforces.com/problemset/problem/508/E,Determine a numeric property using bit manipulation.
137,Prefix Recursive Sum,LeetCode,Easy,"Array, Prefix Sum",https://leetcode.com/problems/prefix-recursive-sum,Compute prefix sums to answer range queries efficiently.
138,Matrix Iterative Diagonal,HackerRank,Easy,"Array, Matrix, Math",https://www.hackerrank.com/challenges/matrix-iterative-diagonal,Compute the diagonal sum of a square matrix.
139,Linked List Efficient Cycle,CodeChef,Easy,"Linked List, Two Pointers",https://www.codechef.com/problems/linked-list-efficient-cycle,Use Floyd's tortoise-and-hare algorithm to detect cycles.
140,Queue Minimal Operations,Codeforces,Easy,"Queue, Design",https://codeforces.com/problemset/problem/520/C,Implement a queue with additional operation support.
141,Maximum Sum,LeetCode,Easy,"Array, Hash Table",https://leetcode.com/problems/maximum-sum,Find elements in an array that sum to a given target using a hash table.
142,Count Minimum in Array,HackerRank,Easy,"Array, Math",https://www.hackerrank.com/challenges/count-minimum-in-array,Count occurrences of a specific pattern in an integer array.
143,Reverse Balanced,CodeChef,Easy,"Array, Two Pointers",https://www.codechef.com/problems/reverse-balanced,Reverse elements using the two-pointer technique.
144,Minimum Sorted Difference,Codeforces,Easy,"Array, Sorting",https://codeforces.com/problemset/problem/532/A,Find minimum absolute difference between array elements.
145,Valid Compressed Sequence,LeetCode,Easy,"Stack, String",https://leetcode.com/problems/valid-compressed-sequence,Validate a sequence of bracket or character operations.
146,Binary Weighted Check,HackerRank,Easy,"Bit Manipulation, Math",https://www.hackerrank.com/challenges/binary-weighted-check,Determine a numeric property using bit manipulation.
147,Prefix Directed Sum,CodeChef,Easy,"Array, Prefix Sum",https://www.codechef.com/problems/prefix-directed-sum,Compute prefix sums to answer range queries efficiently.
148,Matrix Undirected Diagonal,Codeforces,Easy,"Array, Matrix, Math",https://codeforces.com/problemset/problem/544/E,Compute the diagonal sum of a square matrix.
149,Linked List Circular Cycle,LeetCode,Easy,"Linked List, Two Pointers",https://leetcode.com/problems/linked-list-circular-cycle,Use Floyd's tortoise-and-hare algorithm to detect cycles.
150,Queue Diagonal Operations,HackerRank,Easy,"Queue, Design",https://www.hackerrank.com/challenges/queue-diagonal-operations,Implement a queue with additional operation support.
151,Sparse Sum,CodeChef,Easy,"Array, Hash Table",https://www.codechef.com/problems/sparse-sum,Find elements in an array that sum to a given target using a hash table.
152,Count Dense in Array,Codeforces,Easy,"Array, Math",https://codeforces.com/problemset/problem/556/C,Count occurrences of a specific pattern in an integer array.
153,Reverse Binary,LeetCode,Easy,"Array, Two Pointers",https://leetcode.com/problems/reverse-binary,Reverse elements using the two-pointer technique.
154,Minimum Ternary Difference,HackerRank,Easy,"Array, Sorting",https://www.hackerrank.com/challenges/minimum-ternary-difference,Find minimum absolute difference between array elements.
155,Valid Linear Sequence,CodeChef,Easy,"Stack, String",https://www.codechef.com/problems/valid-linear-sequence,Validate a sequence of bracket or character operations.
156,Binary Logarithmic Check,Codeforces,Easy,"Bit Manipulation, Math",https://codeforces.com/problemset/problem/568/A,Determine a numeric property using bit manipulation.
157,Prefix Optimal Sum,LeetCode,Easy,"Array, Prefix Sum",https://leetcode.com/problems/prefix-optimal-sum,Compute prefix sums to answer range queries efficiently.
158,Matrix Extended Diagonal,HackerRank,Easy,"Array, Matrix, Math",https://www.hackerrank.com/challenges/matrix-extended-diagonal,Compute the diagonal sum of a square matrix.
159,Linked List Variant Cycle,CodeChef,Easy,"Linked List, Two Pointers",https://www.codechef.com/problems/linked-list-variant-cycle,Use Floyd's tortoise-and-hare algorithm to detect cycles.
160,Queue Advanced Operations,Codeforces,Easy,"Queue, Design",https://codeforces.com/problemset/problem/580/E,Implement a queue with additional operation support.
161,Modified Sum,LeetCode,Easy,"Array, Hash Table",https://leetcode.com/problems/modified-sum,Find elements in an array that sum to a given target using a hash table.
162,Count Classic in Array,HackerRank,Easy,"Array, Math",https://www.hackerrank.com/challenges/count-classic-in-array,Count occurrences of a specific pattern in an integer array.
163,Reverse Two-Pass,CodeChef,Easy,"Array, Two Pointers",https://www.codechef.com/problems/reverse-two-pass,Reverse elements using the two-pointer technique.
164,Minimum Multi-Step Difference,Codeforces,Easy,"Array, Sorting",https://codeforces.com/problemset/problem/592/C,Find minimum absolute difference between array elements.
165,Valid Recursive Sequence,LeetCode,Easy,"Stack, String",https://leetcode.com/problems/valid-recursive-sequence,Validate a sequence of bracket or character operations.
166,Binary Iterative Check,HackerRank,Easy,"Bit Manipulation, Math",https://www.hackerrank.com/challenges/binary-iterative-check,Determine a numeric property using bit manipulation.
167,Prefix Efficient Sum,CodeChef,Easy,"Array, Prefix Sum",https://www.codechef.com/problems/prefix-efficient-sum,Compute prefix sums to answer range queries efficiently.
168,Matrix Minimal Diagonal,Codeforces,Easy,"Array, Matrix, Math",https://codeforces.com/problemset/problem/604/A,Compute the diagonal sum of a square matrix.
169,Linked List Maximum Cycle,LeetCode,Easy,"Linked List, Two Pointers",https://leetcode.com/problems/linked-list-maximum-cycle,Use Floyd's tortoise-and-hare algorithm to detect cycles.
170,Queue Minimum Operations,HackerRank,Easy,"Queue, Design",https://www.hackerrank.com/challenges/queue-minimum-operations,Implement a queue with additional operation support.
171,Balanced Sum,CodeChef,Easy,"Array, Hash Table",https://www.codechef.com/problems/balanced-sum,Find elements in an array that sum to a given target using a hash table.
172,Count Sorted in Array,Codeforces,Easy,"Array, Math",https://codeforces.com/problemset/problem/616/E,Count occurrences of a specific pattern in an integer array.
173,Reverse Compressed,LeetCode,Easy,"Array, Two Pointers",https://leetcode.com/problems/reverse-compressed,Reverse elements using the two-pointer technique.
174,Minimum Weighted Difference,HackerRank,Easy,"Array, Sorting",https://www.hackerrank.com/challenges/minimum-weighted-difference,Find minimum absolute difference between array elements.
175,Valid Directed Sequence,CodeChef,Easy,"Stack, String",https://www.codechef.com/problems/valid-directed-sequence,Validate a sequence of bracket or character operations.
176,Binary Undirected Check,Codeforces,Easy,"Bit Manipulation, Math",https://codeforces.com/problemset/problem/628/C,Determine a numeric property using bit manipulation.
177,Prefix Circular Sum,LeetCode,Easy,"Array, Prefix Sum",https://leetcode.com/problems/prefix-circular-sum,Compute prefix sums to answer range queries efficiently.
178,Matrix Diagonal Diagonal,HackerRank,Easy,"Array, Matrix, Math",https://www.hackerrank.com/challenges/matrix-diagonal-diagonal,Compute the diagonal sum of a square matrix.
179,Linked List Sparse Cycle,CodeChef,Easy,"Linked List, Two Pointers",https://www.codechef.com/problems/linked-list-sparse-cycle,Use Floyd's tortoise-and-hare algorithm to detect cycles.
180,Queue Dense Operations,Codeforces,Easy,"Queue, Design",https://codeforces.com/problemset/problem/640/A,Implement a queue with additional operation support.
181,Binary Sum,LeetCode,Easy,"Array, Hash Table",https://leetcode.com/problems/binary-sum,Find elements in an array that sum to a given target using a hash table.
182,Count Ternary in Array,HackerRank,Easy,"Array, Math",https://www.hackerrank.com/challenges/count-ternary-in-array,Count occurrences of a specific pattern in an integer array.
183,Reverse Linear,CodeChef,Easy,"Array, Two Pointers",https://www.codechef.com/problems/reverse-linear,Reverse elements using the two-pointer technique.
184,Minimum Logarithmic Difference,Codeforces,Easy,"Array, Sorting",https://codeforces.com/problemset/problem/652/E,Find minimum absolute difference between array elements.
185,Valid Optimal Sequence,LeetCode,Easy,"Stack, String",https://leetcode.com/problems/valid-optimal-sequence,Validate a sequence of bracket or character operations.
186,Binary Extended Check,HackerRank,Easy,"Bit Manipulation, Math",https://www.hackerrank.com/challenges/binary-extended-check,Determine a numeric property using bit manipulation.
187,Prefix Variant Sum,CodeChef,Easy,"Array, Prefix Sum",https://www.codechef.com/problems/prefix-variant-sum,Compute prefix sums to answer range queries efficiently.
188,Matrix Advanced Diagonal,Codeforces,Easy,"Array, Matrix, Math",https://codeforces.com/problemset/problem/664/C,Compute the diagonal sum of a square matrix.
189,Linked List Modified Cycle,LeetCode,Easy,"Linked List, Two Pointers",https://leetcode.com/problems/linked-list-modified-cycle,Use Floyd's tortoise-and-hare algorithm to detect cycles.
190,Queue Classic Operations,HackerRank,Easy,"Queue, Design",https://www.hackerrank.com/challenges/queue-classic-operations,Implement a queue with additional operation support.
191,Two-Pass Sum,CodeChef,Easy,"Array, Hash Table",https://www.codechef.com/problems/two-pass-sum,Find elements in an array that sum to a given target using a hash table.
192,Count Multi-Step in Array,Codeforces,Easy,"Array, Math",https://codeforces.com/problemset/problem/676/A,Count occurrences of a specific pattern in an integer array.
193,Reverse Recursive,LeetCode,Easy,"Array, Two Pointers",https://leetcode.com/problems/reverse-recursive,Reverse elements using the two-pointer technique.
194,Minimum Iterative Difference,HackerRank,Easy,"Array, Sorting",https://www.hackerrank.com/challenges/minimum-iterative-difference,Find minimum absolute difference between array elements.
195,Valid Efficient Sequence,CodeChef,Easy,"Stack, String",https://www.codechef.com/problems/valid-efficient-sequence,Validate a sequence of bracket or character operations.
196,Binary Minimal Check,Codeforces,Easy,"Bit Manipulation, Math",https://codeforces.com/problemset/problem/688/E,Determine a numeric property using bit manipulation.
197,Prefix Maximum Sum,LeetCode,Easy,"Array, Prefix Sum",https://leetcode.com/problems/prefix-maximum-sum,Compute prefix sums to answer range queries efficiently.
198,Matrix Minimum Diagonal,HackerRank,Easy,"Array, Matrix, Math",https://www.hackerrank.com/challenges/matrix-minimum-diagonal,Compute the diagonal sum of a square matrix.
199,Linked List Balanced Cycle,CodeChef,Easy,"Linked List, Two Pointers",https://www.codechef.com/problems/linked-list-balanced-cycle,Use Floyd's tortoise-and-hare algorithm to detect cycles.
200,Queue Sorted Operations,Codeforces,Easy,"Queue, Design",https://codeforces.com/problemset/problem/700/C,Implement a queue with additional operation support.
201,Compressed Sum,LeetCode,Easy,"Array, Hash Table",https://leetcode.com/problems/compressed-sum,Find elements in an array that sum to a given target using a hash table.
202,Count Weighted in Array,HackerRank,Easy,"Array, Math",https://www.hackerrank.com/challenges/count-weighted-in-array,Count occurrences of a specific pattern in an integer array.
203,Reverse Directed,CodeChef,Easy,"Array, Two Pointers",https://www.codechef.com/problems/reverse-directed,Reverse elements using the two-pointer technique.
204,Minimum Undirected Difference,Codeforces,Easy,"Array, Sorting",https://codeforces.com/problemset/problem/712/A,Find minimum absolute difference between array elements.
205,Valid Circular Sequence,LeetCode,Easy,"Stack, String",https://leetcode.com/problems/valid-circular-sequence,Validate a sequence of bracket or character operations.
206,Binary Diagonal Check,HackerRank,Easy,"Bit Manipulation, Math",https://www.hackerrank.com/challenges/binary-diagonal-check,Determine a numeric property using bit manipulation.
207,Prefix Sparse Sum,CodeChef,Easy,"Array, Prefix Sum",https://www.codechef.com/problems/prefix-sparse-sum,Compute prefix sums to answer range queries efficiently.
208,Matrix Dense Diagonal,Codeforces,Easy,"Array, Matrix, Math",https://codeforces.com/problemset/problem/724/E,Compute the diagonal sum of a square matrix.
209,Linked List Binary Cycle,LeetCode,Easy,"Linked List, Two Pointers",https://leetcode.com/problems/linked-list-binary-cycle,Use Floyd's tortoise-and-hare algorithm to detect cycles.
210,Queue Ternary Operations,HackerRank,Easy,"Queue, Design",https://www.hackerrank.com/challenges/queue-ternary-operations,Implement a queue with additional operation support.
211,Linear Sum,CodeChef,Easy,"Array, Hash Table",https://www.codechef.com/problems/linear-sum,Find elements in an array that sum to a given target using a hash table.
212,Count Logarithmic in Array,Codeforces,Easy,"Array, Math",https://codeforces.com/problemset/problem/736/C,Count occurrences of a specific pattern in an integer array.
213,Reverse Optimal,LeetCode,Easy,"Array, Two Pointers",https://leetcode.com/problems/reverse-optimal,Reverse elements using the two-pointer technique.
214,Minimum Extended Difference,HackerRank,Easy,"Array, Sorting",https://www.hackerrank.com/challenges/minimum-extended-difference,Find minimum absolute difference between array elements.
215,Valid Variant Sequence,CodeChef,Easy,"Stack, String",https://www.codechef.com/problems/valid-variant-sequence,Validate a sequence of bracket or character operations.
216,Binary Advanced Check,Codeforces,Easy,"Bit Manipulation, Math",https://codeforces.com/problemset/problem/748/A,Determine a numeric property using bit manipulation.
217,Prefix Modified Sum,LeetCode,Easy,"Array, Prefix Sum",https://leetcode.com/problems/prefix-modified-sum,Compute prefix sums to answer range queries efficiently.
218,Matrix Classic Diagonal,HackerRank,Easy,"Array, Matrix, Math",https://www.hackerrank.com/challenges/matrix-classic-diagonal,Compute the diagonal sum of a square matrix.
219,Linked List Two-Pass Cycle,CodeChef,Easy,"Linked List, Two Pointers",https://www.codechef.com/problems/linked-list-two-pass-cycle,Use Floyd's tortoise-and-hare algorithm to detect cycles.
220,Queue Multi-Step Operations,Codeforces,Easy,"Queue, Design",https://codeforces.com/problemset/problem/760/E,Implement a queue with additional operation support.
221,Recursive Sum,LeetCode,Easy,"Array, Hash Table",https://leetcode.com/problems/recursive-sum,Find elements in an array that sum to a given target using a hash table.
222,Count Iterative in Array,HackerRank,Easy,"Array, Math",https://www.hackerrank.com/challenges/count-iterative-in-array,Count occurrences of a specific pattern in an integer array.
223,Reverse Efficient,CodeChef,Easy,"Array, Two Pointers",https://www.codechef.com/problems/reverse-efficient,Reverse elements using the two-pointer technique.
224,Minimum Minimal Difference,Codeforces,Easy,"Array, Sorting",https://codeforces.com/problemset/problem/772/C,Find minimum absolute difference between array elements.
225,Valid Maximum Sequence,LeetCode,Easy,"Stack, String",https://leetcode.com/problems/valid-maximum-sequence,Validate a sequence of bracket or character operations.
226,Binary Minimum Check,HackerRank,Easy,"Bit Manipulation, Math",https://www.hackerrank.com/challenges/binary-minimum-check,Determine a numeric property using bit manipulation.
227,Prefix Balanced Sum,CodeChef,Easy,"Array, Prefix Sum",https://www.codechef.com/problems/prefix-balanced-sum,Compute prefix sums to answer range queries efficiently.
228,Matrix Sorted Diagonal,Codeforces,Easy,"Array, Matrix, Math",https://codeforces.com/problemset/problem/784/A,Compute the diagonal sum of a square matrix.
229,Linked List Compressed Cycle,LeetCode,Easy,"Linked List, Two Pointers",https://leetcode.com/problems/linked-list-compressed-cycle,Use Floyd's tortoise-and-hare algorithm to detect cycles.
230,Queue Weighted Operations,HackerRank,Easy,"Queue, Design",https://www.hackerrank.com/challenges/queue-weighted-operations,Implement a queue with additional operation support.
231,Directed Sum,CodeChef,Easy,"Array, Hash Table",https://www.codechef.com/problems/directed-sum,Find elements in an array that sum to a given target using a hash table.
232,Count Undirected in Array,Codeforces,Easy,"Array, Math",https://codeforces.com/problemset/problem/796/E,Count occurrences of a specific pattern in an integer array.
233,Reverse Circular,LeetCode,Easy,"Array, Two Pointers",https://leetcode.com/problems/reverse-circular,Reverse elements using the two-pointer technique.
234,Minimum Diagonal Difference,HackerRank,Easy,"Array, Sorting",https://www.hackerrank.com/challenges/minimum-diagonal-difference,Find minimum absolute difference between array elements.
235,Valid Sparse Sequence,CodeChef,Easy,"Stack, String",https://www.codechef.com/problems/valid-sparse-sequence,Validate a sequence of bracket or character operations.
236,Binary Dense Check,Codeforces,Easy,"Bit Manipulation, Math",https://codeforces.com/problemset/problem/808/C,Determine a numeric property using bit manipulation.
237,Prefix Binary Sum,LeetCode,Easy,"Array, Prefix Sum",https://leetcode.com/problems/prefix-binary-sum,Compute prefix sums to answer range queries efficiently.
238,Matrix Ternary Diagonal,HackerRank,Easy,"Array, Matrix, Math",https://www.hackerrank.com/challenges/matrix-ternary-diagonal,Compute the diagonal sum of a square matrix.
239,Linked List Linear Cycle,CodeChef,Easy,"Linked List, Two Pointers",https://www.codechef.com/problems/linked-list-linear-cycle,Use Floyd's tortoise-and-hare algorithm to detect cycles.
240,Queue Logarithmic Operations,Codeforces,Easy,"Queue, Design",https://codeforces.com/problemset/problem/820/A,Implement a queue with additional operation support.
241,Optimal Sum,LeetCode,Easy,"Array, Hash Table",https://leetcode.com/problems/optimal-sum,Find elements in an array that sum to a given target using a hash table.
242,Count Extended in Array,HackerRank,Easy,"Array, Math",https://www.hackerrank.com/challenges/count-extended-in-array,Count occurrences of a specific pattern in an integer array.
243,Reverse Variant,CodeChef,Easy,"Array, Two Pointers",https://www.codechef.com/problems/reverse-variant,Reverse elements using the two-pointer technique.
244,Minimum Advanced Difference,Codeforces,Easy,"Array, Sorting",https://codeforces.com/problemset/problem/832/E,Find minimum absolute difference between array elements.
245,Valid Modified Sequence,LeetCode,Easy,"Stack, String",https://leetcode.com/problems/valid-modified-sequence,Validate a sequence of bracket or character operations.
246,Binary Classic Check,HackerRank,Easy,"Bit Manipulation, Math",https://www.hackerrank.com/challenges/binary-classic-check,Determine a numeric property using bit manipulation.
247,Prefix Two-Pass Sum,CodeChef,Easy,"Array, Prefix Sum",https://www.codechef.com/problems/prefix-two-pass-sum,Compute prefix sums to answer range queries efficiently.
248,Matrix Multi-Step Diagonal,Codeforces,Easy,"Array, Matrix, Math",https://codeforces.com/problemset/problem/844/C,Compute the diagonal sum of a square matrix.
249,Linked List Recursive Cycle,LeetCode,Easy,"Linked List, Two Pointers",https://leetcode.com/problems/linked-list-recursive-cycle,Use Floyd's tortoise-and-hare algorithm to detect cycles.
250,Queue Iterative Operations,HackerRank,Easy,"Queue, Design",https://www.hackerrank.com/challenges/queue-iterative-operations,Implement a queue with additional operation support.
251,Efficient Sum,CodeChef,Easy,"Array, Hash Table",https://www.codechef.com/problems/efficient-sum,Find elements in an array that sum to a given target using a hash table.
252,Count Minimal in Array,Codeforces,Easy,"Array, Math",https://codeforces.com/problemset/problem/856/A,Count occurrences of a specific pattern in an integer array.
253,Reverse Maximum,LeetCode,Easy,"Array, Two Pointers",https://leetcode.com/problems/reverse-maximum,Reverse elements using the two-pointer technique.
254,Minimum Minimum Difference,HackerRank,Easy,"Array, Sorting",https://www.hackerrank.com/challenges/minimum-minimum-difference,Find minimum absolute difference between array elements.
255,Valid Balanced Sequence,CodeChef,Easy,"Stack, String",https://www.codechef.com/problems/valid-balanced-sequence,Validate a sequence of bracket or character operations.
256,Binary Sorted Check,Codeforces,Easy,"Bit Manipulation, Math",https://codeforces.com/problemset/problem/868/E,Determine a numeric property using bit manipulation.
257,Prefix Compressed Sum,LeetCode,Easy,"Array, Prefix Sum",https://leetcode.com/problems/prefix-compressed-sum,Compute prefix sums to answer range queries efficiently.
258,Matrix Weighted Diagonal,HackerRank,Easy,"Array, Matrix, Math",https://www.hackerrank.com/challenges/matrix-weighted-diagonal,Compute the diagonal sum of a square matrix.
259,Linked List Directed Cycle,CodeChef,Easy,"Linked List, Two Pointers",https://www.codechef.com/problems/linked-list-directed-cycle,Use Floyd's tortoise-and-hare algorithm to detect cycles.
260,Queue Undirected Operations,Codeforces,Easy,"Queue, Design",https://codeforces.com/problemset/problem/880/C,Implement a queue with additional operation support.
261,Circular Sum,LeetCode,Easy,"Array, Hash Table",https://leetcode.com/problems/circular-sum,Find elements in an array that sum to a given target using a hash table.
262,Count Diagonal in Array,HackerRank,Easy,"Array, Math",https://www.hackerrank.com/challenges/count-diagonal-in-array,Count occurrences of a specific pattern in an integer array.
263,Reverse Sparse,CodeChef,Easy,"Array, Two Pointers",https://www.codechef.com/problems/reverse-sparse,Reverse elements using the two-pointer technique.
264,Minimum Dense Difference,Codeforces,Easy,"Array, Sorting",https://codeforces.com/problemset/problem/892/A,Find minimum absolute difference between array elements.
265,Valid Binary Sequence,LeetCode,Easy,"Stack, String",https://leetcode.com/problems/valid-binary-sequence,Validate a sequence of bracket or character operations.
266,Binary Ternary Check,HackerRank,Easy,"Bit Manipulation, Math",https://www.hackerrank.com/challenges/binary-ternary-check,Determine a numeric property using bit manipulation.
267,Prefix Linear Sum,CodeChef,Easy,"Array, Prefix Sum",https://www.codechef.com/problems/prefix-linear-sum,Compute prefix sums to answer range queries efficiently.
268,Matrix Logarithmic Diagonal,Codeforces,Easy,"Array, Matrix, Math",https://codeforces.com/problemset/problem/904/E,Compute the diagonal sum of a square matrix.
269,Linked List Optimal Cycle,LeetCode,Easy,"Linked List, Two Pointers",https://leetcode.com/problems/linked-list-optimal-cycle,Use Floyd's tortoise-and-hare algorithm to detect cycles.
270,Queue Extended Operations,HackerRank,Easy,"Queue, Design",https://www.hackerrank.com/challenges/queue-extended-operations,Implement a queue with additional operation support.
271,Variant Sum,CodeChef,Easy,"Array, Hash Table",https://www.codechef.com/problems/variant-sum,Find elements in an array that sum to a given target using a hash table.
272,Count Advanced in Array,Codeforces,Easy,"Array, Math",https://codeforces.com/problemset/problem/916/C,Count occurrences of a specific pattern in an integer array.
273,Reverse Modified,LeetCode,Easy,"Array, Two Pointers",https://leetcode.com/problems/reverse-modified,Reverse elements using the two-pointer technique.
274,Minimum Classic Difference,HackerRank,Easy,"Array, Sorting",https://www.hackerrank.com/challenges/minimum-classic-difference,Find minimum absolute difference between array elements.
275,Valid Two-Pass Sequence,CodeChef,Easy,"Stack, String",https://www.codechef.com/problems/valid-two-pass-sequence,Validate a sequence of bracket or character operations.
276,Binary Multi-Step Check,Codeforces,Easy,"Bit Manipulation, Math",https://codeforces.com/problemset/problem/928/A,Determine a numeric property using bit manipulation.
277,Prefix Recursive Sum,LeetCode,Easy,"Array, Prefix Sum",https://leetcode.com/problems/prefix-recursive-sum,Compute prefix sums to answer range queries efficiently.
278,Matrix Iterative Diagonal,HackerRank,Easy,"Array, Matrix, Math",https://www.hackerrank.com/challenges/matrix-iterative-diagonal,Compute the diagonal sum of a square matrix.
279,Linked List Efficient Cycle,CodeChef,Easy,"Linked List, Two Pointers",https://www.codechef.com/problems/linked-list-efficient-cycle,Use Floyd's tortoise-and-hare algorithm to detect cycles.
280,Queue Minimal Operations,Codeforces,Easy,"Queue, Design",https://codeforces.com/problemset/problem/940/E,Implement a queue with additional operation support.
281,Maximum Sum,LeetCode,Easy,"Array, Hash Table",https://leetcode.com/problems/maximum-sum,Find elements in an array that sum to a given target using a hash table.
282,Count Minimum in Array,HackerRank,Easy,"Array, Math",https://www.hackerrank.com/challenges/count-minimum-in-array,Count occurrences of a specific pattern in an integer array.
283,Reverse Balanced,CodeChef,Easy,"Array, Two Pointers",https://www.codechef.com/problems/reverse-balanced,Reverse elements using the two-pointer technique.
284,Minimum Sorted Difference,Codeforces,Easy,"Array, Sorting",https://codeforces.com/problemset/problem/952/C,Find minimum absolute difference between array elements.
285,Valid Compressed Sequence,LeetCode,Easy,"Stack, String",https://leetcode.com/problems/valid-compressed-sequence,Validate a sequence of bracket or character operations.
286,Binary Weighted Check,HackerRank,Easy,"Bit Manipulation, Math",https://www.hackerrank.com/challenges/binary-weighted-check,Determine a numeric property using bit manipulation.
287,Prefix Directed Sum,CodeChef,Easy,"Array, Prefix Sum",https://www.codechef.com/problems/prefix-directed-sum,Compute prefix sums to answer range queries efficiently.
288,Matrix Undirected Diagonal,Codeforces,Easy,"Array, Matrix, Math",https://codeforces.com/problemset/problem/964/A,Compute the diagonal sum of a square matrix.
289,Linked List Circular Cycle,LeetCode,Easy,"Linked List, Two Pointers",https://leetcode.com/problems/linked-list-circular-cycle,Use Floyd's tortoise-and-hare algorithm to detect cycles.
290,Queue Diagonal Operations,HackerRank,Easy,"Queue, Design",https://www.hackerrank.com/challenges/queue-diagonal-operations,Implement a queue with additional operation support.
291,Sparse Sum,CodeChef,Easy,"Array, Hash Table",https://www.codechef.com/problems/sparse-sum,Find elements in an array that sum to a given target using a hash table.
292,Count Dense in Array,Codeforces,Easy,"Array, Math",https://codeforces.com/problemset/problem/976/E,Count occurrences of a specific pattern in an integer array.
293,Reverse Binary,LeetCode,Easy,"Array, Two Pointers",https://leetcode.com/problems/reverse-binary,Reverse elements using the two-pointer technique.
294,Minimum Ternary Difference,HackerRank,Easy,"Array, Sorting",https://www.hackerrank.com/challenges/minimum-ternary-difference,Find minimum absolute difference between array elements.
295,Valid Linear Sequence,CodeChef,Easy,"Stack, String",https://www.codechef.com/problems/valid-linear-sequence,Validate a sequence of bracket or character operations.
296,Binary Logarithmic Check,Codeforces,Easy,"Bit Manipulation, Math",https://codeforces.com/problemset/problem/988/C,Determine a numeric property using bit manipulation.
297,Prefix Optimal Sum,LeetCode,Easy,"Array, Prefix Sum",https://leetcode.com/problems/prefix-optimal-sum,Compute prefix sums to answer range queries efficiently.
298,Matrix Extended Diagonal,HackerRank,Easy,"Array, Matrix, Math",https://www.hackerrank.com/challenges/matrix-extended-diagonal,Compute the diagonal sum of a square matrix.
299,Linked List Variant Cycle,CodeChef,Easy,"Linked List, Two Pointers",https://www.codechef.com/problems/linked-list-variant-cycle,Use Floyd's tortoise-and-hare algorithm to detect cycles.
300,Queue Advanced Operations,Codeforces,Easy,"Queue, Design",https://codeforces.com/problemset/problem/1000/A,Implement a queue with additional operation support.
301,Modified Sum,LeetCode,Easy,"Array, Hash Table",https://leetcode.com/problems/modified-sum,Find elements in an array that sum to a given target using a hash table.
302,Count Classic in Array,HackerRank,Easy,"Array, Math",https://www.hackerrank.com/challenges/count-classic-in-array,Count occurrences of a specific pattern in an integer array.
303,Reverse Two-Pass,CodeChef,Easy,"Array, Two Pointers",https://www.codechef.com/problems/reverse-two-pass,Reverse elements using the two-pointer technique.
304,Minimum Multi-Step Difference,Codeforces,Easy,"Array, Sorting",https://codeforces.com/problemset/problem/1012/E,Find minimum absolute difference between array elements.
305,Valid Recursive Sequence,LeetCode,Easy,"Stack, String",https://leetcode.com/problems/valid-recursive-sequence,Validate a sequence of bracket or character operations.
306,Binary Iterative Check,HackerRank,Easy,"Bit Manipulation, Math",https://www.hackerrank.com/challenges/binary-iterative-check,Determine a numeric property using bit manipulation.
307,Prefix Efficient Sum,CodeChef,Easy,"Array, Prefix Sum",https://www.codechef.com/problems/prefix-efficient-sum,Compute prefix sums to answer range queries efficiently.
308,Matrix Minimal Diagonal,Codeforces,Easy,"Array, Matrix, Math",https://codeforces.com/problemset/problem/1024/C,Compute the diagonal sum of a square matrix.
309,Linked List Maximum Cycle,LeetCode,Easy,"Linked List, Two Pointers",https://leetcode.com/problems/linked-list-maximum-cycle,Use Floyd's tortoise-and-hare algorithm to detect cycles.
310,Queue Minimum Operations,HackerRank,Easy,"Queue, Design",https://www.hackerrank.com/challenges/queue-minimum-operations,Implement a queue with additional operation support.
311,Balanced Sum,CodeChef,Easy,"Array, Hash Table",https://www.codechef.com/problems/balanced-sum,Find elements in an array that sum to a given target using a hash table.
312,Count Sorted in Array,Codeforces,Easy,"Array, Math",https://codeforces.com/problemset/problem/1036/A,Count occurrences of a specific pattern in an integer array.
313,Reverse Compressed,LeetCode,Easy,"Array, Two Pointers",https://leetcode.com/problems/reverse-compressed,Reverse elements using the two-pointer technique.
314,Minimum Weighted Difference,HackerRank,Easy,"Array, Sorting",https://www.hackerrank.com/challenges/minimum-weighted-difference,Find minimum absolute difference between array elements.
315,Valid Directed Sequence,CodeChef,Easy,"Stack, String",https://www.codechef.com/problems/valid-directed-sequence,Validate a sequence of bracket or character operations.
316,Binary Undirected Check,Codeforces,Easy,"Bit Manipulation, Math",https://codeforces.com/problemset/problem/1048/E,Determine a numeric property using bit manipulation.
317,Prefix Circular Sum,LeetCode,Easy,"Array, Prefix Sum",https://leetcode.com/problems/prefix-circular-sum,Compute prefix sums to answer range queries efficiently.
318,Matrix Diagonal Diagonal,HackerRank,Easy,"Array, Matrix, Math",https://www.hackerrank.com/challenges/matrix-diagonal-diagonal,Compute the diagonal sum of a square matrix.
319,Linked List Sparse Cycle,CodeChef,Easy,"Linked List, Two Pointers",https://www.codechef.com/problems/linked-list-sparse-cycle,Use Floyd's tortoise-and-hare algorithm to detect cycles.
320,Queue Dense Operations,Codeforces,Easy,"Queue, Design",https://codeforces.com/problemset/problem/1060/C,Implement a queue with additional operation support.
321,Binary Sum,LeetCode,Easy,"Array, Hash Table",https://leetcode.com/problems/binary-sum,Find elements in an array that sum to a given target using a hash table.
322,Count Ternary in Array,HackerRank,Easy,"Array, Math",https://www.hackerrank.com/challenges/count-ternary-in-array,Count occurrences of a specific pattern in an integer array.
323,Reverse Linear,CodeChef,Easy,"Array, Two Pointers",https://www.codechef.com/problems/reverse-linear,Reverse elements using the two-pointer technique.
324,Minimum Logarithmic Difference,Codeforces,Easy,"Array, Sorting",https://codeforces.com/problemset/problem/1072/A,Find minimum absolute difference between array elements.
325,Valid Optimal Sequence,LeetCode,Easy,"Stack, String",https://leetcode.com/problems/valid-optimal-sequence,Validate a sequence of bracket or character operations.
326,Binary Extended Check,HackerRank,Easy,"Bit Manipulation, Math",https://www.hackerrank.com/challenges/binary-extended-check,Determine a numeric property using bit manipulation.
327,Prefix Variant Sum,CodeChef,Easy,"Array, Prefix Sum",https://www.codechef.com/problems/prefix-variant-sum,Compute prefix sums to answer range queries efficiently.
328,Matrix Advanced Diagonal,Codeforces,Easy,"Array, Matrix, Math",https://codeforces.com/problemset/problem/1084/E,Compute the diagonal sum of a square matrix.
329,Linked List Modified Cycle,LeetCode,Easy,"Linked List, Two Pointers",https://leetcode.com/problems/linked-list-modified-cycle,Use Floyd's tortoise-and-hare algorithm to detect cycles.
330,Queue Classic Operations,HackerRank,Easy,"Queue, Design",https://www.hackerrank.com/challenges/queue-classic-operations,Implement a queue with additional operation support.
331,Two-Pass Sum,CodeChef,Easy,"Array, Hash Table",https://www.codechef.com/problems/two-pass-sum,Find elements in an array that sum to a given target using a hash table.
332,Count Multi-Step in Array,Codeforces,Easy,"Array, Math",https://codeforces.com/problemset/problem/1096/C,Count occurrences of a specific pattern in an integer array.
333,Reverse Recursive,LeetCode,Easy,"Array, Two Pointers",https://leetcode.com/problems/reverse-recursive,Reverse elements using the two-pointer technique.
334,Minimum Iterative Difference,HackerRank,Easy,"Array, Sorting",https://www.hackerrank.com/challenges/minimum-iterative-difference,Find minimum absolute difference between array elements.
335,Valid Efficient Sequence,CodeChef,Easy,"Stack, String",https://www.codechef.com/problems/valid-efficient-sequence,Validate a sequence of bracket or character operations.
336,Binary Minimal Check,Codeforces,Easy,"Bit Manipulation, Math",https://codeforces.com/problemset/problem/1108/A,Determine a numeric property using bit manipulation.
337,Prefix Maximum Sum,LeetCode,Easy,"Array, Prefix Sum",https://leetcode.com/problems/prefix-maximum-sum,Compute prefix sums to answer range queries efficiently.
338,Matrix Minimum Diagonal,HackerRank,Easy,"Array, Matrix, Math",https://www.hackerrank.com/challenges/matrix-minimum-diagonal,Compute the diagonal sum of a square matrix.
339,Linked List Balanced Cycle,CodeChef,Easy,"Linked List, Two Pointers",https://www.codechef.com/problems/linked-list-balanced-cycle,Use Floyd's tortoise-and-hare algorithm to detect cycles.
340,Queue Sorted Operations,Codeforces,Easy,"Queue, Design",https://codeforces.com/problemset/problem/1120/E,Implement a queue with additional operation support.
341,Compressed Sum,LeetCode,Easy,"Array, Hash Table",https://leetcode.com/problems/compressed-sum,Find elements in an array that sum to a given target using a hash table.
342,Count Weighted in Array,HackerRank,Easy,"Array, Math",https://www.hackerrank.com/challenges/count-weighted-in-array,Count occurrences of a specific pattern in an integer array.
343,Reverse Directed,CodeChef,Easy,"Array, Two Pointers",https://www.codechef.com/problems/reverse-directed,Reverse elements using the two-pointer technique.
344,Minimum Undirected Difference,Codeforces,Easy,"Array, Sorting",https://codeforces.com/problemset/problem/1132/C,Find minimum absolute difference between array elements.
345,Valid Circular Sequence,LeetCode,Easy,"Stack, String",https://leetcode.com/problems/valid-circular-sequence,Validate a sequence of bracket or character operations.
346,Binary Diagonal Check,HackerRank,Easy,"Bit Manipulation, Math",https://www.hackerrank.com/challenges/binary-diagonal-check,Determine a numeric property using bit manipulation.
347,Prefix Sparse Sum,CodeChef,Easy,"Array, Prefix Sum",https://www.codechef.com/problems/prefix-sparse-sum,Compute prefix sums to answer range queries efficiently.
348,Matrix Dense Diagonal,Codeforces,Easy,"Array, Matrix, Math",https://codeforces.com/problemset/problem/1144/A,Compute the diagonal sum of a square matrix.
349,Linked List Binary Cycle,LeetCode,Easy,"Linked List, Two Pointers",https://leetcode.com/problems/linked-list-binary-cycle,Use Floyd's tortoise-and-hare algorithm to detect cycles.
350,Queue Ternary Operations,HackerRank,Easy,"Queue, Design",https://www.hackerrank.com/challenges/queue-ternary-operations,Implement a queue with additional operation support.
351,Linear Sum,CodeChef,Easy,"Array, Hash Table",https://www.codechef.com/problems/linear-sum,Find elements in an array that sum to a given target using a hash table.
352,Count Logarithmic in Array,Codeforces,Easy,"Array, Math",https://codeforces.com/problemset/problem/1156/E,Count occurrences of a specific pattern in an integer array.
353,Reverse Optimal,LeetCode,Easy,"Array, Two Pointers",https://leetcode.com/problems/reverse-optimal,Reverse elements using the two-pointer technique.
354,Minimum Extended Difference,HackerRank,Easy,"Array, Sorting",https://www.hackerrank.com/challenges/minimum-extended-difference,Find minimum absolute difference between array elements.
355,Valid Variant Sequence,CodeChef,Easy,"Stack, String",https://www.codechef.com/problems/valid-variant-sequence,Validate a sequence of bracket or character operations.
356,Binary Advanced Check,Codeforces,Easy,"Bit Manipulation, Math",https://codeforces.com/problemset/problem/1168/C,Determine a numeric property using bit manipulation.
357,Prefix Modified Sum,LeetCode,Easy,"Array, Prefix Sum",https://leetcode.com/problems/prefix-modified-sum,Compute prefix sums to answer range queries efficiently.
358,Matrix Classic Diagonal,HackerRank,Easy,"Array, Matrix, Math",https://www.hackerrank.com/challenges/matrix-classic-diagonal,Compute the diagonal sum of a square matrix.
359,Linked List Two-Pass Cycle,CodeChef,Easy,"Linked List, Two Pointers",https://www.codechef.com/problems/linked-list-two-pass-cycle,Use Floyd's tortoise-and-hare algorithm to detect cycles.
360,Queue Multi-Step Operations,Codeforces,Easy,"Queue, Design",https://codeforces.com/problemset/problem/1180/A,Implement a queue with additional operation support.
361,Recursive Sum,LeetCode,Easy,"Array, Hash Table",https://leetcode.com/problems/recursive-sum,Find elements in an array that sum to a given target using a hash table.
362,Count Iterative in Array,HackerRank,Easy,"Array, Math",https://www.hackerrank.com/challenges/count-iterative-in-array,Count occurrences of a specific pattern in an integer array.
363,Reverse Efficient,CodeChef,Easy,"Array, Two Pointers",https://www.codechef.com/problems/reverse-efficient,Reverse elements using the two-pointer technique.
364,Minimum Minimal Difference,Codeforces,Easy,"Array, Sorting",https://codeforces.com/problemset/problem/1192/E,Find minimum absolute difference between array elements.
365,Valid Maximum Sequence,LeetCode,Easy,"Stack, String",https://leetcode.com/problems/valid-maximum-sequence,Validate a sequence of bracket or character operations.
366,Binary Minimum Check,HackerRank,Easy,"Bit Manipulation, Math",https://www.hackerrank.com/challenges/binary-minimum-check,Determine a numeric property using bit manipulation.
367,Prefix Balanced Sum,CodeChef,Easy,"Array, Prefix Sum",https://www.codechef.com/problems/prefix-balanced-sum,Compute prefix sums to answer range queries efficiently.
368,Matrix Sorted Diagonal,Codeforces,Easy,"Array, Matrix, Math",https://codeforces.com/problemset/problem/1204/C,Compute the diagonal sum of a square matrix.
369,Linked List Compressed Cycle,LeetCode,Easy,"Linked List, Two Pointers",https://leetcode.com/problems/linked-list-compressed-cycle,Use Floyd's tortoise-and-hare algorithm to detect cycles.
370,Queue Weighted Operations,HackerRank,Easy,"Queue, Design",https://www.hackerrank.com/challenges/queue-weighted-operations,Implement a queue with additional operation support.
371,Directed Sum,CodeChef,Easy,"Array, Hash Table",https://www.codechef.com/problems/directed-sum,Find elements in an array that sum to a given target using a hash table.
372,Count Undirected in Array,Codeforces,Easy,"Array, Math",https://codeforces.com/problemset/problem/1216/A,Count occurrences of a specific pattern in an integer array.
373,Reverse Circular,LeetCode,Easy,"Array, Two Pointers",https://leetcode.com/problems/reverse-circular,Reverse elements using the two-pointer technique.
374,Minimum Diagonal Difference,HackerRank,Easy,"Array, Sorting",https://www.hackerrank.com/challenges/minimum-diagonal-difference,Find minimum absolute difference between array elements.
375,Valid Sparse Sequence,CodeChef,Easy,"Stack, String",https://www.codechef.com/problems/valid-sparse-sequence,Validate a sequence of bracket or character operations.
376,Binary Dense Check,Codeforces,Easy,"Bit Manipulation, Math",https://codeforces.com/problemset/problem/1228/E,Determine a numeric property using bit manipulation.
377,Prefix Binary Sum,LeetCode,Easy,"Array, Prefix Sum",https://leetcode.com/problems/prefix-binary-sum,Compute prefix sums to answer range queries efficiently.
378,Matrix Ternary Diagonal,HackerRank,Easy,"Array, Matrix, Math",https://www.hackerrank.com/challenges/matrix-ternary-diagonal,Compute the diagonal sum of a square matrix.
379,Linked List Linear Cycle,CodeChef,Easy,"Linked List, Two Pointers",https://www.codechef.com/problems/linked-list-linear-cycle,Use Floyd's tortoise-and-hare algorithm to detect cycles.
380,Queue Logarithmic Operations,Codeforces,Easy,"Queue, Design",https://codeforces.com/problemset/problem/1240/C,Implement a queue with additional operation support.
381,Optimal Sum,LeetCode,Easy,"Array, Hash Table",https://leetcode.com/problems/optimal-sum,Find elements in an array that sum to a given target using a hash table.
382,Count Extended in Array,HackerRank,Easy,"Array, Math",https://www.hackerrank.com/challenges/count-extended-in-array,Count occurrences of a specific pattern in an integer array.
383,Reverse Variant,CodeChef,Easy,"Array, Two Pointers",https://www.codechef.com/problems/reverse-variant,Reverse elements using the two-pointer technique.
384,Minimum Advanced Difference,Codeforces,Easy,"Array, Sorting",https://codeforces.com/problemset/problem/1252/A,Find minimum absolute difference between array elements.
385,Valid Modified Sequence,LeetCode,Easy,"Stack, String",https://leetcode.com/problems/valid-modified-sequence,Validate a sequence of bracket or character operations.
386,Binary Classic Check,HackerRank,Easy,"Bit Manipulation, Math",https://www.hackerrank.com/challenges/binary-classic-check,Determine a numeric property using bit manipulation.
387,Prefix Two-Pass Sum,CodeChef,Easy,"Array, Prefix Sum",https://www.codechef.com/problems/prefix-two-pass-sum,Compute prefix sums to answer range queries efficiently.
388,Matrix Multi-Step Diagonal,Codeforces,Easy,"Array, Matrix, Math",https://codeforces.com/problemset/problem/1264/E,Compute the diagonal sum of a square matrix.
389,Linked List Recursive Cycle,LeetCode,Easy,"Linked List, Two Pointers",https://leetcode.com/problems/linked-list-recursive-cycle,Use Floyd's tortoise-and-hare algorithm to detect cycles.
390,Queue Iterative Operations,HackerRank,Easy,"Queue, Design",https://www.hackerrank.com/challenges/queue-iterative-operations,Implement a queue with additional operation support.
391,Efficient Sum,CodeChef,Easy,"Array, Hash Table",https://www.codechef.com/problems/efficient-sum,Find elements in an array that sum to a given target using a hash table.
392,Count Minimal in Array,Codeforces,Easy,"Array, Math",https://codeforces.com/problemset/problem/1276/C,Count occurrences of a specific pattern in an integer array.
393,Reverse Maximum,LeetCode,Easy,"Array, Two Pointers",https://leetcode.com/problems/reverse-maximum,Reverse elements using the two-pointer technique.
394,Minimum Minimum Difference,HackerRank,Easy,"Array, Sorting",https://www.hackerrank.com/challenges/minimum-minimum-difference,Find minimum absolute difference between array elements.
395,Valid Balanced Sequence,CodeChef,Easy,"Stack, String",https://www.codechef.com/problems/valid-balanced-sequence,Validate a sequence of bracket or character operations.
396,Binary Sorted Check,Codeforces,Easy,"Bit Manipulation, Math",https://codeforces.com/problemset/problem/1288/A,Determine a numeric property using bit manipulation.
397,Prefix Compressed Sum,LeetCode,Easy,"Array, Prefix Sum",https://leetcode.com/problems/prefix-compressed-sum,Compute prefix sums to answer range queries efficiently.
398,Matrix Weighted Diagonal,HackerRank,Easy,"Array, Matrix, Math",https://www.hackerrank.com/challenges/matrix-weighted-diagonal,Compute the diagonal sum of a square matrix.
399,Linked List Directed Cycle,CodeChef,Easy,"Linked List, Two Pointers",https://www.codechef.com/problems/linked-list-directed-cycle,Use Floyd's tortoise-and-hare algorithm to detect cycles.
400,Queue Undirected Operations,Codeforces,Easy,"Queue, Design",https://codeforces.com/problemset/problem/1300/E,Implement a queue with additional operation support.
401,Circular Sum,LeetCode,Easy,"Array, Hash Table",https://leetcode.com/problems/circular-sum,Find elements in an array that sum to a given target using a hash table.
402,Count Diagonal in Array,HackerRank,Easy,"Array, Math",https://www.hackerrank.com/challenges/count-diagonal-in-array,Count occurrences of a specific pattern in an integer array.
403,Reverse Sparse,CodeChef,Easy,"Array, Two Pointers",https://www.codechef.com/problems/reverse-sparse,Reverse elements using the two-pointer technique.
404,Minimum Dense Difference,Codeforces,Easy,"Array, Sorting",https://codeforces.com/problemset/problem/1312/C,Find minimum absolute difference between array elements.
405,Valid Binary Sequence,LeetCode,Easy,"Stack, String",https://leetcode.com/problems/valid-binary-sequence,Validate a sequence of bracket or character operations.
406,Binary Ternary Check,HackerRank,Easy,"Bit Manipulation, Math",https://www.hackerrank.com/challenges/binary-ternary-check,Determine a numeric property using bit manipulation.
407,Prefix Linear Sum,CodeChef,Easy,"Array, Prefix Sum",https://www.codechef.com/problems/prefix-linear-sum,Compute prefix sums to answer range queries efficiently.
408,Matrix Logarithmic Diagonal,Codeforces,Easy,"Array, Matrix, Math",https://codeforces.com/problemset/problem/1324/A,Compute the diagonal sum of a square matrix.
409,Linked List Optimal Cycle,LeetCode,Easy,"Linked List, Two Pointers",https://leetcode.com/problems/linked-list-optimal-cycle,Use Floyd's tortoise-and-hare algorithm to detect cycles.
410,Queue Extended Operations,HackerRank,Easy,"Queue, Design",https://www.hackerrank.com/challenges/queue-extended-operations,Implement a queue with additional operation support.
411,Variant Sum,CodeChef,Easy,"Array, Hash Table",https://www.codechef.com/problems/variant-sum,Find elements in an array that sum to a given target using a hash table.
412,Count Advanced in Array,Codeforces,Easy,"Array, Math",https://codeforces.com/problemset/problem/1336/E,Count occurrences of a specific pattern in an integer array.
413,Reverse Modified,LeetCode,Easy,"Array, Two Pointers",https://leetcode.com/problems/reverse-modified,Reverse elements using the two-pointer technique.
414,Minimum Classic Difference,HackerRank,Easy,"Array, Sorting",https://www.hackerrank.com/challenges/minimum-classic-difference,Find minimum absolute difference between array elements.
415,Valid Two-Pass Sequence,CodeChef,Easy,"Stack, String",https://www.codechef.com/problems/valid-two-pass-sequence,Validate a sequence of bracket or character operations.
416,Binary Multi-Step Check,Codeforces,Easy,"Bit Manipulation, Math",https://codeforces.com/problemset/problem/1348/C,Determine a numeric property using bit manipulation.
417,Prefix Recursive Sum,LeetCode,Easy,"Array, Prefix Sum",https://leetcode.com/problems/prefix-recursive-sum,Compute prefix sums to answer range queries efficiently.
418,Matrix Iterative Diagonal,HackerRank,Easy,"Array, Matrix, Math",https://www.hackerrank.com/challenges/matrix-iterative-diagonal,Compute the diagonal sum of a square matrix.
419,Linked List Efficient Cycle,CodeChef,Easy,"Linked List, Two Pointers",https://www.codechef.com/problems/linked-list-efficient-cycle,Use Floyd's tortoise-and-hare algorithm to detect cycles.
420,Queue Minimal Operations,Codeforces,Easy,"Queue, Design",https://codeforces.com/problemset/problem/1360/A,Implement a queue with additional operation support.
421,Maximum Sum,LeetCode,Easy,"Array, Hash Table",https://leetcode.com/problems/maximum-sum,Find elements in an array that sum to a given target using a hash table.
422,Count Minimum in Array,HackerRank,Easy,"Array, Math",https://www.hackerrank.com/challenges/count-minimum-in-array,Count occurrences of a specific pattern in an integer array.
423,Reverse Balanced,CodeChef,Easy,"Array, Two Pointers",https://www.codechef.com/problems/reverse-balanced,Reverse elements using the two-pointer technique.
424,Minimum Sorted Difference,Codeforces,Easy,"Array, Sorting",https://codeforces.com/problemset/problem/1372/E,Find minimum absolute difference between array elements.
425,Valid Compressed Sequence,LeetCode,Easy,"Stack, String",https://leetcode.com/problems/valid-compressed-sequence,Validate a sequence of bracket or character operations.
426,Binary Weighted Check,HackerRank,Easy,"Bit Manipulation, Math",https://www.hackerrank.com/challenges/binary-weighted-check,Determine a numeric property using bit manipulation.
427,Prefix Directed Sum,CodeChef,Easy,"Array, Prefix Sum",https://www.codechef.com/problems/prefix-directed-sum,Compute prefix sums to answer range queries efficiently.
428,Matrix Undirected Diagonal,Codeforces,Easy,"Array, Matrix, Math",https://codeforces.com/problemset/problem/1384/C,Compute the diagonal sum of a square matrix.
429,Linked List Circular Cycle,LeetCode,Easy,"Linked List, Two Pointers",https://leetcode.com/problems/linked-list-circular-cycle,Use Floyd's tortoise-and-hare algorithm to detect cycles.
430,Queue Diagonal Operations,HackerRank,Easy,"Queue, Design",https://www.hackerrank.com/challenges/queue-diagonal-operations,Implement a queue with additional operation support.
431,Sparse Sum,CodeChef,Easy,"Array, Hash Table",https://www.codechef.com/problems/sparse-sum,Find elements in an array that sum to a given target using a hash table.
432,Count Dense in Array,Codeforces,Easy,"Array, Math",https://codeforces.com/problemset/problem/1396/A,Count occurrences of a specific pattern in an integer array.
433,Reverse Binary,LeetCode,Easy,"Array, Two Pointers",https://leetcode.com/problems/reverse-binary,Reverse elements using the two-pointer technique.
434,Minimum Ternary Difference,HackerRank,Easy,"Array, Sorting",https://www.hackerrank.com/challenges/minimum-ternary-difference,Find minimum absolute difference between array elements.
435,Valid Linear Sequence,CodeChef,Easy,"Stack, String",https://www.codechef.com/problems/valid-linear-sequence,Validate a sequence of bracket or character operations.
436,Binary Logarithmic Check,Codeforces,Easy,"Bit Manipulation, Math",https://codeforces.com/problemset/problem/1408/E,Determine a numeric property using bit manipulation.
437,Prefix Optimal Sum,LeetCode,Easy,"Array, Prefix Sum",https://leetcode.com/problems/prefix-optimal-sum,Compute prefix sums to answer range queries efficiently.
438,Matrix Extended Diagonal,HackerRank,Easy,"Array, Matrix, Math",https://www.hackerrank.com/challenges/matrix-extended-diagonal,Compute the diagonal sum of a square matrix.
439,Linked List Variant Cycle,CodeChef,Easy,"Linked List, Two Pointers",https://www.codechef.com/problems/linked-list-variant-cycle,Use Floyd's tortoise-and-hare algorithm to detect cycles.
440,Queue Advanced Operations,Codeforces,Easy,"Queue, Design",https://codeforces.com/problemset/problem/1420/C,Implement a queue with additional operation support.
441,Modified Sum,LeetCode,Easy,"Array, Hash Table",https://leetcode.com/problems/modified-sum,Find elements in an array that sum to a given target using a hash table.
442,Count Classic in Array,HackerRank,Easy,"Array, Math",https://www.hackerrank.com/challenges/count-classic-in-array,Count occurrences of a specific pattern in an integer array.
443,Reverse Two-Pass,CodeChef,Easy,"Array, Two Pointers",https://www.codechef.com/problems/reverse-two-pass,Reverse elements using the two-pointer technique.
444,Minimum Multi-Step Difference,Codeforces,Easy,"Array, Sorting",https://codeforces.com/problemset/problem/1432/A,Find minimum absolute difference between array elements.
445,Valid Recursive Sequence,LeetCode,Easy,"Stack, String",https://leetcode.com/problems/valid-recursive-sequence,Validate a sequence of bracket or character operations.
446,Binary Iterative Check,HackerRank,Easy,"Bit Manipulation, Math",https://www.hackerrank.com/challenges/binary-iterative-check,Determine a numeric property using bit manipulation.
447,Prefix Efficient Sum,CodeChef,Easy,"Array, Prefix Sum",https://www.codechef.com/problems/prefix-efficient-sum,Compute prefix sums to answer range queries efficiently.
448,Matrix Minimal Diagonal,Codeforces,Easy,"Array, Matrix, Math",https://codeforces.com/problemset/problem/1444/E,Compute the diagonal sum of a square matrix.
449,Linked List Maximum Cycle,LeetCode,Easy,"Linked List, Two Pointers",https://leetcode.com/problems/linked-list-maximum-cycle,Use Floyd's tortoise-and-hare algorithm to detect cycles.
450,Queue Minimum Operations,HackerRank,Easy,"Queue, Design",https://www.hackerrank.com/challenges/queue-minimum-operations,Implement a queue with additional operation support.
451,Balanced Sum,CodeChef,Easy,"Array, Hash Table",https://www.codechef.com/problems/balanced-sum,Find elements in an array that sum to a given target using a hash table.
452,Count Sorted in Array,Codeforces,Easy,"Array, Math",https://codeforces.com/problemset/problem/1456/C,Count occurrences of a specific pattern in an integer array.
453,Reverse Compressed,LeetCode,Easy,"Array, Two Pointers",https://leetcode.com/problems/reverse-compressed,Reverse elements using the two-pointer technique.
454,Minimum Weighted Difference,HackerRank,Easy,"Array, Sorting",https://www.hackerrank.com/challenges/minimum-weighted-difference,Find minimum absolute difference between array elements.
455,Valid Directed Sequence,CodeChef,Easy,"Stack, String",https://www.codechef.com/problems/valid-directed-sequence,Validate a sequence of bracket or character operations.
456,Binary Undirected Check,Codeforces,Easy,"Bit Manipulation, Math",https://codeforces.com/problemset/problem/1468/A,Determine a numeric property using bit manipulation.
457,Prefix Circular Sum,LeetCode,Easy,"Array, Prefix Sum",https://leetcode.com/problems/prefix-circular-sum,Compute prefix sums to answer range queries efficiently.
458,Matrix Diagonal Diagonal,HackerRank,Easy,"Array, Matrix, Math",https://www.hackerrank.com/challenges/matrix-diagonal-diagonal,Compute the diagonal sum of a square matrix.
459,Linked List Sparse Cycle,CodeChef,Easy,"Linked List, Two Pointers",https://www.codechef.com/problems/linked-list-sparse-cycle,Use Floyd's tortoise-and-hare algorithm to detect cycles.
460,Queue Dense Operations,Codeforces,Easy,"Queue, Design",https://codeforces.com/problemset/problem/1480/E,Implement a queue with additional operation support.
461,Binary Sum,LeetCode,Easy,"Array, Hash Table",https://leetcode.com/problems/binary-sum,Find elements in an array that sum to a given target using a hash table.
462,Count Ternary in Array,HackerRank,Easy,"Array, Math",https://www.hackerrank.com/challenges/count-ternary-in-array,Count occurrences of a specific pattern in an integer array.
463,Reverse Linear,CodeChef,Easy,"Array, Two Pointers",https://www.codechef.com/problems/reverse-linear,Reverse elements using the two-pointer technique.
464,Minimum Logarithmic Difference,Codeforces,Easy,"Array, Sorting",https://codeforces.com/problemset/problem/1492/C,Find minimum absolute difference between array elements.
465,Valid Optimal Sequence,LeetCode,Easy,"Stack, String",https://leetcode.com/problems/valid-optimal-sequence,Validate a sequence of bracket or character operations.
466,Binary Extended Check,HackerRank,Easy,"Bit Manipulation, Math",https://www.hackerrank.com/challenges/binary-extended-check,Determine a numeric property using bit manipulation.
467,Prefix Variant Sum,CodeChef,Easy,"Array, Prefix Sum",https://www.codechef.com/problems/prefix-variant-sum,Compute prefix sums to answer range queries efficiently.
468,Matrix Advanced Diagonal,Codeforces,Easy,"Array, Matrix, Math",https://codeforces.com/problemset/problem/1504/A,Compute the diagonal sum of a square matrix.
469,Linked List Modified Cycle,LeetCode,Easy,"Linked List, Two Pointers",https://leetcode.com/problems/linked-list-modified-cycle,Use Floyd's tortoise-and-hare algorithm to detect cycles.
470,Queue Classic Operations,HackerRank,Easy,"Queue, Design",https://www.hackerrank.com/challenges/queue-classic-operations,Implement a queue with additional operation support.
471,Two-Pass Sum,CodeChef,Easy,"Array, Hash Table",https://www.codechef.com/problems/two-pass-sum,Find elements in an array that sum to a given target using a hash table.
472,Count Multi-Step in Array,Codeforces,Easy,"Array, Math",https://codeforces.com/problemset/problem/1516/E,Count occurrences of a specific pattern in an integer array.
473,Reverse Recursive,LeetCode,Easy,"Array, Two Pointers",https://leetcode.com/problems/reverse-recursive,Reverse elements using the two-pointer technique.
474,Minimum Iterative Difference,HackerRank,Easy,"Array, Sorting",https://www.hackerrank.com/challenges/minimum-iterative-difference,Find minimum absolute difference between array elements.
475,Valid Efficient Sequence,CodeChef,Easy,"Stack, String",https://www.codechef.com/problems/valid-efficient-sequence,Validate a sequence of bracket or character operations.
476,Binary Minimal Check,Codeforces,Easy,"Bit Manipulation, Math",https://codeforces.com/problemset/problem/1528/C,Determine a numeric property using bit manipulation.
477,Prefix Maximum Sum,LeetCode,Easy,"Array, Prefix Sum",https://leetcode.com/problems/prefix-maximum-sum,Compute prefix sums to answer range queries efficiently.
478,Matrix Minimum Diagonal,HackerRank,Easy,"Array, Matrix, Math",https://www.hackerrank.com/challenges/matrix-minimum-diagonal,Compute the diagonal sum of a square matrix.
479,Linked List Balanced Cycle,CodeChef,Easy,"Linked List, Two Pointers",https://www.codechef.com/problems/linked-list-balanced-cycle,Use Floyd's tortoise-and-hare algorithm to detect cycles.
480,Queue Sorted Operations,Codeforces,Easy,"Queue, Design",https://codeforces.com/problemset/problem/1540/A,Implement a queue with additional operation support.
481,Compressed Sum,LeetCode,Easy,"Array, Hash Table",https://leetcode.com/problems/compressed-sum,Find elements in an array that sum to a given target using a hash table.
482,Count Weighted in Array,HackerRank,Easy,"Array, Math",https://www.hackerrank.com/challenges/count-weighted-in-array,Count occurrences of a specific pattern in an integer array.
483,Reverse Directed,CodeChef,Easy,"Array, Two Pointers",https://www.codechef.com/problems/reverse-directed,Reverse elements using the two-pointer technique.
484,Minimum Undirected Difference,Codeforces,Easy,"Array, Sorting",https://codeforces.com/problemset/problem/1552/E,Find minimum absolute difference between array elements.
485,Valid Circular Sequence,LeetCode,Easy,"Stack, String",https://leetcode.com/problems/valid-circular-sequence,Validate a sequence of bracket or character operations.
486,Binary Diagonal Check,HackerRank,Easy,"Bit Manipulation, Math",https://www.hackerrank.com/challenges/binary-diagonal-check,Determine a numeric property using bit manipulation.
487,Prefix Sparse Sum,CodeChef,Easy,"Array, Prefix Sum",https://www.codechef.com/problems/prefix-sparse-sum,Compute prefix sums to answer range queries efficiently.
488,Matrix Dense Diagonal,Codeforces,Easy,"Array, Matrix, Math",https://codeforces.com/problemset/problem/1564/C,Compute the diagonal sum of a square matrix.
489,Linked List Binary Cycle,LeetCode,Easy,"Linked List, Two Pointers",https://leetcode.com/problems/linked-list-binary-cycle,Use Floyd's tortoise-and-hare algorithm to detect cycles.
490,Queue Ternary Operations,HackerRank,Easy,"Queue, Design",https://www.hackerrank.com/challenges/queue-ternary-operations,Implement a queue with additional operation support.
491,Linear Sum,CodeChef,Easy,"Array, Hash Table",https://www.codechef.com/problems/linear-sum,Find elements in an array that sum to a given target using a hash table.
492,Count Logarithmic in Array,Codeforces,Easy,"Array, Math",https://codeforces.com/problemset/problem/1576/A,Count occurrences of a specific pattern in an integer array.
493,Reverse Optimal,LeetCode,Easy,"Array, Two Pointers",https://leetcode.com/problems/reverse-optimal,Reverse elements using the two-pointer technique.
494,Minimum Extended Difference,HackerRank,Easy,"Array, Sorting",https://www.hackerrank.com/challenges/minimum-extended-difference,Find minimum absolute difference between array elements.
495,Valid Variant Sequence,CodeChef,Easy,"Stack, String",https://www.codechef.com/problems/valid-variant-sequence,Validate a sequence of bracket or character operations.
496,Binary Advanced Check,Codeforces,Easy,"Bit Manipulation, Math",https://codeforces.com/problemset/problem/1588/E,Determine a numeric property using bit manipulation.
497,Prefix Modified Sum,LeetCode,Easy,"Array, Prefix Sum",https://leetcode.com/problems/prefix-modified-sum,Compute prefix sums to answer range queries efficiently.
498,Matrix Classic Diagonal,HackerRank,Easy,"Array, Matrix, Math",https://www.hackerrank.com/challenges/matrix-classic-diagonal,Compute the diagonal sum of a square matrix.
499,Linked List Two-Pass Cycle,CodeChef,Easy,"Linked List, Two Pointers",https://www.codechef.com/problems/linked-list-two-pass-cycle,Use Floyd's tortoise-and-hare algorithm to detect cycles.
500,Queue Multi-Step Operations,Codeforces,Easy,"Queue, Design",https://codeforces.com/problemset/problem/1600/C,Implement a queue with additional operation support.
501,Recursive Sum,LeetCode,Easy,"Array, Hash Table",https://leetcode.com/problems/recursive-sum,Find elements in an array that sum to a given target using a hash table.
502,Count Iterative in Array,HackerRank,Easy,"Array, Math",https://www.hackerrank.com/challenges/count-iterative-in-array,Count occurrences of a specific pattern in an integer array.
503,Reverse Efficient,CodeChef,Easy,"Array, Two Pointers",https://www.codechef.com/problems/reverse-efficient,Reverse elements using the two-pointer technique.
504,Minimum Minimal Difference,Codeforces,Easy,"Array, Sorting",https://codeforces.com/problemset/problem/1612/A,Find minimum absolute difference between array elements.
505,Valid Maximum Sequence,LeetCode,Easy,"Stack, String",https://leetcode.com/problems/valid-maximum-sequence,Validate a sequence of bracket or character operations.
506,Binary Minimum Check,HackerRank,Easy,"Bit Manipulation, Math",https://www.hackerrank.com/challenges/binary-minimum-check,Determine a numeric property using bit manipulation.
507,Prefix Balanced Sum,CodeChef,Easy,"Array, Prefix Sum",https://www.codechef.com/problems/prefix-balanced-sum,Compute prefix sums to answer range queries efficiently.
508,Matrix Sorted Diagonal,Codeforces,Easy,"Array, Matrix, Math",https://codeforces.com/problemset/problem/1624/E,Compute the diagonal sum of a square matrix.
509,Linked List Compressed Cycle,LeetCode,Easy,"Linked List, Two Pointers",https://leetcode.com/problems/linked-list-compressed-cycle,Use Floyd's tortoise-and-hare algorithm to detect cycles.
510,Queue Weighted Operations,HackerRank,Easy,"Queue, Design",https://www.hackerrank.com/challenges/queue-weighted-operations,Implement a queue with additional operation support.
511,Directed Sum,CodeChef,Easy,"Array, Hash Table",https://www.codechef.com/problems/directed-sum,Find elements in an array that sum to a given target using a hash table.
512,Count Undirected in Array,Codeforces,Easy,"Array, Math",https://codeforces.com/problemset/problem/1636/C,Count occurrences of a specific pattern in an integer array.
513,Reverse Circular,LeetCode,Easy,"Array, Two Pointers",https://leetcode.com/problems/reverse-circular,Reverse elements using the two-pointer technique.
514,Minimum Diagonal Difference,HackerRank,Easy,"Array, Sorting",https://www.hackerrank.com/challenges/minimum-diagonal-difference,Find minimum absolute difference between array elements.
515,Valid Sparse Sequence,CodeChef,Easy,"Stack, String",https://www.codechef.com/problems/valid-sparse-sequence,Validate a sequence of bracket or character operations.
516,Binary Dense Check,Codeforces,Easy,"Bit Manipulation, Math",https://codeforces.com/problemset/problem/1648/A,Determine a numeric property using bit manipulation.
517,Prefix Binary Sum,LeetCode,Easy,"Array, Prefix Sum",https://leetcode.com/problems/prefix-binary-sum,Compute prefix sums to answer range queries efficiently.
518,Matrix Ternary Diagonal,HackerRank,Easy,"Array, Matrix, Math",https://www.hackerrank.com/challenges/matrix-ternary-diagonal,Compute the diagonal sum of a square matrix.
519,Linked List Linear Cycle,CodeChef,Easy,"Linked List, Two Pointers",https://www.codechef.com/problems/linked-list-linear-cycle,Use Floyd's tortoise-and-hare algorithm to detect cycles.
520,Queue Logarithmic Operations,Codeforces,Easy,"Queue, Design",https://codeforces.com/problemset/problem/1660/E,Implement a queue with additional operation support.
521,Optimal Sum,LeetCode,Easy,"Array, Hash Table",https://leetcode.com/problems/optimal-sum,Find elements in an array that sum to a given target using a hash table.
522,Count Extended in Array,HackerRank,Easy,"Array, Math",https://www.hackerrank.com/challenges/count-extended-in-array,Count occurrences of a specific pattern in an integer array.
523,Reverse Variant,CodeChef,Easy,"Array, Two Pointers",https://www.codechef.com/problems/reverse-variant,Reverse elements using the two-pointer technique.
524,Minimum Advanced Difference,Codeforces,Easy,"Array, Sorting",https://codeforces.com/problemset/problem/1672/C,Find minimum absolute difference between array elements.
525,Valid Modified Sequence,LeetCode,Easy,"Stack, String",https://leetcode.com/problems/valid-modified-sequence,Validate a sequence of bracket or character operations.
526,Binary Classic Check,HackerRank,Easy,"Bit Manipulation, Math",https://www.hackerrank.com/challenges/binary-classic-check,Determine a numeric property using bit manipulation.
527,Prefix Two-Pass Sum,CodeChef,Easy,"Array, Prefix Sum",https://www.codechef.com/problems/prefix-two-pass-sum,Compute prefix sums to answer range queries efficiently.
528,Matrix Multi-Step Diagonal,Codeforces,Easy,"Array, Matrix, Math",https://codeforces.com/problemset/problem/1684/A,Compute the diagonal sum of a square matrix.
529,Linked List Recursive Cycle,LeetCode,Easy,"Linked List, Two Pointers",https://leetcode.com/problems/linked-list-recursive-cycle,Use Floyd's tortoise-and-hare algorithm to detect cycles.
530,Queue Iterative Operations,HackerRank,Easy,"Queue, Design",https://www.hackerrank.com/challenges/queue-iterative-operations,Implement a queue with additional operation support.
531,Efficient Sum,CodeChef,Easy,"Array, Hash Table",https://www.codechef.com/problems/efficient-sum,Find elements in an array that sum to a given target using a hash table.
532,Count Minimal in Array,Codeforces,Easy,"Array, Math",https://codeforces.com/problemset/problem/1696/E,Count occurrences of a specific pattern in an integer array.
533,Reverse Maximum,LeetCode,Easy,"Array, Two Pointers",https://leetcode.com/problems/reverse-maximum,Reverse elements using the two-pointer technique.
534,Minimum Minimum Difference,HackerRank,Easy,"Array, Sorting",https://www.hackerrank.com/challenges/minimum-minimum-difference,Find minimum absolute difference between array elements.
535,Valid Balanced Sequence,CodeChef,Easy,"Stack, String",https://www.codechef.com/problems/valid-balanced-sequence,Validate a sequence of bracket or character operations.
536,Binary Sorted Check,Codeforces,Easy,"Bit Manipulation, Math",https://codeforces.com/problemset/problem/1708/C,Determine a numeric property using bit manipulation.
537,Prefix Compressed Sum,LeetCode,Easy,"Array, Prefix Sum",https://leetcode.com/problems/prefix-compressed-sum,Compute prefix sums to answer range queries efficiently.
538,Matrix Weighted Diagonal,HackerRank,Easy,"Array, Matrix, Math",https://www.hackerrank.com/challenges/matrix-weighted-diagonal,Compute the diagonal sum of a square matrix.
539,Linked List Directed Cycle,CodeChef,Easy,"Linked List, Two Pointers",https://www.codechef.com/problems/linked-list-directed-cycle,Use Floyd's tortoise-and-hare algorithm to detect cycles.
540,Queue Undirected Operations,Codeforces,Easy,"Queue, Design",https://codeforces.com/problemset/problem/1720/A,Implement a queue with additional operation support.
541,Circular Sum,LeetCode,Easy,"Array, Hash Table",https://leetcode.com/problems/circular-sum,Find elements in an array that sum to a given target using a hash table.
542,Count Diagonal in Array,HackerRank,Easy,"Array, Math",https://www.hackerrank.com/challenges/count-diagonal-in-array,Count occurrences of a specific pattern in an integer array.
543,Reverse Sparse,CodeChef,Easy,"Array, Two Pointers",https://www.codechef.com/problems/reverse-sparse,Reverse elements using the two-pointer technique.
544,Minimum Dense Difference,Codeforces,Easy,"Array, Sorting",https://codeforces.com/problemset/problem/1732/E,Find minimum absolute difference between array elements.
545,Valid Binary Sequence,LeetCode,Easy,"Stack, String",https://leetcode.com/problems/valid-binary-sequence,Validate a sequence of bracket or character operations.
546,Binary Ternary Check,HackerRank,Easy,"Bit Manipulation, Math",https://www.hackerrank.com/challenges/binary-ternary-check,Determine a numeric property using bit manipulation.
547,Prefix Linear Sum,CodeChef,Easy,"Array, Prefix Sum",https://www.codechef.com/problems/prefix-linear-sum,Compute prefix sums to answer range queries efficiently.
548,Matrix Logarithmic Diagonal,Codeforces,Easy,"Array, Matrix, Math",https://codeforces.com/problemset/problem/1744/C,Compute the diagonal sum of a square matrix.
549,Linked List Optimal Cycle,LeetCode,Easy,"Linked List, Two Pointers",https://leetcode.com/problems/linked-list-optimal-cycle,Use Floyd's tortoise-and-hare algorithm to detect cycles.
550,Queue Extended Operations,HackerRank,Easy,"Queue, Design",https://www.hackerrank.com/challenges/queue-extended-operations,Implement a queue with additional operation support.
551,Variant Sum,CodeChef,Easy,"Array, Hash Table",https://www.codechef.com/problems/variant-sum,Find elements in an array that sum to a given target using a hash table.
552,Count Advanced in Array,Codeforces,Easy,"Array, Math",https://codeforces.com/problemset/problem/1756/A,Count occurrences of a specific pattern in an integer array.
553,Reverse Modified,LeetCode,Easy,"Array, Two Pointers",https://leetcode.com/problems/reverse-modified,Reverse elements using the two-pointer technique.
554,Minimum Classic Difference,HackerRank,Easy,"Array, Sorting",https://www.hackerrank.com/challenges/minimum-classic-difference,Find minimum absolute difference between array elements.
555,Valid Two-Pass Sequence,CodeChef,Easy,"Stack, String",https://www.codechef.com/problems/valid-two-pass-sequence,Validate a sequence of bracket or character operations.
556,Binary Multi-Step Check,Codeforces,Easy,"Bit Manipulation, Math",https://codeforces.com/problemset/problem/1768/E,Determine a numeric property using bit manipulation.
557,Prefix Recursive Sum,LeetCode,Easy,"Array, Prefix Sum",https://leetcode.com/problems/prefix-recursive-sum,Compute prefix sums to answer range queries efficiently.
558,Matrix Iterative Diagonal,HackerRank,Easy,"Array, Matrix, Math",https://www.hackerrank.com/challenges/matrix-iterative-diagonal,Compute the diagonal sum of a square matrix.
559,Linked List Efficient Cycle,CodeChef,Easy,"Linked List, Two Pointers",https://www.codechef.com/problems/linked-list-efficient-cycle,Use Floyd's tortoise-and-hare algorithm to detect cycles.
560,Queue Minimal Operations,Codeforces,Easy,"Queue, Design",https://codeforces.com/problemset/problem/1780/C,Implement a queue with additional operation support.
561,Maximum Sum,LeetCode,Easy,"Array, Hash Table",https://leetcode.com/problems/maximum-sum,Find elements in an array that sum to a given target using a hash table.
562,Count Minimum in Array,HackerRank,Easy,"Array, Math",https://www.hackerrank.com/challenges/count-minimum-in-array,Count occurrences of a specific pattern in an integer array.
563,Reverse Balanced,CodeChef,Easy,"Array, Two Pointers",https://www.codechef.com/problems/reverse-balanced,Reverse elements using the two-pointer technique.
564,Minimum Sorted Difference,Codeforces,Easy,"Array, Sorting",https://codeforces.com/problemset/problem/1792/A,Find minimum absolute difference between array elements.
565,Valid Compressed Sequence,LeetCode,Easy,"Stack, String",https://leetcode.com/problems/valid-compressed-sequence,Validate a sequence of bracket or character operations.
566,Binary Weighted Check,HackerRank,Easy,"Bit Manipulation, Math",https://www.hackerrank.com/challenges/binary-weighted-check,Determine a numeric property using bit manipulation.
567,Prefix Directed Sum,CodeChef,Easy,"Array, Prefix Sum",https://www.codechef.com/problems/prefix-directed-sum,Compute prefix sums to answer range queries efficiently.
568,Matrix Undirected Diagonal,Codeforces,Easy,"Array, Matrix, Math",https://codeforces.com/problemset/problem/1804/E,Compute the diagonal sum of a square matrix.
569,Linked List Circular Cycle,LeetCode,Easy,"Linked List, Two Pointers",https://leetcode.com/problems/linked-list-circular-cycle,Use Floyd's tortoise-and-hare algorithm to detect cycles.
570,Queue Diagonal Operations,HackerRank,Easy,"Queue, Design",https://www.hackerrank.com/challenges/queue-diagonal-operations,Implement a queue with additional operation support.
571,Sparse Sum,CodeChef,Easy,"Array, Hash Table",https://www.codechef.com/problems/sparse-sum,Find elements in an array that sum to a given target using a hash table.
572,Count Dense in Array,Codeforces,Easy,"Array, Math",https://codeforces.com/problemset/problem/1816/C,Count occurrences of a specific pattern in an integer array.
573,Reverse Binary,LeetCode,Easy,"Array, Two Pointers",https://leetcode.com/problems/reverse-binary,Reverse elements using the two-pointer technique.
574,Minimum Ternary Difference,HackerRank,Easy,"Array, Sorting",https://www.hackerrank.com/challenges/minimum-ternary-difference,Find minimum absolute difference between array elements.
575,Valid Linear Sequence,CodeChef,Easy,"Stack, String",https://www.codechef.com/problems/valid-linear-sequence,Validate a sequence of bracket or character operations.
576,Binary Logarithmic Check,Codeforces,Easy,"Bit Manipulation, Math",https://codeforces.com/problemset/problem/1828/A,Determine a numeric property using bit manipulation.
577,Prefix Optimal Sum,LeetCode,Easy,"Array, Prefix Sum",https://leetcode.com/problems/prefix-optimal-sum,Compute prefix sums to answer range queries efficiently.
578,Matrix Extended Diagonal,HackerRank,Easy,"Array, Matrix, Math",https://www.hackerrank.com/challenges/matrix-extended-diagonal,Compute the diagonal sum of a square matrix.
579,Linked List Variant Cycle,CodeChef,Easy,"Linked List, Two Pointers",https://www.codechef.com/problems/linked-list-variant-cycle,Use Floyd's tortoise-and-hare algorithm to detect cycles.
580,Queue Advanced Operations,Codeforces,Easy,"Queue, Design",https://codeforces.com/problemset/problem/1840/E,Implement a queue with additional operation support.
581,Modified Sum,LeetCode,Easy,"Array, Hash Table",https://leetcode.com/problems/modified-sum,Find elements in an array that sum to a given target using a hash table.
582,Count Classic in Array,HackerRank,Easy,"Array, Math",https://www.hackerrank.com/challenges/count-classic-in-array,Count occurrences of a specific pattern in an integer array.
583,Reverse Two-Pass,CodeChef,Easy,"Array, Two Pointers",https://www.codechef.com/problems/reverse-two-pass,Reverse elements using the two-pointer technique.
584,Minimum Multi-Step Difference,Codeforces,Easy,"Array, Sorting",https://codeforces.com/problemset/problem/1852/C,Find minimum absolute difference between array elements.
585,Valid Recursive Sequence,LeetCode,Easy,"Stack, String",https://leetcode.com/problems/valid-recursive-sequence,Validate a sequence of bracket or character operations.
586,Binary Iterative Check,HackerRank,Easy,"Bit Manipulation, Math",https://www.hackerrank.com/challenges/binary-iterative-check,Determine a numeric property using bit manipulation.
587,Prefix Efficient Sum,CodeChef,Easy,"Array, Prefix Sum",https://www.codechef.com/problems/prefix-efficient-sum,Compute prefix sums to answer range queries efficiently.
588,Matrix Minimal Diagonal,Codeforces,Easy,"Array, Matrix, Math",https://codeforces.com/problemset/problem/1864/A,Compute the diagonal sum of a square matrix.
589,Linked List Maximum Cycle,LeetCode,Easy,"Linked List, Two Pointers",https://leetcode.com/problems/linked-list-maximum-cycle,Use Floyd's tortoise-and-hare algorithm to detect cycles.
590,Queue Minimum Operations,HackerRank,Easy,"Queue, Design",https://www.hackerrank.com/challenges/queue-minimum-operations,Implement a queue with additional operation support.
591,Balanced Sum,CodeChef,Easy,"Array, Hash Table",https://www.codechef.com/problems/balanced-sum,Find elements in an array that sum to a given target using a hash table.
592,Count Sorted in Array,Codeforces,Easy,"Array, Math",https://codeforces.com/problemset/problem/1876/E,Count occurrences of a specific pattern in an integer array.
593,Reverse Compressed,LeetCode,Easy,"Array, Two Pointers",https://leetcode.com/problems/reverse-compressed,Reverse elements using the two-pointer technique.
594,Minimum Weighted Difference,HackerRank,Easy,"Array, Sorting",https://www.hackerrank.com/challenges/minimum-weighted-difference,Find minimum absolute difference between array elements.
595,Valid Directed Sequence,CodeChef,Easy,"Stack, String",https://www.codechef.com/problems/valid-directed-sequence,Validate a sequence of bracket or character operations.
596,Binary Undirected Check,Codeforces,Easy,"Bit Manipulation, Math",https://codeforces.com/problemset/problem/1888/C,Determine a numeric property using bit manipulation.
597,Prefix Circular Sum,LeetCode,Easy,"Array, Prefix Sum",https://leetcode.com/problems/prefix-circular-sum,Compute prefix sums to answer range queries efficiently.
598,Matrix Diagonal Diagonal,HackerRank,Easy,"Array, Matrix, Math",https://www.hackerrank.com/challenges/matrix-diagonal-diagonal,Compute the diagonal sum of a square matrix.
599,Linked List Sparse Cycle,CodeChef,Easy,"Linked List, Two Pointers",https://www.codechef.com/problems/linked-list-sparse-cycle,Use Floyd's tortoise-and-hare algorithm to detect cycles.
600,Queue Dense Operations,Codeforces,Easy,"Queue, Design",https://codeforces.com/problemset/problem/1900/A,Implement a queue with additional operation support.
601,Binary Sum,LeetCode,Easy,"Array, Hash Table",https://leetcode.com/problems/binary-sum,Find elements in an array that sum to a given target using a hash table.
602,Count Ternary in Array,HackerRank,Easy,"Array, Math",https://www.hackerrank.com/challenges/count-ternary-in-array,Count occurrences of a specific pattern in an integer array.
603,Reverse Linear,CodeChef,Easy,"Array, Two Pointers",https://www.codechef.com/problems/reverse-linear,Reverse elements using the two-pointer technique.
604,Minimum Logarithmic Difference,Codeforces,Easy,"Array, Sorting",https://codeforces.com/problemset/problem/1912/E,Find minimum absolute difference between array elements.
605,Valid Optimal Sequence,LeetCode,Easy,"Stack, String",https://leetcode.com/problems/valid-optimal-sequence,Validate a sequence of bracket or character operations.
606,Binary Extended Check,HackerRank,Easy,"Bit Manipulation, Math",https://www.hackerrank.com/challenges/binary-extended-check,Determine a numeric property using bit manipulation.
607,Prefix Variant Sum,CodeChef,Easy,"Array, Prefix Sum",https://www.codechef.com/problems/prefix-variant-sum,Compute prefix sums to answer range queries efficiently.
608,Matrix Advanced Diagonal,Codeforces,Easy,"Array, Matrix, Math",https://codeforces.com/problemset/problem/1924/C,Compute the diagonal sum of a square matrix.
609,Linked List Modified Cycle,LeetCode,Easy,"Linked List, Two Pointers",https://leetcode.com/problems/linked-list-modified-cycle,Use Floyd's tortoise-and-hare algorithm to detect cycles.
610,Queue Classic Operations,HackerRank,Easy,"Queue, Design",https://www.hackerrank.com/challenges/queue-classic-operations,Implement a queue with additional operation support.
611,Two-Pass Sum,CodeChef,Easy,"Array, Hash Table",https://www.codechef.com/problems/two-pass-sum,Find elements in an array that sum to a given target using a hash table.
612,Count Multi-Step in Array,Codeforces,Easy,"Array, Math",https://codeforces.com/problemset/problem/1936/A,Count occurrences of a specific pattern in an integer array.
613,Reverse Recursive,LeetCode,Easy,"Array, Two Pointers",https://leetcode.com/problems/reverse-recursive,Reverse elements using the two-pointer technique.
614,Minimum Iterative Difference,HackerRank,Easy,"Array, Sorting",https://www.hackerrank.com/challenges/minimum-iterative-difference,Find minimum absolute difference between array elements.
615,Valid Efficient Sequence,CodeChef,Easy,"Stack, String",https://www.codechef.com/problems/valid-efficient-sequence,Validate a sequence of bracket or character operations.
616,Binary Minimal Check,Codeforces,Easy,"Bit Manipulation, Math",https://codeforces.com/problemset/problem/1948/E,Determine a numeric property using bit manipulation.
617,Prefix Maximum Sum,LeetCode,Easy,"Array, Prefix Sum",https://leetcode.com/problems/prefix-maximum-sum,Compute prefix sums to answer range queries efficiently.
618,Matrix Minimum Diagonal,HackerRank,Easy,"Array, Matrix, Math",https://www.hackerrank.com/challenges/matrix-minimum-diagonal,Compute the diagonal sum of a square matrix.
619,Linked List Balanced Cycle,CodeChef,Easy,"Linked List, Two Pointers",https://www.codechef.com/problems/linked-list-balanced-cycle,Use Floyd's tortoise-and-hare algorithm to detect cycles.
620,Queue Sorted Operations,Codeforces,Easy,"Queue, Design",https://codeforces.com/problemset/problem/1960/C,Implement a queue with additional operation support.
621,Compressed Sum,LeetCode,Easy,"Array, Hash Table",https://leetcode.com/problems/compressed-sum,Find elements in an array that sum to a given target using a hash table.
622,Count Weighted in Array,HackerRank,Easy,"Array, Math",https://www.hackerrank.com/challenges/count-weighted-in-array,Count occurrences of a specific pattern in an integer array.
623,Reverse Directed,CodeChef,Easy,"Array, Two Pointers",https://www.codechef.com/problems/reverse-directed,Reverse elements using the two-pointer technique.
624,Minimum Undirected Difference,Codeforces,Easy,"Array, Sorting",https://codeforces.com/problemset/problem/1972/A,Find minimum absolute difference between array elements.
625,Valid Circular Sequence,LeetCode,Easy,"Stack, String",https://leetcode.com/problems/valid-circular-sequence,Validate a sequence of bracket or character operations.
626,Binary Diagonal Check,HackerRank,Easy,"Bit Manipulation, Math",https://www.hackerrank.com/challenges/binary-diagonal-check,Determine a numeric property using bit manipulation.
627,Prefix Sparse Sum,CodeChef,Easy,"Array, Prefix Sum",https://www.codechef.com/problems/prefix-sparse-sum,Compute prefix sums to answer range queries efficiently.
628,Matrix Dense Diagonal,Codeforces,Easy,"Array, Matrix, Math",https://codeforces.com/problemset/problem/1984/E,Compute the diagonal sum of a square matrix.
629,Linked List Binary Cycle,LeetCode,Easy,"Linked List, Two Pointers",https://leetcode.com/problems/linked-list-binary-cycle,Use Floyd's tortoise-and-hare algorithm to detect cycles.
630,Queue Ternary Operations,HackerRank,Easy,"Queue, Design",https://www.hackerrank.com/challenges/queue-ternary-operations,Implement a queue with additional operation support.
631,Linear Sum,CodeChef,Easy,"Array, Hash Table",https://www.codechef.com/problems/linear-sum,Find elements in an array that sum to a given target using a hash table.
632,Count Logarithmic in Array,Codeforces,Easy,"Array, Math",https://codeforces.com/problemset/problem/1996/C,Count occurrences of a specific pattern in an integer array.
633,Reverse Optimal,LeetCode,Easy,"Array, Two Pointers",https://leetcode.com/problems/reverse-optimal,Reverse elements using the two-pointer technique.
634,Minimum Extended Difference,HackerRank,Easy,"Array, Sorting",https://www.hackerrank.com/challenges/minimum-extended-difference,Find minimum absolute difference between array elements.
635,Valid Variant Sequence,CodeChef,Easy,"Stack, String",https://www.codechef.com/problems/valid-variant-sequence,Validate a sequence of bracket or character operations.
636,Binary Advanced Check,Codeforces,Easy,"Bit Manipulation, Math",https://codeforces.com/problemset/problem/2008/A,Determine a numeric property using bit manipulation.
637,Prefix Modified Sum,LeetCode,Easy,"Array, Prefix Sum",https://leetcode.com/problems/prefix-modified-sum,Compute prefix sums to answer range queries efficiently.
638,Matrix Classic Diagonal,HackerRank,Easy,"Array, Matrix, Math",https://www.hackerrank.com/challenges/matrix-classic-diagonal,Compute the diagonal sum of a square matrix.
639,Linked List Two-Pass Cycle,CodeChef,Easy,"Linked List, Two Pointers",https://www.codechef.com/problems/linked-list-two-pass-cycle,Use Floyd's tortoise-and-hare algorithm to detect cycles.
640,Queue Multi-Step Operations,Codeforces,Easy,"Queue, Design",https://codeforces.com/problemset/problem/2020/E,Implement a queue with additional operation support.
641,Recursive Sum,LeetCode,Easy,"Array, Hash Table",https://leetcode.com/problems/recursive-sum,Find elements in an array that sum to a given target using a hash table.
642,Count Iterative in Array,HackerRank,Easy,"Array, Math",https://www.hackerrank.com/challenges/count-iterative-in-array,Count occurrences of a specific pattern in an integer array.
643,Reverse Efficient,CodeChef,Easy,"Array, Two Pointers",https://www.codechef.com/problems/reverse-efficient,Reverse elements using the two-pointer technique.
644,Minimum Minimal Difference,Codeforces,Easy,"Array, Sorting",https://codeforces.com/problemset/problem/2032/C,Find minimum absolute difference between array elements.
645,Valid Maximum Sequence,LeetCode,Easy,"Stack, String",https://leetcode.com/problems/valid-maximum-sequence,Validate a sequence of bracket or character operations.
646,Binary Minimum Check,HackerRank,Easy,"Bit Manipulation, Math",https://www.hackerrank.com/challenges/binary-minimum-check,Determine a numeric property using bit manipulation.
647,Prefix Balanced Sum,CodeChef,Easy,"Array, Prefix Sum",https://www.codechef.com/problems/prefix-balanced-sum,Compute prefix sums to answer range queries efficiently.
648,Matrix Sorted Diagonal,Codeforces,Easy,"Array, Matrix, Math",https://codeforces.com/problemset/problem/2044/A,Compute the diagonal sum of a square matrix.
649,Linked List Compressed Cycle,LeetCode,Easy,"Linked List, Two Pointers",https://leetcode.com/problems/linked-list-compressed-cycle,Use Floyd's tortoise-and-hare algorithm to detect cycles.
650,Queue Weighted Operations,HackerRank,Easy,"Queue, Design",https://www.hackerrank.com/challenges/queue-weighted-operations,Implement a queue with additional operation support.
651,Directed Sum,CodeChef,Easy,"Array, Hash Table",https://www.codechef.com/problems/directed-sum,Find elements in an array that sum to a given target using a hash table.
652,Count Undirected in Array,Codeforces,Easy,"Array, Math",https://codeforces.com/problemset/problem/2056/E,Count occurrences of a specific pattern in an integer array.
653,Reverse Circular,LeetCode,Easy,"Array, Two Pointers",https://leetcode.com/problems/reverse-circular,Reverse elements using the two-pointer technique.
654,Minimum Diagonal Difference,HackerRank,Easy,"Array, Sorting",https://www.hackerrank.com/challenges/minimum-diagonal-difference,Find minimum absolute difference between array elements.
655,Valid Sparse Sequence,CodeChef,Easy,"Stack, String",https://www.codechef.com/problems/valid-sparse-sequence,Validate a sequence of bracket or character operations.
656,Binary Dense Check,Codeforces,Easy,"Bit Manipulation, Math",https://codeforces.com/problemset/problem/2068/C,Determine a numeric property using bit manipulation.
657,Prefix Binary Sum,LeetCode,Easy,"Array, Prefix Sum",https://leetcode.com/problems/prefix-binary-sum,Compute prefix sums to answer range queries efficiently.
658,Matrix Ternary Diagonal,HackerRank,Easy,"Array, Matrix, Math",https://www.hackerrank.com/challenges/matrix-ternary-diagonal,Compute the diagonal sum of a square matrix.
659,Linked List Linear Cycle,CodeChef,Easy,"Linked List, Two Pointers",https://www.codechef.com/problems/linked-list-linear-cycle,Use Floyd's tortoise-and-hare algorithm to detect cycles.
660,Queue Logarithmic Operations,Codeforces,Easy,"Queue, Design",https://codeforces.com/problemset/problem/2080/A,Implement a queue with additional operation support.
661,Optimal Sum,LeetCode,Easy,"Array, Hash Table",https://leetcode.com/problems/optimal-sum,Find elements in an array that sum to a given target using a hash table.
662,Count Extended in Array,HackerRank,Easy,"Array, Math",https://www.hackerrank.com/challenges/count-extended-in-array,Count occurrences of a specific pattern in an integer array.
663,Reverse Variant,CodeChef,Easy,"Array, Two Pointers",https://www.codechef.com/problems/reverse-variant,Reverse elements using the two-pointer technique.
664,Minimum Advanced Difference,Codeforces,Easy,"Array, Sorting",https://codeforces.com/problemset/problem/2092/E,Find minimum absolute difference between array elements.
665,Valid Modified Sequence,LeetCode,Easy,"Stack, String",https://leetcode.com/problems/valid-modified-sequence,Validate a sequence of bracket or character operations.
666,Binary Classic Check,HackerRank,Easy,"Bit Manipulation, Math",https://www.hackerrank.com/challenges/binary-classic-check,Determine a numeric property using bit manipulation.
667,Prefix Two-Pass Sum,CodeChef,Easy,"Array, Prefix Sum",https://www.codechef.com/problems/prefix-two-pass-sum,Compute prefix sums to answer range queries efficiently.
668,Matrix Multi-Step Diagonal,Codeforces,Easy,"Array, Matrix, Math",https://codeforces.com/problemset/problem/2104/C,Compute the diagonal sum of a square matrix.
669,Linked List Recursive Cycle,LeetCode,Easy,"Linked List, Two Pointers",https://leetcode.com/problems/linked-list-recursive-cycle,Use Floyd's tortoise-and-hare algorithm to detect cycles.
670,Queue Iterative Operations,HackerRank,Easy,"Queue, Design",https://www.hackerrank.com/challenges/queue-iterative-operations,Implement a queue with additional operation support.
671,Efficient Sum,CodeChef,Easy,"Array, Hash Table",https://www.codechef.com/problems/efficient-sum,Find elements in an array that sum to a given target using a hash table.
672,Count Minimal in Array,Codeforces,Easy,"Array, Math",https://codeforces.com/problemset/problem/2116/A,Count occurrences of a specific pattern in an integer array.
673,Reverse Maximum,LeetCode,Easy,"Array, Two Pointers",https://leetcode.com/problems/reverse-maximum,Reverse elements using the two-pointer technique.
674,Minimum Minimum Difference,HackerRank,Easy,"Array, Sorting",https://www.hackerrank.com/challenges/minimum-minimum-difference,Find minimum absolute difference between array elements.
675,Valid Balanced Sequence,CodeChef,Easy,"Stack, String",https://www.codechef.com/problems/valid-balanced-sequence,Validate a sequence of bracket or character operations.
676,Binary Sorted Check,Codeforces,Easy,"Bit Manipulation, Math",https://codeforces.com/problemset/problem/2128/E,Determine a numeric property using bit manipulation.
677,Prefix Compressed Sum,LeetCode,Easy,"Array, Prefix Sum",https://leetcode.com/problems/prefix-compressed-sum,Compute prefix sums to answer range queries efficiently.
678,Matrix Weighted Diagonal,HackerRank,Easy,"Array, Matrix, Math",https://www.hackerrank.com/challenges/matrix-weighted-diagonal,Compute the diagonal sum of a square matrix.
679,Linked List Directed Cycle,CodeChef,Easy,"Linked List, Two Pointers",https://www.codechef.com/problems/linked-list-directed-cycle,Use Floyd's tortoise-and-hare algorithm to detect cycles.
680,Queue Undirected Operations,Codeforces,Easy,"Queue, Design",https://codeforces.com/problemset/problem/2140/C,Implement a queue with additional operation support.
681,Circular Sum,LeetCode,Easy,"Array, Hash Table",https://leetcode.com/problems/circular-sum,Find elements in an array that sum to a given target using a hash table.
682,Count Diagonal in Array,HackerRank,Easy,"Array, Math",https://www.hackerrank.com/challenges/count-diagonal-in-array,Count occurrences of a specific pattern in an integer array.
683,Reverse Sparse,CodeChef,Easy,"Array, Two Pointers",https://www.codechef.com/problems/reverse-sparse,Reverse elements using the two-pointer technique.
684,Minimum Dense Difference,Codeforces,Easy,"Array, Sorting",https://codeforces.com/problemset/problem/2152/A,Find minimum absolute difference between array elements.
685,Valid Binary Sequence,LeetCode,Easy,"Stack, String",https://leetcode.com/problems/valid-binary-sequence,Validate a sequence of bracket or character operations.
686,Binary Ternary Check,HackerRank,Easy,"Bit Manipulation, Math",https://www.hackerrank.com/challenges/binary-ternary-check,Determine a numeric property using bit manipulation.
687,Prefix Linear Sum,CodeChef,Easy,"Array, Prefix Sum",https://www.codechef.com/problems/prefix-linear-sum,Compute prefix sums to answer range queries efficiently.
688,Matrix Logarithmic Diagonal,Codeforces,Easy,"Array, Matrix, Math",https://codeforces.com/problemset/problem/2164/E,Compute the diagonal sum of a square matrix.
689,Linked List Optimal Cycle,LeetCode,Easy,"Linked List, Two Pointers",https://leetcode.com/problems/linked-list-optimal-cycle,Use Floyd's tortoise-and-hare algorithm to detect cycles.
690,Queue Extended Operations,HackerRank,Easy,"Queue, Design",https://www.hackerrank.com/challenges/queue-extended-operations,Implement a queue with additional operation support.
691,Variant Sum,CodeChef,Easy,"Array, Hash Table",https://www.codechef.com/problems/variant-sum,Find elements in an array that sum to a given target using a hash table.
692,Count Advanced in Array,Codeforces,Easy,"Array, Math",https://codeforces.com/problemset/problem/2176/C,Count occurrences of a specific pattern in an integer array.
693,Reverse Modified,LeetCode,Easy,"Array, Two Pointers",https://leetcode.com/problems/reverse-modified,Reverse elements using the two-pointer technique.
694,Minimum Classic Difference,HackerRank,Easy,"Array, Sorting",https://www.hackerrank.com/challenges/minimum-classic-difference,Find minimum absolute difference between array elements.
695,Valid Two-Pass Sequence,CodeChef,Easy,"Stack, String",https://www.codechef.com/problems/valid-two-pass-sequence,Validate a sequence of bracket or character operations.
696,Binary Multi-Step Check,Codeforces,Easy,"Bit Manipulation, Math",https://codeforces.com/problemset/problem/2188/A,Determine a numeric property using bit manipulation.
697,Prefix Recursive Sum,LeetCode,Easy,"Array, Prefix Sum",https://leetcode.com/problems/prefix-recursive-sum,Compute prefix sums to answer range queries efficiently.
698,Matrix Iterative Diagonal,HackerRank,Easy,"Array, Matrix, Math",https://www.hackerrank.com/challenges/matrix-iterative-diagonal,Compute the diagonal sum of a square matrix.
699,Linked List Efficient Cycle,CodeChef,Easy,"Linked List, Two Pointers",https://www.codechef.com/problems/linked-list-efficient-cycle,Use Floyd's tortoise-and-hare algorithm to detect cycles.
700,Queue Minimal Operations,Codeforces,Easy,"Queue, Design",https://codeforces.com/problemset/problem/2200/E,Implement a queue with additional operation support.
701,Maximum Sum,LeetCode,Easy,"Array, Hash Table",https://leetcode.com/problems/maximum-sum,Find elements in an array that sum to a given target using a hash table.
702,Count Minimum in Array,HackerRank,Easy,"Array, Math",https://www.hackerrank.com/challenges/count-minimum-in-array,Count occurrences of a specific pattern in an integer array.
703,Reverse Balanced,CodeChef,Easy,"Array, Two Pointers",https://www.codechef.com/problems/reverse-balanced,Reverse elements using the two-pointer technique.
704,Minimum Sorted Difference,Codeforces,Easy,"Array, Sorting",https://codeforces.com/problemset/problem/2212/C,Find minimum absolute difference between array elements.
705,Valid Compressed Sequence,LeetCode,Easy,"Stack, String",https://leetcode.com/problems/valid-compressed-sequence,Validate a sequence of bracket or character operations.
706,Binary Weighted Check,HackerRank,Easy,"Bit Manipulation, Math",https://www.hackerrank.com/challenges/binary-weighted-check,Determine a numeric property using bit manipulation.
707,Prefix Directed Sum,CodeChef,Easy,"Array, Prefix Sum",https://www.codechef.com/problems/prefix-directed-sum,Compute prefix sums to answer range queries efficiently.
708,Matrix Undirected Diagonal,Codeforces,Easy,"Array, Matrix, Math",https://codeforces.com/problemset/problem/2224/A,Compute the diagonal sum of a square matrix.
709,Linked List Circular Cycle,LeetCode,Easy,"Linked List, Two Pointers",https://leetcode.com/problems/linked-list-circular-cycle,Use Floyd's tortoise-and-hare algorithm to detect cycles.
710,Queue Diagonal Operations,HackerRank,Easy,"Queue, Design",https://www.hackerrank.com/challenges/queue-diagonal-operations,Implement a queue with additional operation support.
711,Sparse Sum,CodeChef,Easy,"Array, Hash Table",https://www.codechef.com/problems/sparse-sum,Find elements in an array that sum to a given target using a hash table.
712,Count Dense in Array,Codeforces,Easy,"Array, Math",https://codeforces.com/problemset/problem/2236/E,Count occurrences of a specific pattern in an integer array.
713,Reverse Binary,LeetCode,Easy,"Array, Two Pointers",https://leetcode.com/problems/reverse-binary,Reverse elements using the two-pointer technique.
714,Minimum Ternary Difference,HackerRank,Easy,"Array, Sorting",https://www.hackerrank.com/challenges/minimum-ternary-difference,Find minimum absolute difference between array elements.
715,Valid Linear Sequence,CodeChef,Easy,"Stack, String",https://www.codechef.com/problems/valid-linear-sequence,Validate a sequence of bracket or character operations.
716,Binary Logarithmic Check,Codeforces,Easy,"Bit Manipulation, Math",https://codeforces.com/problemset/problem/2248/C,Determine a numeric property using bit manipulation.
717,Prefix Optimal Sum,LeetCode,Easy,"Array, Prefix Sum",https://leetcode.com/problems/prefix-optimal-sum,Compute prefix sums to answer range queries efficiently.
718,Matrix Extended Diagonal,HackerRank,Easy,"Array, Matrix, Math",https://www.hackerrank.com/challenges/matrix-extended-diagonal,Compute the diagonal sum of a square matrix.
719,Linked List Variant Cycle,CodeChef,Easy,"Linked List, Two Pointers",https://www.codechef.com/problems/linked-list-variant-cycle,Use Floyd's tortoise-and-hare algorithm to detect cycles.
720,Queue Advanced Operations,Codeforces,Easy,"Queue, Design",https://codeforces.com/problemset/problem/2260/A,Implement a queue with additional operation support.
721,Modified Sum,LeetCode,Easy,"Array, Hash Table",https://leetcode.com/problems/modified-sum,Find elements in an array that sum to a given target using a hash table.
722,Count Classic in Array,HackerRank,Easy,"Array, Math",https://www.hackerrank.com/challenges/count-classic-in-array,Count occurrences of a specific pattern in an integer array.
723,Reverse Two-Pass,CodeChef,Easy,"Array, Two Pointers",https://www.codechef.com/problems/reverse-two-pass,Reverse elements using the two-pointer technique.
724,Minimum Multi-Step Difference,Codeforces,Easy,"Array, Sorting",https://codeforces.com/problemset/problem/2272/E,Find minimum absolute difference between array elements.
725,Valid Recursive Sequence,LeetCode,Easy,"Stack, String",https://leetcode.com/problems/valid-recursive-sequence,Validate a sequence of bracket or character operations.
726,Binary Iterative Check,HackerRank,Easy,"Bit Manipulation, Math",https://www.hackerrank.com/challenges/binary-iterative-check,Determine a numeric property using bit manipulation.
727,Prefix Efficient Sum,CodeChef,Easy,"Array, Prefix Sum",https://www.codechef.com/problems/prefix-efficient-sum,Compute prefix sums to answer range queries efficiently.
728,Matrix Minimal Diagonal,Codeforces,Easy,"Array, Matrix, Math",https://codeforces.com/problemset/problem/2284/C,Compute the diagonal sum of a square matrix.
729,Linked List Maximum Cycle,LeetCode,Easy,"Linked List, Two Pointers",https://leetcode.com/problems/linked-list-maximum-cycle,Use Floyd's tortoise-and-hare algorithm to detect cycles.
730,Queue Minimum Operations,HackerRank,Easy,"Queue, Design",https://www.hackerrank.com/challenges/queue-minimum-operations,Implement a queue with additional operation support.
731,Balanced Sum,CodeChef,Easy,"Array, Hash Table",https://www.codechef.com/problems/balanced-sum,Find elements in an array that sum to a given target using a hash table.
732,Count Sorted in Array,Codeforces,Easy,"Array, Math",https://codeforces.com/problemset/problem/2296/A,Count occurrences of a specific pattern in an integer array.
733,Reverse Compressed,LeetCode,Easy,"Array, Two Pointers",https://leetcode.com/problems/reverse-compressed,Reverse elements using the two-pointer technique.
734,Minimum Weighted Difference,HackerRank,Easy,"Array, Sorting",https://www.hackerrank.com/challenges/minimum-weighted-difference,Find minimum absolute difference between array elements.
735,Valid Directed Sequence,CodeChef,Easy,"Stack, String",https://www.codechef.com/problems/valid-directed-sequence,Validate a sequence of bracket or character operations.
736,Binary Undirected Check,Codeforces,Easy,"Bit Manipulation, Math",https://codeforces.com/problemset/problem/2308/E,Determine a numeric property using bit manipulation.
737,Prefix Circular Sum,LeetCode,Easy,"Array, Prefix Sum",https://leetcode.com/problems/prefix-circular-sum,Compute prefix sums to answer range queries efficiently.
738,Matrix Diagonal Diagonal,HackerRank,Easy,"Array, Matrix, Math",https://www.hackerrank.com/challenges/matrix-diagonal-diagonal,Compute the diagonal sum of a square matrix.
739,Linked List Sparse Cycle,CodeChef,Easy,"Linked List, Two Pointers",https://www.codechef.com/problems/linked-list-sparse-cycle,Use Floyd's tortoise-and-hare algorithm to detect cycles.
740,Queue Dense Operations,Codeforces,Easy,"Queue, Design",https://codeforces.com/problemset/problem/2320/C,Implement a queue with additional operation support.
741,Binary Sum,LeetCode,Easy,"Array, Hash Table",https://leetcode.com/problems/binary-sum,Find elements in an array that sum to a given target using a hash table.
742,Count Ternary in Array,HackerRank,Easy,"Array, Math",https://www.hackerrank.com/challenges/count-ternary-in-array,Count occurrences of a specific pattern in an integer array.
743,Reverse Linear,CodeChef,Easy,"Array, Two Pointers",https://www.codechef.com/problems/reverse-linear,Reverse elements using the two-pointer technique.
744,Minimum Logarithmic Difference,Codeforces,Easy,"Array, Sorting",https://codeforces.com/problemset/problem/2332/A,Find minimum absolute difference between array elements.
745,Valid Optimal Sequence,LeetCode,Easy,"Stack, String",https://leetcode.com/problems/valid-optimal-sequence,Validate a sequence of bracket or character operations.
746,Binary Extended Check,HackerRank,Easy,"Bit Manipulation, Math",https://www.hackerrank.com/challenges/binary-extended-check,Determine a numeric property using bit manipulation.
747,Prefix Variant Sum,CodeChef,Easy,"Array, Prefix Sum",https://www.codechef.com/problems/prefix-variant-sum,Compute prefix sums to answer range queries efficiently.
748,Matrix Advanced Diagonal,Codeforces,Easy,"Array, Matrix, Math",https://codeforces.com/problemset/problem/2344/E,Compute the diagonal sum of a square matrix.
749,Linked List Modified Cycle,LeetCode,Easy,"Linked List, Two Pointers",https://leetcode.com/problems/linked-list-modified-cycle,Use Floyd's tortoise-and-hare algorithm to detect cycles.
750,Queue Classic Operations,HackerRank,Easy,"Queue, Design",https://www.hackerrank.com/challenges/queue-classic-operations,Implement a queue with additional operation support.
751,Two-Pass Sum,CodeChef,Easy,"Array, Hash Table",https://www.codechef.com/problems/two-pass-sum,Find elements in an array that sum to a given target using a hash table.
752,Count Multi-Step in Array,Codeforces,Easy,"Array, Math",https://codeforces.com/problemset/problem/2356/C,Count occurrences of a specific pattern in an integer array.
753,Reverse Recursive,LeetCode,Easy,"Array, Two Pointers",https://leetcode.com/problems/reverse-recursive,Reverse elements using the two-pointer technique.
754,Minimum Iterative Difference,HackerRank,Easy,"Array, Sorting",https://www.hackerrank.com/challenges/minimum-iterative-difference,Find minimum absolute difference between array elements.
755,Valid Efficient Sequence,CodeChef,Easy,"Stack, String",https://www.codechef.com/problems/valid-efficient-sequence,Validate a sequence of bracket or character operations.
756,Binary Minimal Check,Codeforces,Easy,"Bit Manipulation, Math",https://codeforces.com/problemset/problem/2368/A,Determine a numeric property using bit manipulation.
757,Prefix Maximum Sum,LeetCode,Easy,"Array, Prefix Sum",https://leetcode.com/problems/prefix-maximum-sum,Compute prefix sums to answer range queries efficiently.
758,Matrix Minimum Diagonal,HackerRank,Easy,"Array, Matrix, Math",https://www.hackerrank.com/challenges/matrix-minimum-diagonal,Compute the diagonal sum of a square matrix.
759,Linked List Balanced Cycle,CodeChef,Easy,"Linked List, Two Pointers",https://www.codechef.com/problems/linked-list-balanced-cycle,Use Floyd's tortoise-and-hare algorithm to detect cycles.
760,Queue Sorted Operations,Codeforces,Easy,"Queue, Design",https://codeforces.com/problemset/problem/2380/E,Implement a queue with additional operation support.
761,Compressed Sum,LeetCode,Easy,"Array, Hash Table",https://leetcode.com/problems/compressed-sum,Find elements in an array that sum to a given target using a hash table.
762,Count Weighted in Array,HackerRank,Easy,"Array, Math",https://www.hackerrank.com/challenges/count-weighted-in-array,Count occurrences of a specific pattern in an integer array.
763,Reverse Directed,CodeChef,Easy,"Array, Two Pointers",https://www.codechef.com/problems/reverse-directed,Reverse elements using the two-pointer technique.
764,Minimum Undirected Difference,Codeforces,Easy,"Array, Sorting",https://codeforces.com/problemset/problem/2392/C,Find minimum absolute difference between array elements.
765,Valid Circular Sequence,LeetCode,Easy,"Stack, String",https://leetcode.com/problems/valid-circular-sequence,Validate a sequence of bracket or character operations.
766,Binary Diagonal Check,HackerRank,Easy,"Bit Manipulation, Math",https://www.hackerrank.com/challenges/binary-diagonal-check,Determine a numeric property using bit manipulation.
767,Prefix Sparse Sum,CodeChef,Easy,"Array, Prefix Sum",https://www.codechef.com/problems/prefix-sparse-sum,Compute prefix sums to answer range queries efficiently.
768,Matrix Dense Diagonal,Codeforces,Easy,"Array, Matrix, Math",https://codeforces.com/problemset/problem/2404/A,Compute the diagonal sum of a square matrix.
769,Linked List Binary Cycle,LeetCode,Easy,"Linked List, Two Pointers",https://leetcode.com/problems/linked-list-binary-cycle,Use Floyd's tortoise-and-hare algorithm to detect cycles.
770,Queue Ternary Operations,HackerRank,Easy,"Queue, Design",https://www.hackerrank.com/challenges/queue-ternary-operations,Implement a queue with additional operation support.
771,Linear Sum,CodeChef,Easy,"Array, Hash Table",https://www.codechef.com/problems/linear-sum,Find elements in an array that sum to a given target using a hash table.
772,Count Logarithmic in Array,Codeforces,Easy,"Array, Math",https://codeforces.com/problemset/problem/2416/E,Count occurrences of a specific pattern in an integer array.
773,Reverse Optimal,LeetCode,Easy,"Array, Two Pointers",https://leetcode.com/problems/reverse-optimal,Reverse elements using the two-pointer technique.
774,Minimum Extended Difference,HackerRank,Easy,"Array, Sorting",https://www.hackerrank.com/challenges/minimum-extended-difference,Find minimum absolute difference between array elements.
775,Valid Variant Sequence,CodeChef,Easy,"Stack, String",https://www.codechef.com/problems/valid-variant-sequence,Validate a sequence of bracket or character operations.
776,Binary Advanced Check,Codeforces,Easy,"Bit Manipulation, Math",https://codeforces.com/problemset/problem/2428/C,Determine a numeric property using bit manipulation.
777,Prefix Modified Sum,LeetCode,Easy,"Array, Prefix Sum",https://leetcode.com/problems/prefix-modified-sum,Compute prefix sums to answer range queries efficiently.
778,Matrix Classic Diagonal,HackerRank,Easy,"Array, Matrix, Math",https://www.hackerrank.com/challenges/matrix-classic-diagonal,Compute the diagonal sum of a square matrix.
779,Linked List Two-Pass Cycle,CodeChef,Easy,"Linked List, Two Pointers",https://www.codechef.com/problems/linked-list-two-pass-cycle,Use Floyd's tortoise-and-hare algorithm to detect cycles.
780,Queue Multi-Step Operations,Codeforces,Easy,"Queue, Design",https://codeforces.com/problemset/problem/2440/A,Implement a queue with additional operation support.
781,Recursive Sum,LeetCode,Easy,"Array, Hash Table",https://leetcode.com/problems/recursive-sum,Find elements in an array that sum to a given target using a hash table.
782,Count Iterative in Array,HackerRank,Easy,"Array, Math",https://www.hackerrank.com/challenges/count-iterative-in-array,Count occurrences of a specific pattern in an integer array.
783,Reverse Efficient,CodeChef,Easy,"Array, Two Pointers",https://www.codechef.com/problems/reverse-efficient,Reverse elements using the two-pointer technique.
784,Minimum Minimal Difference,Codeforces,Easy,"Array, Sorting",https://codeforces.com/problemset/problem/2452/E,Find minimum absolute difference between array elements.
785,Valid Maximum Sequence,LeetCode,Easy,"Stack, String",https://leetcode.com/problems/valid-maximum-sequence,Validate a sequence of bracket or character operations.
786,Binary Minimum Check,HackerRank,Easy,"Bit Manipulation, Math",https://www.hackerrank.com/challenges/binary-minimum-check,Determine a numeric property using bit manipulation.
787,Prefix Balanced Sum,CodeChef,Easy,"Array, Prefix Sum",https://www.codechef.com/problems/prefix-balanced-sum,Compute prefix sums to answer range queries efficiently.
788,Matrix Sorted Diagonal,Codeforces,Easy,"Array, Matrix, Math",https://codeforces.com/problemset/problem/2464/C,Compute the diagonal sum of a square matrix.
789,Linked List Compressed Cycle,LeetCode,Easy,"Linked List, Two Pointers",https://leetcode.com/problems/linked-list-compressed-cycle,Use Floyd's tortoise-and-hare algorithm to detect cycles.
790,Queue Weighted Operations,HackerRank,Easy,"Queue, Design",https://www.hackerrank.com/challenges/queue-weighted-operations,Implement a queue with additional operation support.
791,Directed Sum,CodeChef,Easy,"Array, Hash Table",https://www.codechef.com/problems/directed-sum,Find elements in an array that sum to a given target using a hash table.
792,Count Undirected in Array,Codeforces,Easy,"Array, Math",https://codeforces.com/problemset/problem/2476/A,Count occurrences of a specific pattern in an integer array.
793,Reverse Circular,LeetCode,Easy,"Array, Two Pointers",https://leetcode.com/problems/reverse-circular,Reverse elements using the two-pointer technique.
794,Minimum Diagonal Difference,HackerRank,Easy,"Array, Sorting",https://www.hackerrank.com/challenges/minimum-diagonal-difference,Find minimum absolute difference between array elements.
795,Valid Sparse Sequence,CodeChef,Easy,"Stack, String",https://www.codechef.com/problems/valid-sparse-sequence,Validate a sequence of bracket or character operations.
796,Binary Dense Check,Codeforces,Easy,"Bit Manipulation, Math",https://codeforces.com/problemset/problem/2488/E,Determine a numeric property using bit manipulation.
797,Prefix Binary Sum,LeetCode,Easy,"Array, Prefix Sum",https://leetcode.com/problems/prefix-binary-sum,Compute prefix sums to answer range queries efficiently.
798,Matrix Ternary Diagonal,HackerRank,Easy,"Array, Matrix, Math",https://www.hackerrank.com/challenges/matrix-ternary-diagonal,Compute the diagonal sum of a square matrix.
799,Linked List Linear Cycle,CodeChef,Easy,"Linked List, Two Pointers",https://www.codechef.com/problems/linked-list-linear-cycle,Use Floyd's tortoise-and-hare algorithm to detect cycles.
800,Queue Logarithmic Operations,Codeforces,Easy,"Queue, Design",https://codeforces.com/problemset/problem/2500/C,Implement a queue with additional operation support.
801,Optimal Sum,LeetCode,Easy,"Array, Hash Table",https://leetcode.com/problems/optimal-sum,Find elements in an array that sum to a given target using a hash table.
802,Count Extended in Array,HackerRank,Easy,"Array, Math",https://www.hackerrank.com/challenges/count-extended-in-array,Count occurrences of a specific pattern in an integer array.
803,Reverse Variant,CodeChef,Easy,"Array, Two Pointers",https://www.codechef.com/problems/reverse-variant,Reverse elements using the two-pointer technique.
804,Minimum Advanced Difference,Codeforces,Easy,"Array, Sorting",https://codeforces.com/problemset/problem/2512/A,Find minimum absolute difference between array elements.
805,Valid Modified Sequence,LeetCode,Easy,"Stack, String",https://leetcode.com/problems/valid-modified-sequence,Validate a sequence of bracket or character operations.
806,Binary Classic Check,HackerRank,Easy,"Bit Manipulation, Math",https://www.hackerrank.com/challenges/binary-classic-check,Determine a numeric property using bit manipulation.
807,Prefix Two-Pass Sum,CodeChef,Easy,"Array, Prefix Sum",https://www.codechef.com/problems/prefix-two-pass-sum,Compute prefix sums to answer range queries efficiently.
808,Matrix Multi-Step Diagonal,Codeforces,Easy,"Array, Matrix, Math",https://codeforces.com/problemset/problem/2524/E,Compute the diagonal sum of a square matrix.
809,Linked List Recursive Cycle,LeetCode,Easy,"Linked List, Two Pointers",https://leetcode.com/problems/linked-list-recursive-cycle,Use Floyd's tortoise-and-hare algorithm to detect cycles.
810,Queue Iterative Operations,HackerRank,Easy,"Queue, Design",https://www.hackerrank.com/challenges/queue-iterative-operations,Implement a queue with additional operation support.
811,Efficient Sum,CodeChef,Easy,"Array, Hash Table",https://www.codechef.com/problems/efficient-sum,Find elements in an array that sum to a given target using a hash table.
812,Count Minimal in Array,Codeforces,Easy,"Array, Math",https://codeforces.com/problemset/problem/2536/C,Count occurrences of a specific pattern in an integer array.
813,Reverse Maximum,LeetCode,Easy,"Array, Two Pointers",https://leetcode.com/problems/reverse-maximum,Reverse elements using the two-pointer technique.
814,Minimum Minimum Difference,HackerRank,Easy,"Array, Sorting",https://www.hackerrank.com/challenges/minimum-minimum-difference,Find minimum absolute difference between array elements.
815,Valid Balanced Sequence,CodeChef,Easy,"Stack, String",https://www.codechef.com/problems/valid-balanced-sequence,Validate a sequence of bracket or character operations.
816,Binary Sorted Check,Codeforces,Easy,"Bit Manipulation, Math",https://codeforces.com/problemset/problem/2548/A,Determine a numeric property using bit manipulation.
817,Prefix Compressed Sum,LeetCode,Easy,"Array, Prefix Sum",https://leetcode.com/problems/prefix-compressed-sum,Compute prefix sums to answer range queries efficiently.
818,Matrix Weighted Diagonal,HackerRank,Easy,"Array, Matrix, Math",https://www.hackerrank.com/challenges/matrix-weighted-diagonal,Compute the diagonal sum of a square matrix.
819,Linked List Directed Cycle,CodeChef,Easy,"Linked List, Two Pointers",https://www.codechef.com/problems/linked-list-directed-cycle,Use Floyd's tortoise-and-hare algorithm to detect cycles.
820,Queue Undirected Operations,Codeforces,Easy,"Queue, Design",https://codeforces.com/problemset/problem/2560/E,Implement a queue with additional operation support.
821,Circular Sum,LeetCode,Easy,"Array, Hash Table",https://leetcode.com/problems/circular-sum,Find elements in an array that sum to a given target using a hash table.
822,Count Diagonal in Array,HackerRank,Easy,"Array, Math",https://www.hackerrank.com/challenges/count-diagonal-in-array,Count occurrences of a specific pattern in an integer array.
823,Reverse Sparse,CodeChef,Easy,"Array, Two Pointers",https://www.codechef.com/problems/reverse-sparse,Reverse elements using the two-pointer technique.
824,Minimum Dense Difference,Codeforces,Easy,"Array, Sorting",https://codeforces.com/problemset/problem/2572/C,Find minimum absolute difference between array elements.
825,Valid Binary Sequence,LeetCode,Easy,"Stack, String",https://leetcode.com/problems/valid-binary-sequence,Validate a sequence of bracket or character operations.
826,Binary Ternary Check,HackerRank,Easy,"Bit Manipulation, Math",https://www.hackerrank.com/challenges/binary-ternary-check,Determine a numeric property using bit manipulation.
827,Prefix Linear Sum,CodeChef,Easy,"Array, Prefix Sum",https://www.codechef.com/problems/prefix-linear-sum,Compute prefix sums to answer range queries efficiently.
828,Matrix Logarithmic Diagonal,Codeforces,Easy,"Array, Matrix, Math",https://codeforces.com/problemset/problem/2584/A,Compute the diagonal sum of a square matrix.
829,Linked List Optimal Cycle,LeetCode,Easy,"Linked List, Two Pointers",https://leetcode.com/problems/linked-list-optimal-cycle,Use Floyd's tortoise-and-hare algorithm to detect cycles.
830,Queue Extended Operations,HackerRank,Easy,"Queue, Design",https://www.hackerrank.com/challenges/queue-extended-operations,Implement a queue with additional operation support.
831,Variant Sum,CodeChef,Easy,"Array, Hash Table",https://www.codechef.com/problems/variant-sum,Find elements in an array that sum to a given target using a hash table.
832,Count Advanced in Array,Codeforces,Easy,"Array, Math",https://codeforces.com/problemset/problem/2596/E,Count occurrences of a specific pattern in an integer array.
833,Reverse Modified,LeetCode,Easy,"Array, Two Pointers",https://leetcode.com/problems/reverse-modified,Reverse elements using the two-pointer technique.
834,Minimum Classic Difference,HackerRank,Easy,"Array, Sorting",https://www.hackerrank.com/challenges/minimum-classic-difference,Find minimum absolute difference between array elements.
835,Valid Two-Pass Sequence,CodeChef,Easy,"Stack, String",https://www.codechef.com/problems/valid-two-pass-sequence,Validate a sequence of bracket or character operations.
836,Binary Multi-Step Check,Codeforces,Easy,"Bit Manipulation, Math",https://codeforces.com/problemset/problem/2608/C,Determine a numeric property using bit manipulation.
837,Prefix Recursive Sum,LeetCode,Easy,"Array, Prefix Sum",https://leetcode.com/problems/prefix-recursive-sum,Compute prefix sums to answer range queries efficiently.
838,Matrix Iterative Diagonal,HackerRank,Easy,"Array, Matrix, Math",https://www.hackerrank.com/challenges/matrix-iterative-diagonal,Compute the diagonal sum of a square matrix.
839,Linked List Efficient Cycle,CodeChef,Easy,"Linked List, Two Pointers",https://www.codechef.com/problems/linked-list-efficient-cycle,Use Floyd's tortoise-and-hare algorithm to detect cycles.
840,Queue Minimal Operations,Codeforces,Easy,"Queue, Design",https://codeforces.com/problemset/problem/2620/A,Implement a queue with additional operation support.
841,Maximum Sum,LeetCode,Easy,"Array, Hash Table",https://leetcode.com/problems/maximum-sum,Find elements in an array that sum to a given target using a hash table.
842,Count Minimum in Array,HackerRank,Easy,"Array, Math",https://www.hackerrank.com/challenges/count-minimum-in-array,Count occurrences of a specific pattern in an integer array.
843,Reverse Balanced,CodeChef,Easy,"Array, Two Pointers",https://www.codechef.com/problems/reverse-balanced,Reverse elements using the two-pointer technique.
844,Minimum Sorted Difference,Codeforces,Easy,"Array, Sorting",https://codeforces.com/problemset/problem/2632/E,Find minimum absolute difference between array elements.
845,Valid Compressed Sequence,LeetCode,Easy,"Stack, String",https://leetcode.com/problems/valid-compressed-sequence,Validate a sequence of bracket or character operations.
846,Binary Weighted Check,HackerRank,Easy,"Bit Manipulation, Math",https://www.hackerrank.com/challenges/binary-weighted-check,Determine a numeric property using bit manipulation.
847,Prefix Directed Sum,CodeChef,Easy,"Array, Prefix Sum",https://www.codechef.com/problems/prefix-directed-sum,Compute prefix sums to answer range queries efficiently.
848,Matrix Undirected Diagonal,Codeforces,Easy,"Array, Matrix, Math",https://codeforces.com/problemset/problem/2644/C,Compute the diagonal sum of a square matrix.
849,Linked List Circular Cycle,LeetCode,Easy,"Linked List, Two Pointers",https://leetcode.com/problems/linked-list-circular-cycle,Use Floyd's tortoise-and-hare algorithm to detect cycles.
850,Queue Diagonal Operations,HackerRank,Easy,"Queue, Design",https://www.hackerrank.com/challenges/queue-diagonal-operations,Implement a queue with additional operation support.
851,Sparse Sum,CodeChef,Easy,"Array, Hash Table",https://www.codechef.com/problems/sparse-sum,Find elements in an array that sum to a given target using a hash table.
852,Count Dense in Array,Codeforces,Easy,"Array, Math",https://codeforces.com/problemset/problem/2656/A,Count occurrences of a specific pattern in an integer array.
853,Reverse Binary,LeetCode,Easy,"Array, Two Pointers",https://leetcode.com/problems/reverse-binary,Reverse elements using the two-pointer technique.
854,Minimum Ternary Difference,HackerRank,Easy,"Array, Sorting",https://www.hackerrank.com/challenges/minimum-ternary-difference,Find minimum absolute difference between array elements.
855,Valid Linear Sequence,CodeChef,Easy,"Stack, String",https://www.codechef.com/problems/valid-linear-sequence,Validate a sequence of bracket or character operations.
856,Binary Logarithmic Check,Codeforces,Easy,"Bit Manipulation, Math",https://codeforces.com/problemset/problem/2668/E,Determine a numeric property using bit manipulation.
857,Prefix Optimal Sum,LeetCode,Easy,"Array, Prefix Sum",https://leetcode.com/problems/prefix-optimal-sum,Compute prefix sums to answer range queries efficiently.
858,Matrix Extended Diagonal,HackerRank,Easy,"Array, Matrix, Math",https://www.hackerrank.com/challenges/matrix-extended-diagonal,Compute the diagonal sum of a square matrix.
859,Linked List Variant Cycle,CodeChef,Easy,"Linked List, Two Pointers",https://www.codechef.com/problems/linked-list-variant-cycle,Use Floyd's tortoise-and-hare algorithm to detect cycles.
860,Queue Advanced Operations,Codeforces,Easy,"Queue, Design",https://codeforces.com/problemset/problem/2680/C,Implement a queue with additional operation support.
861,Modified Sum,LeetCode,Easy,"Array, Hash Table",https://leetcode.com/problems/modified-sum,Find elements in an array that sum to a given target using a hash table.
862,Count Classic in Array,HackerRank,Easy,"Array, Math",https://www.hackerrank.com/challenges/count-classic-in-array,Count occurrences of a specific pattern in an integer array.
863,Reverse Two-Pass,CodeChef,Easy,"Array, Two Pointers",https://www.codechef.com/problems/reverse-two-pass,Reverse elements using the two-pointer technique.
864,Minimum Multi-Step Difference,Codeforces,Easy,"Array, Sorting",https://codeforces.com/problemset/problem/2692/A,Find minimum absolute difference between array elements.
865,Valid Recursive Sequence,LeetCode,Easy,"Stack, String",https://leetcode.com/problems/valid-recursive-sequence,Validate a sequence of bracket or character operations.
866,Binary Iterative Check,HackerRank,Easy,"Bit Manipulation, Math",https://www.hackerrank.com/challenges/binary-iterative-check,Determine a numeric property using bit manipulation.
867,Prefix Efficient Sum,CodeChef,Easy,"Array, Prefix Sum",https://www.codechef.com/problems/prefix-efficient-sum,Compute prefix sums to answer range queries efficiently.
868,Matrix Minimal Diagonal,Codeforces,Easy,"Array, Matrix, Math",https://codeforces.com/problemset/problem/2704/E,Compute the diagonal sum of a square matrix.
869,Linked List Maximum Cycle,LeetCode,Easy,"Linked List, Two Pointers",https://leetcode.com/problems/linked-list-maximum-cycle,Use Floyd's tortoise-and-hare algorithm to detect cycles.
870,Queue Minimum Operations,HackerRank,Easy,"Queue, Design",https://www.hackerrank.com/challenges/queue-minimum-operations,Implement a queue with additional operation support.
871,Balanced Sum,CodeChef,Easy,"Array, Hash Table",https://www.codechef.com/problems/balanced-sum,Find elements in an array that sum to a given target using a hash table.
872,Count Sorted in Array,Codeforces,Easy,"Array, Math",https://codeforces.com/problemset/problem/2716/C,Count occurrences of a specific pattern in an integer array.
873,Reverse Compressed,LeetCode,Easy,"Array, Two Pointers",https://leetcode.com/problems/reverse-compressed,Reverse elements using the two-pointer technique.
874,Minimum Weighted Difference,HackerRank,Easy,"Array, Sorting",https://www.hackerrank.com/challenges/minimum-weighted-difference,Find minimum absolute difference between array elements.
875,Valid Directed Sequence,CodeChef,Easy,"Stack, String",https://www.codechef.com/problems/valid-directed-sequence,Validate a sequence of bracket or character operations.
876,Binary Undirected Check,Codeforces,Easy,"Bit Manipulation, Math",https://codeforces.com/problemset/problem/2728/A,Determine a numeric property using bit manipulation.
877,Prefix Circular Sum,LeetCode,Easy,"Array, Prefix Sum",https://leetcode.com/problems/prefix-circular-sum,Compute prefix sums to answer range queries efficiently.
878,Matrix Diagonal Diagonal,HackerRank,Easy,"Array, Matrix, Math",https://www.hackerrank.com/challenges/matrix-diagonal-diagonal,Compute the diagonal sum of a square matrix.
879,Linked List Sparse Cycle,CodeChef,Easy,"Linked List, Two Pointers",https://www.codechef.com/problems/linked-list-sparse-cycle,Use Floyd's tortoise-and-hare algorithm to detect cycles.
880,Queue Dense Operations,Codeforces,Easy,"Queue, Design",https://codeforces.com/problemset/problem/2740/E,Implement a queue with additional operation support.
881,Binary Sum,LeetCode,Easy,"Array, Hash Table",https://leetcode.com/problems/binary-sum,Find elements in an array that sum to a given target using a hash table.
882,Count Ternary in Array,HackerRank,Easy,"Array, Math",https://www.hackerrank.com/challenges/count-ternary-in-array,Count occurrences of a specific pattern in an integer array.
883,Reverse Linear,CodeChef,Easy,"Array, Two Pointers",https://www.codechef.com/problems/reverse-linear,Reverse elements using the two-pointer technique.
884,Minimum Logarithmic Difference,Codeforces,Easy,"Array, Sorting",https://codeforces.com/problemset/problem/2752/C,Find minimum absolute difference between array elements.
885,Valid Optimal Sequence,LeetCode,Easy,"Stack, String",https://leetcode.com/problems/valid-optimal-sequence,Validate a sequence of bracket or character operations.
886,Binary Extended Check,HackerRank,Easy,"Bit Manipulation, Math",https://www.hackerrank.com/challenges/binary-extended-check,Determine a numeric property using bit manipulation.
887,Prefix Variant Sum,CodeChef,Easy,"Array, Prefix Sum",https://www.codechef.com/problems/prefix-variant-sum,Compute prefix sums to answer range queries efficiently.
888,Matrix Advanced Diagonal,Codeforces,Easy,"Array, Matrix, Math",https://codeforces.com/problemset/problem/2764/A,Compute the diagonal sum of a square matrix.
889,Linked List Modified Cycle,LeetCode,Easy,"Linked List, Two Pointers",https://leetcode.com/problems/linked-list-modified-cycle,Use Floyd's tortoise-and-hare algorithm to detect cycles.
890,Queue Classic Operations,HackerRank,Easy,"Queue, Design",https://www.hackerrank.com/challenges/queue-classic-operations,Implement a queue with additional operation support.
891,Two-Pass Sum,CodeChef,Easy,"Array, Hash Table",https://www.codechef.com/problems/two-pass-sum,Find elements in an array that sum to a given target using a hash table.
892,Count Multi-Step in Array,Codeforces,Easy,"Array, Math",https://codeforces.com/problemset/problem/2776/E,Count occurrences of a specific pattern in an integer array.
893,Reverse Recursive,LeetCode,Easy,"Array, Two Pointers",https://leetcode.com/problems/reverse-recursive,Reverse elements using the two-pointer technique.
894,Minimum Iterative Difference,HackerRank,Easy,"Array, Sorting",https://www.hackerrank.com/challenges/minimum-iterative-difference,Find minimum absolute difference between array elements.
895,Valid Efficient Sequence,CodeChef,Easy,"Stack, String",https://www.codechef.com/problems/valid-efficient-sequence,Validate a sequence of bracket or character operations.
896,Binary Minimal Check,Codeforces,Easy,"Bit Manipulation, Math",https://codeforces.com/problemset/problem/2788/C,Determine a numeric property using bit manipulation.
897,Prefix Maximum Sum,LeetCode,Easy,"Array, Prefix Sum",https://leetcode.com/problems/prefix-maximum-sum,Compute prefix sums to answer range queries efficiently.
898,Matrix Minimum Diagonal,HackerRank,Easy,"Array, Matrix, Math",https://www.hackerrank.com/challenges/matrix-minimum-diagonal,Compute the diagonal sum of a square matrix.
899,Linked List Balanced Cycle,CodeChef,Easy,"Linked List, Two Pointers",https://www.codechef.com/problems/linked-list-balanced-cycle,Use Floyd's tortoise-and-hare algorithm to detect cycles.
900,Queue Sorted Operations,Codeforces,Easy,"Queue, Design",https://codeforces.com/problemset/problem/2800/A,Implement a queue with additional operation support.
901,Compressed Sum,LeetCode,Easy,"Array, Hash Table",https://leetcode.com/problems/compressed-sum,Find elements in an array that sum to a given target using a hash table.
902,Count Weighted in Array,HackerRank,Easy,"Array, Math",https://www.hackerrank.com/challenges/count-weighted-in-array,Count occurrences of a specific pattern in an integer array.
903,Reverse Directed,CodeChef,Easy,"Array, Two Pointers",https://www.codechef.com/problems/reverse-directed,Reverse elements using the two-pointer technique.
904,Minimum Undirected Difference,Codeforces,Easy,"Array, Sorting",https://codeforces.com/problemset/problem/2812/E,Find minimum absolute difference between array elements.
905,Valid Circular Sequence,LeetCode,Easy,"Stack, String",https://leetcode.com/problems/valid-circular-sequence,Validate a sequence of bracket or character operations.
906,Binary Diagonal Check,HackerRank,Easy,"Bit Manipulation, Math",https://www.hackerrank.com/challenges/binary-diagonal-check,Determine a numeric property using bit manipulation.
907,Prefix Sparse Sum,CodeChef,Easy,"Array, Prefix Sum",https://www.codechef.com/problems/prefix-sparse-sum,Compute prefix sums to answer range queries efficiently.
908,Matrix Dense Diagonal,Codeforces,Easy,"Array, Matrix, Math",https://codeforces.com/problemset/problem/2824/C,Compute the diagonal sum of a square matrix.
909,Linked List Binary Cycle,LeetCode,Easy,"Linked List, Two Pointers",https://leetcode.com/problems/linked-list-binary-cycle,Use Floyd's tortoise-and-hare algorithm to detect cycles.
910,Queue Ternary Operations,HackerRank,Easy,"Queue, Design",https://www.hackerrank.com/challenges/queue-ternary-operations,Implement a queue with additional operation support.
911,Linear Sum,CodeChef,Easy,"Array, Hash Table",https://www.codechef.com/problems/linear-sum,Find elements in an array that sum to a given target using a hash table.
912,Count Logarithmic in Array,Codeforces,Easy,"Array, Math",https://codeforces.com/problemset/problem/2836/A,Count occurrences of a specific pattern in an integer array.
913,Reverse Optimal,LeetCode,Easy,"Array, Two Pointers",https://leetcode.com/problems/reverse-optimal,Reverse elements using the two-pointer technique.
914,Minimum Extended Difference,HackerRank,Easy,"Array, Sorting",https://www.hackerrank.com/challenges/minimum-extended-difference,Find minimum absolute difference between array elements.
915,Valid Variant Sequence,CodeChef,Easy,"Stack, String",https://www.codechef.com/problems/valid-variant-sequence,Validate a sequence of bracket or character operations.
916,Binary Advanced Check,Codeforces,Easy,"Bit Manipulation, Math",https://codeforces.com/problemset/problem/2848/E,Determine a numeric property using bit manipulation.
917,Prefix Modified Sum,LeetCode,Easy,"Array, Prefix Sum",https://leetcode.com/problems/prefix-modified-sum,Compute prefix sums to answer range queries efficiently.
918,Matrix Classic Diagonal,HackerRank,Easy,"Array, Matrix, Math",https://www.hackerrank.com/challenges/matrix-classic-diagonal,Compute the diagonal sum of a square matrix.
919,Linked List Two-Pass Cycle,CodeChef,Easy,"Linked List, Two Pointers",https://www.codechef.com/problems/linked-list-two-pass-cycle,Use Floyd's tortoise-and-hare algorithm to detect cycles.
920,Queue Multi-Step Operations,Codeforces,Easy,"Queue, Design",https://codeforces.com/problemset/problem/2860/C,Implement a queue with additional operation support.
921,Recursive Sum,LeetCode,Easy,"Array, Hash Table",https://leetcode.com/problems/recursive-sum,Find elements in an array that sum to a given target using a hash table.
922,Count Iterative in Array,HackerRank,Easy,"Array, Math",https://www.hackerrank.com/challenges/count-iterative-in-array,Count occurrences of a specific pattern in an integer array.
923,Reverse Efficient,CodeChef,Easy,"Array, Two Pointers",https://www.codechef.com/problems/reverse-efficient,Reverse elements using the two-pointer technique.
924,Minimum Minimal Difference,Codeforces,Easy,"Array, Sorting",https://codeforces.com/problemset/problem/2872/A,Find minimum absolute difference between array elements.
925,Valid Maximum Sequence,LeetCode,Easy,"Stack, String",https://leetcode.com/problems/valid-maximum-sequence,Validate a sequence of bracket or character operations.
926,Binary Minimum Check,HackerRank,Easy,"Bit Manipulation, Math",https://www.hackerrank.com/challenges/binary-minimum-check,Determine a numeric property using bit manipulation.
927,Prefix Balanced Sum,CodeChef,Easy,"Array, Prefix Sum",https://www.codechef.com/problems/prefix-balanced-sum,Compute prefix sums to answer range queries efficiently.
928,Matrix Sorted Diagonal,Codeforces,Easy,"Array, Matrix, Math",https://codeforces.com/problemset/problem/2884/E,Compute the diagonal sum of a square matrix.
929,Linked List Compressed Cycle,LeetCode,Easy,"Linked List, Two Pointers",https://leetcode.com/problems/linked-list-compressed-cycle,Use Floyd's tortoise-and-hare algorithm to detect cycles.
930,Queue Weighted Operations,HackerRank,Easy,"Queue, Design",https://www.hackerrank.com/challenges/queue-weighted-operations,Implement a queue with additional operation support.
931,Directed Sum,CodeChef,Easy,"Array, Hash Table",https://www.codechef.com/problems/directed-sum,Find elements in an array that sum to a given target using a hash table.
932,Count Undirected in Array,Codeforces,Easy,"Array, Math",https://codeforces.com/problemset/problem/2896/C,Count occurrences of a specific pattern in an integer array.
933,Reverse Circular,LeetCode,Easy,"Array, Two Pointers",https://leetcode.com/problems/reverse-circular,Reverse elements using the two-pointer technique.
934,Minimum Diagonal Difference,HackerRank,Easy,"Array, Sorting",https://www.hackerrank.com/challenges/minimum-diagonal-difference,Find minimum absolute difference between array elements.
935,Valid Sparse Sequence,CodeChef,Easy,"Stack, String",https://www.codechef.com/problems/valid-sparse-sequence,Validate a sequence of bracket or character operations.
936,Binary Dense Check,Codeforces,Easy,"Bit Manipulation, Math",https://codeforces.com/problemset/problem/2908/A,Determine a numeric property using bit manipulation.
937,Prefix Binary Sum,LeetCode,Easy,"Array, Prefix Sum",https://leetcode.com/problems/prefix-binary-sum,Compute prefix sums to answer range queries efficiently.
938,Matrix Ternary Diagonal,HackerRank,Easy,"Array, Matrix, Math",https://www.hackerrank.com/challenges/matrix-ternary-diagonal,Compute the diagonal sum of a square matrix.
939,Linked List Linear Cycle,CodeChef,Easy,"Linked List, Two Pointers",https://www.codechef.com/problems/linked-list-linear-cycle,Use Floyd's tortoise-and-hare algorithm to detect cycles.
940,Queue Logarithmic Operations,Codeforces,Easy,"Queue, Design",https://codeforces.com/problemset/problem/2920/E,Implement a queue with additional operation support.
941,Optimal Sum,LeetCode,Easy,"Array, Hash Table",https://leetcode.com/problems/optimal-sum,Find elements in an array that sum to a given target using a hash table.
942,Count Extended in Array,HackerRank,Easy,"Array, Math",https://www.hackerrank.com/challenges/count-extended-in-array,Count occurrences of a specific pattern in an integer array.
943,Reverse Variant,CodeChef,Easy,"Array, Two Pointers",https://www.codechef.com/problems/reverse-variant,Reverse elements using the two-pointer technique.
944,Minimum Advanced Difference,Codeforces,Easy,"Array, Sorting",https://codeforces.com/problemset/problem/2932/C,Find minimum absolute difference between array elements.
945,Valid Modified Sequence,LeetCode,Easy,"Stack, String",https://leetcode.com/problems/valid-modified-sequence,Validate a sequence of bracket or character operations.
946,Binary Classic Check,HackerRank,Easy,"Bit Manipulation, Math",https://www.hackerrank.com/challenges/binary-classic-check,Determine a numeric property using bit manipulation.
947,Prefix Two-Pass Sum,CodeChef,Easy,"Array, Prefix Sum",https://www.codechef.com/problems/prefix-two-pass-sum,Compute prefix sums to answer range queries efficiently.
948,Matrix Multi-Step Diagonal,Codeforces,Easy,"Array, Matrix, Math",https://codeforces.com/problemset/problem/2944/A,Compute the diagonal sum of a square matrix.
949,Linked List Recursive Cycle,LeetCode,Easy,"Linked List, Two Pointers",https://leetcode.com/problems/linked-list-recursive-cycle,Use Floyd's tortoise-and-hare algorithm to detect cycles.
950,Queue Iterative Operations,HackerRank,Easy,"Queue, Design",https://www.hackerrank.com/challenges/queue-iterative-operations,Implement a queue with additional operation support.
951,Efficient Sum,CodeChef,Easy,"Array, Hash Table",https://www.codechef.com/problems/efficient-sum,Find elements in an array that sum to a given target using a hash table.
952,Count Minimal in Array,Codeforces,Easy,"Array, Math",https://codeforces.com/problemset/problem/2956/E,Count occurrences of a specific pattern in an integer array.
953,Reverse Maximum,LeetCode,Easy,"Array, Two Pointers",https://leetcode.com/problems/reverse-maximum,Reverse elements using the two-pointer technique.
954,Minimum Minimum Difference,HackerRank,Easy,"Array, Sorting",https://www.hackerrank.com/challenges/minimum-minimum-difference,Find minimum absolute difference between array elements.
955,Valid Balanced Sequence,CodeChef,Easy,"Stack, String",https://www.codechef.com/problems/valid-balanced-sequence,Validate a sequence of bracket or character operations.
956,Binary Sorted Check,Codeforces,Easy,"Bit Manipulation, Math",https://codeforces.com/problemset/problem/2968/C,Determine a numeric property using bit manipulation.
957,Prefix Compressed Sum,LeetCode,Easy,"Array, Prefix Sum",https://leetcode.com/problems/prefix-compressed-sum,Compute prefix sums to answer range queries efficiently.
958,Matrix Weighted Diagonal,HackerRank,Easy,"Array, Matrix, Math",https://www.hackerrank.com/challenges/matrix-weighted-diagonal,Compute the diagonal sum of a square matrix.
959,Linked List Directed Cycle,CodeChef,Easy,"Linked List, Two Pointers",https://www.codechef.com/problems/linked-list-directed-cycle,Use Floyd's tortoise-and-hare algorithm to detect cycles.
960,Queue Undirected Operations,Codeforces,Easy,"Queue, Design",https://codeforces.com/problemset/problem/2980/A,Implement a queue with additional operation support.
961,Circular Sum,LeetCode,Easy,"Array, Hash Table",https://leetcode.com/problems/circular-sum,Find elements in an array that sum to a given target using a hash table.
962,Count Diagonal in Array,HackerRank,Easy,"Array, Math",https://www.hackerrank.com/challenges/count-diagonal-in-array,Count occurrences of a specific pattern in an integer array.
963,Reverse Sparse,CodeChef,Easy,"Array, Two Pointers",https://www.codechef.com/problems/reverse-sparse,Reverse elements using the two-pointer technique.
964,Minimum Dense Difference,Codeforces,Easy,"Array, Sorting",https://codeforces.com/problemset/problem/2992/E,Find minimum absolute difference between array elements.
965,Valid Binary Sequence,LeetCode,Easy,"Stack, String",https://leetcode.com/problems/valid-binary-sequence,Validate a sequence of bracket or character operations.
966,Binary Ternary Check,HackerRank,Easy,"Bit Manipulation, Math",https://www.hackerrank.com/challenges/binary-ternary-check,Determine a numeric property using bit manipulation.
967,Prefix Linear Sum,CodeChef,Easy,"Array, Prefix Sum",https://www.codechef.com/problems/prefix-linear-sum,Compute prefix sums to answer range queries efficiently.
968,Matrix Logarithmic Diagonal,Codeforces,Easy,"Array, Matrix, Math",https://codeforces.com/problemset/problem/3004/C,Compute the diagonal sum of a square matrix.
969,Linked List Optimal Cycle,LeetCode,Easy,"Linked List, Two Pointers",https://leetcode.com/problems/linked-list-optimal-cycle,Use Floyd's tortoise-and-hare algorithm to detect cycles.
970,Queue Extended Operations,HackerRank,Easy,"Queue, Design",https://www.hackerrank.com/challenges/queue-extended-operations,Implement a queue with additional operation support.
971,Variant Sum,CodeChef,Easy,"Array, Hash Table",https://www.codechef.com/problems/variant-sum,Find elements in an array that sum to a given target using a hash table.
972,Count Advanced in Array,Codeforces,Easy,"Array, Math",https://codeforces.com/problemset/problem/3016/A,Count occurrences of a specific pattern in an integer array.
973,Reverse Modified,LeetCode,Easy,"Array, Two Pointers",https://leetcode.com/problems/reverse-modified,Reverse elements using the two-pointer technique.
974,Minimum Classic Difference,HackerRank,Easy,"Array, Sorting",https://www.hackerrank.com/challenges/minimum-classic-difference,Find minimum absolute difference between array elements.
975,Valid Two-Pass Sequence,CodeChef,Easy,"Stack, String",https://www.codechef.com/problems/valid-two-pass-sequence,Validate a sequence of bracket or character operations.
976,Binary Multi-Step Check,Codeforces,Easy,"Bit Manipulation, Math",https://codeforces.com/problemset/problem/3028/E,Determine a numeric property using bit manipulation.
977,Prefix Recursive Sum,LeetCode,Easy,"Array, Prefix Sum",https://leetcode.com/problems/prefix-recursive-sum,Compute prefix sums to answer range queries efficiently.
978,Matrix Iterative Diagonal,HackerRank,Easy,"Array, Matrix, Math",https://www.hackerrank.com/challenges/matrix-iterative-diagonal,Compute the diagonal sum of a square matrix.
979,Linked List Efficient Cycle,CodeChef,Easy,"Linked List, Two Pointers",https://www.codechef.com/problems/linked-list-efficient-cycle,Use Floyd's tortoise-and-hare algorithm to detect cycles.
980,Queue Minimal Operations,Codeforces,Easy,"Queue, Design",https://codeforces.com/problemset/problem/3040/C,Implement a queue with additional operation support.
981,Maximum Sum,LeetCode,Easy,"Array, Hash Table",https://leetcode.com/problems/maximum-sum,Find elements in an array that sum to a given target using a hash table.
982,Count Minimum in Array,HackerRank,Easy,"Array, Math",https://www.hackerrank.com/challenges/count-minimum-in-array,Count occurrences of a specific pattern in an integer array.
983,Reverse Balanced,CodeChef,Easy,"Array, Two Pointers",https://www.codechef.com/problems/reverse-balanced,Reverse elements using the two-pointer technique.
984,Minimum Sorted Difference,Codeforces,Easy,"Array, Sorting",https://codeforces.com/problemset/problem/3052/A,Find minimum absolute difference between array elements.
985,Valid Compressed Sequence,LeetCode,Easy,"Stack, String",https://leetcode.com/problems/valid-compressed-sequence,Validate a sequence of bracket or character operations.
986,Binary Weighted Check,HackerRank,Easy,"Bit Manipulation, Math",https://www.hackerrank.com/challenges/binary-weighted-check,Determine a numeric property using bit manipulation.
987,Prefix Directed Sum,CodeChef,Easy,"Array, Prefix Sum",https://www.codechef.com/problems/prefix-directed-sum,Compute prefix sums to answer range queries efficiently.
988,Matrix Undirected Diagonal,Codeforces,Easy,"Array, Matrix, Math",https://codeforces.com/problemset/problem/3064/E,Compute the diagonal sum of a square matrix.
989,Linked List Circular Cycle,LeetCode,Easy,"Linked List, Two Pointers",https://leetcode.com/problems/linked-list-circular-cycle,Use Floyd's tortoise-and-hare algorithm to detect cycles.
990,Queue Diagonal Operations,HackerRank,Easy,"Queue, Design",https://www.hackerrank.com/challenges/queue-diagonal-operations,Implement a queue with additional operation support.
991,Sparse Sum,CodeChef,Easy,"Array, Hash Table",https://www.codechef.com/problems/sparse-sum,Find elements in an array that sum to a given target using a hash table.
992,Count Dense in Array,Codeforces,Easy,"Array, Math",https://codeforces.com/problemset/problem/3076/C,Count occurrences of a specific pattern in an integer array.
993,Reverse Binary,LeetCode,Easy,"Array, Two Pointers",https://leetcode.com/problems/reverse-binary,Reverse elements using the two-pointer technique.
994,Minimum Ternary Difference,HackerRank,Easy,"Array, Sorting",https://www.hackerrank.com/challenges/minimum-ternary-difference,Find minimum absolute difference between array elements.
995,Valid Linear Sequence,CodeChef,Easy,"Stack, String",https://www.codechef.com/problems/valid-linear-sequence,Validate a sequence of bracket or character operations.
996,Binary Logarithmic Check,Codeforces,Easy,"Bit Manipulation, Math",https://codeforces.com/problemset/problem/3088/A,Determine a numeric property using bit manipulation.
997,Prefix Optimal Sum,LeetCode,Easy,"Array, Prefix Sum",https://leetcode.com/problems/prefix-optimal-sum,Compute prefix sums to answer range queries efficiently.
998,Matrix Extended Diagonal,HackerRank,Easy,"Array, Matrix, Math",https://www.hackerrank.com/challenges/matrix-extended-diagonal,Compute the diagonal sum of a square matrix.
999,Linked List Variant Cycle,CodeChef,Easy,"Linked List, Two Pointers",https://www.codechef.com/problems/linked-list-variant-cycle,Use Floyd's tortoise-and-hare algorithm to detect cycles.
1000,Queue Advanced Operations,Codeforces,Easy,"Queue, Design",https://codeforces.com/problemset/problem/3100/E,Implement a queue with additional operation support.
1001,3Sum,LeetCode,Medium,"Array, Two Pointers, Sorting",https://leetcode.com/problems/3sum,Find all unique triplets in an array that sum to zero.
1002,Container With Most Water,LeetCode,Medium,"Array, Two Pointers",https://leetcode.com/problems/container-with-most-water,Find two lines that together with the x-axis form a container holding the most water.
1003,Product of Array Except Self,LeetCode,Medium,"Array, Prefix Sum",https://leetcode.com/problems/product-of-array-except-self,Return an array where each element is the product of all other elements without division.
1004,Rotate Array,LeetCode,Medium,"Array, Two Pointers",https://leetcode.com/problems/rotate-array,Rotate an array to the right by k steps in-place.
1005,Subarray Sum Equals K,LeetCode,Medium,"Array, Hash Table, Prefix Sum",https://leetcode.com/problems/subarray-sum-equals-k,Count subarrays whose elements sum to a target k.
1006,Maximum Product Subarray,LeetCode,Medium,"Array, Dynamic Programming",https://leetcode.com/problems/maximum-product-subarray,Find the contiguous subarray with the largest product.
1007,Find Minimum in Rotated Sorted Array,LeetCode,Medium,"Array, Binary Search",https://leetcode.com/problems/find-minimum-in-rotated-sorted-array,Find the minimum element in a rotated sorted array.
1008,Search in Rotated Sorted Array,LeetCode,Medium,"Array, Binary Search",https://leetcode.com/problems/search-in-rotated-sorted-array,Search for a target in a sorted array rotated at an unknown pivot.
1009,Spiral Matrix,LeetCode,Medium,"Array, Matrix, Simulation",https://leetcode.com/problems/spiral-matrix,Return all elements of an m x n matrix in spiral order.
1010,Rotate Image,LeetCode,Medium,"Array, Matrix",https://leetcode.com/problems/rotate-image,Rotate an n x n matrix 90 degrees clockwise in-place.
1011,Set Matrix Zeroes,LeetCode,Medium,"Array, Matrix, Hash Table",https://leetcode.com/problems/set-matrix-zeroes,"Set entire row and column to zero if an element is zero, in-place."
1012,Sort Colors,LeetCode,Medium,"Array, Two Pointers, Sorting",https://leetcode.com/problems/sort-colors,"Sort an array of 0s, 1s, and 2s in-place without extra space."
1013,Jump Game,LeetCode,Medium,"Array, Greedy",https://leetcode.com/problems/jump-game,Determine if you can reach the last index given jump lengths.
1014,Jump Game II,LeetCode,Medium,"Array, Greedy",https://leetcode.com/problems/jump-game-ii,Return the minimum number of jumps to reach the last index.
1015,Gas Station,LeetCode,Medium,"Array, Greedy",https://leetcode.com/problems/gas-station,Find the starting gas station index to complete a circular route.
1016,Candy,LeetCode,Medium,"Array, Greedy",https://leetcode.com/problems/candy,Distribute minimum candies to children based on rating rules.
1017,Longest Subarray of 1s After Deleting One Element,LeetCode,Medium,"Array, Sliding Window",https://leetcode.com/problems/longest-subarray-of-1s-after-deleting-one-element,Find longest subarray of 1s achievable by deleting exactly one element.
1018,Fruit Into Baskets,LeetCode,Medium,"Array, Sliding Window, Hash Table",https://leetcode.com/problems/fruit-into-baskets,Find longest subarray containing at most two distinct fruit types.
1019,Minimum Size Subarray Sum,LeetCode,Medium,"Array, Sliding Window, Binary Search",https://leetcode.com/problems/minimum-size-subarray-sum,Find the minimum length subarray whose sum is at least target.
1020,Longest Repeating Character Replacement,LeetCode,Medium,"String, Sliding Window",https://leetcode.com/problems/longest-repeating-character-replacement,Find the longest substring with same letters after at most k replacements.
1021,Longest Substring Without Repeating Characters,LeetCode,Medium,"String, Sliding Window, Hash Table",https://leetcode.com/problems/longest-substring-without-repeating-characters,Find the length of the longest substring with all unique characters.
1022,Group Anagrams,LeetCode,Medium,"String, Hash Table, Sorting",https://leetcode.com/problems/group-anagrams,Group strings that are anagrams of each other.
1023,Longest Palindromic Substring,LeetCode,Medium,"String, Dynamic Programming",https://leetcode.com/problems/longest-palindromic-substring,Find the longest palindromic substring in a given string.
1024,String to Integer (atoi),LeetCode,Medium,String,https://leetcode.com/problems/string-to-integer-atoi,Implement atoi converting a string to a 32-bit signed integer.
1025,Zigzag Conversion,LeetCode,Medium,String,https://leetcode.com/problems/zigzag-conversion,Convert a string to zigzag pattern across n rows and read line by line.
1026,Decode Ways,LeetCode,Medium,"String, Dynamic Programming",https://leetcode.com/problems/decode-ways,Count the number of ways to decode a digit string into letters.
1027,Word Search,LeetCode,Medium,"Array, Matrix, Backtracking",https://leetcode.com/problems/word-search,Search for a word in a 2D board of characters using backtracking.
1028,Letter Combinations of a Phone Number,LeetCode,Medium,"String, Backtracking",https://leetcode.com/problems/letter-combinations-of-a-phone-number,Generate all possible letter combinations for a phone number string.
1029,Generate Parentheses,LeetCode,Medium,"String, Backtracking, Dynamic Programming",https://leetcode.com/problems/generate-parentheses,Generate all combinations of n pairs of valid parentheses.
1030,Permutations,LeetCode,Medium,"Array, Backtracking",https://leetcode.com/problems/permutations,Return all possible permutations of a distinct integer array.
1031,Add Two Numbers,LeetCode,Medium,"Linked List, Math, Recursion",https://leetcode.com/problems/add-two-numbers,Add two numbers stored in reverse-order linked lists and return the sum.
1032,Remove Nth Node From End of List,LeetCode,Medium,"Linked List, Two Pointers",https://leetcode.com/problems/remove-nth-node-from-end-of-list,Remove the nth node from the end of a linked list in one pass.
1033,Swap Nodes in Pairs,LeetCode,Medium,"Linked List, Recursion",https://leetcode.com/problems/swap-nodes-in-pairs,Swap every two adjacent nodes in a linked list.
1034,Odd Even Linked List,LeetCode,Medium,Linked List,https://leetcode.com/problems/odd-even-linked-list,Group odd-indexed then even-indexed nodes of a linked list.
1035,Reorder List,LeetCode,Medium,"Linked List, Two Pointers, Stack",https://leetcode.com/problems/reorder-list,Reorder a linked list to L0→Ln→L1→Ln-1→… in-place.
1036,Copy List with Random Pointer,LeetCode,Medium,"Linked List, Hash Table",https://leetcode.com/problems/copy-list-with-random-pointer,Deep copy a linked list with an extra random pointer.
1037,LRU Cache,LeetCode,Medium,"Linked List, Hash Table, Design",https://leetcode.com/problems/lru-cache,Design an LRU cache with O(1) get and put operations.
1038,Binary Tree Level Order Traversal,LeetCode,Medium,"Binary Trees, BFS",https://leetcode.com/problems/binary-tree-level-order-traversal,Return nodes of a binary tree level by level.
1039,Binary Tree Zigzag Level Order Traversal,LeetCode,Medium,"Binary Trees, BFS",https://leetcode.com/problems/binary-tree-zigzag-level-order-traversal,Return nodes in zigzag level order (alternating left-right).
1040,Construct Binary Tree from Preorder and Inorder,LeetCode,Medium,"Binary Trees, DFS, Divide and Conquer",https://leetcode.com/problems/construct-binary-tree-from-preorder-and-inorder,Build a binary tree given its preorder and inorder traversals.
1041,Lowest Common Ancestor of a Binary Tree,LeetCode,Medium,"Binary Trees, DFS",https://leetcode.com/problems/lowest-common-ancestor-of-a-binary-tree,Find the lowest common ancestor of two nodes in a binary tree.
1042,Binary Search Tree Iterator,LeetCode,Medium,"Binary Search Trees, Stack, Design",https://leetcode.com/problems/binary-search-tree-iterator,Implement an in-order iterator for a BST with O(h) space.
1043,Validate Binary Search Tree,LeetCode,Medium,"Binary Search Trees, DFS",https://leetcode.com/problems/validate-binary-search-tree,Check if a binary tree is a valid BST.
1044,Kth Smallest Element in a BST,LeetCode,Medium,"Binary Search Trees, DFS",https://leetcode.com/problems/kth-smallest-element-in-a-bst,Find the kth smallest element in a BST using in-order traversal.
1045,Flatten Binary Tree to Linked List,LeetCode,Medium,"Binary Trees, DFS, Stack",https://leetcode.com/problems/flatten-binary-tree-to-linked-list,Flatten a binary tree into a linked list in-place in preorder.
1046,Path Sum II,LeetCode,Medium,"Binary Trees, DFS, Backtracking",https://leetcode.com/problems/path-sum-ii,Find all root-to-leaf paths where the path sum equals a target.
1047,Sum Root to Leaf Numbers,LeetCode,Medium,"Binary Trees, DFS, Math",https://leetcode.com/problems/sum-root-to-leaf-numbers,Sum all numbers formed by root-to-leaf paths in a binary tree.
1048,Number of Islands,LeetCode,Medium,"Array, Matrix, DFS, BFS, Union Find",https://leetcode.com/problems/number-of-islands,Count distinct islands in a binary grid using DFS or BFS.
1049,Clone Graph,LeetCode,Medium,"Graphs, DFS, BFS, Hash Table",https://leetcode.com/problems/clone-graph,Return a deep copy of a connected undirected graph.
1050,Course Schedule,LeetCode,Medium,"Graphs, DFS, BFS, Topological Sort",https://leetcode.com/problems/course-schedule,Detect if it is possible to finish all courses given prerequisites.
1051,Course Schedule II,LeetCode,Medium,"Graphs, DFS, BFS, Topological Sort",https://leetcode.com/problems/course-schedule-ii,Return the order to finish all courses given prerequisites.
1052,Pacific Atlantic Water Flow,LeetCode,Medium,"Graphs, DFS, BFS, Matrix",https://leetcode.com/problems/pacific-atlantic-water-flow,Find cells from which water can flow to both Pacific and Atlantic oceans.
1053,Rotting Oranges,LeetCode,Medium,"Array, Matrix, BFS",https://leetcode.com/problems/rotting-oranges,Find minimum minutes until all fresh oranges rot from rotten neighbours.
1054,01 Matrix,LeetCode,Medium,"Array, Matrix, BFS, Dynamic Programming",https://leetcode.com/problems/01-matrix,Find the distance of the nearest 0 for each cell in a binary matrix.
1055,Surrounded Regions,LeetCode,Medium,"Array, Matrix, DFS, BFS, Union Find",https://leetcode.com/problems/surrounded-regions,Capture all 'O' regions not connected to the border.
1056,Coin Change,LeetCode,Medium,"Array, Dynamic Programming, BFS",https://leetcode.com/problems/coin-change,Find minimum coins needed to make up a given amount.
1057,Longest Increasing Subsequence,LeetCode,Medium,"Array, Dynamic Programming, Binary Search",https://leetcode.com/problems/longest-increasing-subsequence,Find the length of the longest strictly increasing subsequence.
1058,Word Break,LeetCode,Medium,"Hash Table, Dynamic Programming, Trie",https://leetcode.com/problems/word-break,Determine if a string can be segmented using a dictionary.
1059,House Robber,LeetCode,Medium,"Array, Dynamic Programming",https://leetcode.com/problems/house-robber,Maximize robbery amount without robbing adjacent houses.
1060,House Robber II,LeetCode,Medium,"Array, Dynamic Programming",https://leetcode.com/problems/house-robber-ii,Maximize robbery on a circular street of houses.
1061,Unique Paths,LeetCode,Medium,"Math, Dynamic Programming",https://leetcode.com/problems/unique-paths,Count unique paths from top-left to bottom-right of an m x n grid.
1062,Minimum Path Sum,LeetCode,Medium,"Array, Matrix, Dynamic Programming",https://leetcode.com/problems/minimum-path-sum,Find the minimum sum path from top-left to bottom-right in a grid.
1063,Triangle,LeetCode,Medium,"Array, Dynamic Programming",https://leetcode.com/problems/triangle,Find the minimum path sum from top to bottom in a triangle.
1064,Partition Equal Subset Sum,LeetCode,Medium,"Array, Dynamic Programming",https://leetcode.com/problems/partition-equal-subset-sum,Determine if an array can be partitioned into two equal-sum subsets.
1065,Target Sum,LeetCode,Medium,"Array, Dynamic Programming, Backtracking",https://leetcode.com/problems/target-sum,Count ways to assign +/- signs to reach a target sum.
1066,Kth Largest Element in an Array,LeetCode,Medium,"Array, Sorting, Heaps",https://leetcode.com/problems/kth-largest-element-in-an-array,Find the kth largest element in an unsorted array.
1067,Top K Frequent Elements,LeetCode,Medium,"Array, Hash Table, Heaps, Sorting",https://leetcode.com/problems/top-k-frequent-elements,Return the k most frequently occurring elements.
1068,Find K Closest Elements,LeetCode,Medium,"Array, Sorting, Binary Search, Heaps",https://leetcode.com/problems/find-k-closest-elements,Find k closest integers to a target in a sorted array.
1069,Task Scheduler,LeetCode,Medium,"Array, Greedy, Heaps",https://leetcode.com/problems/task-scheduler,Find minimum CPU intervals to schedule tasks with cooldown n.
1070,Find Median from Data Stream,LeetCode,Medium,"Sorting, Heaps, Design",https://leetcode.com/problems/find-median-from-data-stream,Find the median from an online stream of integers.
1071,Binary Search,LeetCode,Medium,"Array, Binary Search",https://leetcode.com/problems/binary-search,Search for a target in a sorted array using binary search.
1072,First Bad Version,LeetCode,Medium,"Binary Search, Interactive",https://leetcode.com/problems/first-bad-version,Find the first bad version using as few API calls as possible.
1073,Search a 2D Matrix,LeetCode,Medium,"Array, Matrix, Binary Search",https://leetcode.com/problems/search-a-2d-matrix,Search for a target in a sorted m x n matrix.
1074,Find Peak Element,LeetCode,Medium,"Array, Binary Search",https://leetcode.com/problems/find-peak-element,Find any peak element in an array in O(log n) time.
1075,Koko Eating Bananas,LeetCode,Medium,"Array, Binary Search",https://leetcode.com/problems/koko-eating-bananas,Find the minimum eating speed to consume all bananas within h hours.
1076,Daily Temperatures,LeetCode,Medium,"Array, Stack, Monotonic Stack",https://leetcode.com/problems/daily-temperatures,"For each day, return how many days until a warmer temperature."
1077,Evaluate Reverse Polish Notation,LeetCode,Medium,"Array, Math, Stack",https://leetcode.com/problems/evaluate-reverse-polish-notation,Evaluate an expression given in reverse Polish notation.
1078,Asteroid Collision,LeetCode,Medium,"Array, Stack, Simulation",https://leetcode.com/problems/asteroid-collision,Simulate asteroid collisions and find remaining asteroids.
1079,Decode String,LeetCode,Medium,"String, Stack, Recursion",https://leetcode.com/problems/decode-string,Decode a string encoded as k[encoded_string].
1080,Remove All Adjacent Duplicates In String II,LeetCode,Medium,"String, Stack",https://leetcode.com/problems/remove-all-adjacent-duplicates-in-string-ii,Remove k adjacent duplicate characters repeatedly.
1081,Sorting: Comparator,HackerRank,Medium,Sorting,https://www.hackerrank.com/challenges/sorting:-comparator,Implement a comparator to sort players by score then name.
1082,Hash Tables: Ransom Note,HackerRank,Medium,"Hash Table, String",https://www.hackerrank.com/challenges/hash-tables:-ransom-note,Check if a ransom note can be formed from magazine words.
1083,Queues: A Tale of Two Stacks,HackerRank,Medium,"Stack, Queue",https://www.hackerrank.com/challenges/queues:-a-tale-of-two-stacks,Implement a queue using two stacks.
1084,Balanced Brackets,HackerRank,Medium,"Stack, String",https://www.hackerrank.com/challenges/balanced-brackets,Determine if brackets in a string are balanced using a stack.
1085,Roads and Libraries,HackerRank,Medium,"Graphs, BFS, DFS",https://www.hackerrank.com/challenges/roads-and-libraries,Minimize cost of giving every city access to a library.
1086,Find the Running Median,HackerRank,Medium,"Heaps, Sorting",https://www.hackerrank.com/challenges/find-the-running-median,Find the running median of a stream of integers.
1087,No Prefix Set,HackerRank,Medium,"Trie, String",https://www.hackerrank.com/challenges/no-prefix-set,Check that no string in a set is a prefix of another.
1088,Tree: Height of a Binary Tree,HackerRank,Medium,"Binary Trees, DFS",https://www.hackerrank.com/challenges/tree:-height-of-a-binary-tree,Compute the height of a binary tree.
1089,Jesse and Cookies,HackerRank,Medium,"Heaps, Greedy",https://www.hackerrank.com/challenges/jesse-and-cookies,Find minimum operations to make all cookies sweet by merging two smallest.
1090,Prim's MST Special Subtask,HackerRank,Medium,"Graphs, Greedy, Heaps",https://www.hackerrank.com/challenges/prims-mst-special-subtask,Find cost of minimum spanning tree using Prim's algorithm.
1091,Largest Prime Factor,CodeChef,Medium,Math,https://www.codechef.com/problems/largest-prime-factor,Find the largest prime factor of a given number.
1092,Smallest Substring,CodeChef,Medium,"String, Sliding Window",https://www.codechef.com/problems/smallest-substring,Find the smallest substring containing all characters of a pattern.
1093,SUMTRIAN,CodeChef,Medium,"Dynamic Programming, Matrix",https://www.codechef.com/problems/sumtrian,Find the maximum sum path from the top to the bottom of a triangle.
1094,Chef and Fibonacci,CodeChef,Medium,"Math, Dynamic Programming",https://www.codechef.com/problems/chef-and-fibonacci,Solve a problem involving Fibonacci numbers with mod arithmetic.
1095,Magic Squares,CodeChef,Medium,"Math, Matrix",https://www.codechef.com/problems/magic-squares,Determine if a matrix is a magic square.
1096,Vasya and String,Codeforces,Medium,"String, Sliding Window",https://codeforces.com/problemset/problem/3388/E,Find the longest substring with at most k characters changed to 'a'.
1097,Educational DP - Knapsack,Codeforces,Medium,Dynamic Programming,https://codeforces.com/problemset/problem/3391/F,Solve the 0/1 knapsack problem with n items and capacity W.
1098,Fox and Snake,Codeforces,Medium,"Math, Greedy",https://codeforces.com/problemset/problem/3394/A,Construct an n x m grid snake pattern using specific characters.
1099,DFS Order,Codeforces,Medium,"Graphs, DFS",https://codeforces.com/problemset/problem/3397/B,Determine a valid DFS traversal order from a rooted tree.
1100,Sorting by Subsequences,Codeforces,Medium,"Array, Sorting, Graphs",https://codeforces.com/problemset/problem/3400/C,Find the minimum number of operations to sort an array by cyclic shifts.
1101,Optimal Subarray,LeetCode,Medium,"Array, Sliding Window, Hash Table",https://leetcode.com/problems/optimal-subarray,Find the optimal subarray using the sliding window technique.
1102,Extended Tree Traversal,HackerRank,Medium,"Binary Trees, DFS, BFS",https://www.hackerrank.com/challenges/extended-tree-traversal,Traverse a binary tree using a specified traversal order.
1103,Variant Graph Search,CodeChef,Medium,"Graphs, BFS, DFS",https://www.codechef.com/problems/variant-graph-search,Search a graph using breadth or depth-first traversal.
1104,Advanced DP Table,Codeforces,Medium,"Dynamic Programming, Array",https://codeforces.com/problemset/problem/3412/A,Build a DP table to solve an optimization problem.
1105,Modified Binary Search,LeetCode,Medium,"Binary Search, Array",https://leetcode.com/problems/modified-binary-search,Apply binary search to find an optimal value.
1106,Classic Backtracking,HackerRank,Medium,"Backtracking, Array",https://www.hackerrank.com/challenges/classic-backtracking,Explore combinations using the backtracking paradigm.
1107,Two-Pass Greedy Selection,CodeChef,Medium,"Greedy Algorithms, Array, Sorting",https://www.codechef.com/problems/two-pass-greedy-selection,Make locally optimal choices to find global optimum.
1108,Multi-Step Heap Query,Codeforces,Medium,"Heaps, Array",https://codeforces.com/problemset/problem/3424/E,Use a priority queue to answer element ranking queries.
1109,Recursive String Pattern,LeetCode,Medium,"String, Hash Table, Two Pointers",https://leetcode.com/problems/recursive-string-pattern,Find a string pattern using two-pointer or hash map technique.
1110,Iterative Trie Insert,HackerRank,Medium,"Trie, String",https://www.hackerrank.com/challenges/iterative-trie-insert,Insert words into a trie and answer prefix queries.
1111,Efficient Subarray,CodeChef,Medium,"Array, Sliding Window, Hash Table",https://www.codechef.com/problems/efficient-subarray,Find the optimal subarray using the sliding window technique.
1112,Minimal Tree Traversal,Codeforces,Medium,"Binary Trees, DFS, BFS",https://codeforces.com/problemset/problem/3436/C,Traverse a binary tree using a specified traversal order.
1113,Maximum Graph Search,LeetCode,Medium,"Graphs, BFS, DFS",https://leetcode.com/problems/maximum-graph-search,Search a graph using breadth or depth-first traversal.
1114,Minimum DP Table,HackerRank,Medium,"Dynamic Programming, Array",https://www.hackerrank.com/challenges/minimum-dp-table,Build a DP table to solve an optimization problem.
1115,Balanced Binary Search,CodeChef,Medium,"Binary Search, Array",https://www.codechef.com/problems/balanced-binary-search,Apply binary search to find an optimal value.
1116,Sorted Backtracking,Codeforces,Medium,"Backtracking, Array",https://codeforces.com/problemset/problem/3448/A,Explore combinations using the backtracking paradigm.
1117,Compressed Greedy Selection,LeetCode,Medium,"Greedy Algorithms, Array, Sorting",https://leetcode.com/problems/compressed-greedy-selection,Make locally optimal choices to find global optimum.
1118,Weighted Heap Query,HackerRank,Medium,"Heaps, Array",https://www.hackerrank.com/challenges/weighted-heap-query,Use a priority queue to answer element ranking queries.
1119,Directed String Pattern,CodeChef,Medium,"String, Hash Table, Two Pointers",https://www.codechef.com/problems/directed-string-pattern,Find a string pattern using two-pointer or hash map technique.
1120,Undirected Trie Insert,Codeforces,Medium,"Trie, String",https://codeforces.com/problemset/problem/3460/E,Insert words into a trie and answer prefix queries.
1121,Circular Subarray,LeetCode,Medium,"Array, Sliding Window, Hash Table",https://leetcode.com/problems/circular-subarray,Find the optimal subarray using the sliding window technique.
1122,Diagonal Tree Traversal,HackerRank,Medium,"Binary Trees, DFS, BFS",https://www.hackerrank.com/challenges/diagonal-tree-traversal,Traverse a binary tree using a specified traversal order.
1123,Sparse Graph Search,CodeChef,Medium,"Graphs, BFS, DFS",https://www.codechef.com/problems/sparse-graph-search,Search a graph using breadth or depth-first traversal.
1124,Dense DP Table,Codeforces,Medium,"Dynamic Programming, Array",https://codeforces.com/problemset/problem/3472/C,Build a DP table to solve an optimization problem.
1125,Binary Binary Search,LeetCode,Medium,"Binary Search, Array",https://leetcode.com/problems/binary-binary-search,Apply binary search to find an optimal value.
1126,Ternary Backtracking,HackerRank,Medium,"Backtracking, Array",https://www.hackerrank.com/challenges/ternary-backtracking,Explore combinations using the backtracking paradigm.
1127,Linear Greedy Selection,CodeChef,Medium,"Greedy Algorithms, Array, Sorting",https://www.codechef.com/problems/linear-greedy-selection,Make locally optimal choices to find global optimum.
1128,Logarithmic Heap Query,Codeforces,Medium,"Heaps, Array",https://codeforces.com/problemset/problem/3484/A,Use a priority queue to answer element ranking queries.
1129,Optimal String Pattern,LeetCode,Medium,"String, Hash Table, Two Pointers",https://leetcode.com/problems/optimal-string-pattern,Find a string pattern using two-pointer or hash map technique.
1130,Extended Trie Insert,HackerRank,Medium,"Trie, String",https://www.hackerrank.com/challenges/extended-trie-insert,Insert words into a trie and answer prefix queries.
1131,Variant Subarray,CodeChef,Medium,"Array, Sliding Window, Hash Table",https://www.codechef.com/problems/variant-subarray,Find the optimal subarray using the sliding window technique.
1132,Advanced Tree Traversal,Codeforces,Medium,"Binary Trees, DFS, BFS",https://codeforces.com/problemset/problem/3496/E,Traverse a binary tree using a specified traversal order.
1133,Modified Graph Search,LeetCode,Medium,"Graphs, BFS, DFS",https://leetcode.com/problems/modified-graph-search,Search a graph using breadth or depth-first traversal.
1134,Classic DP Table,HackerRank,Medium,"Dynamic Programming, Array",https://www.hackerrank.com/challenges/classic-dp-table,Build a DP table to solve an optimization problem.
1135,Two-Pass Binary Search,CodeChef,Medium,"Binary Search, Array",https://www.codechef.com/problems/two-pass-binary-search,Apply binary search to find an optimal value.
1136,Multi-Step Backtracking,Codeforces,Medium,"Backtracking, Array",https://codeforces.com/problemset/problem/3508/C,Explore combinations using the backtracking paradigm.
1137,Recursive Greedy Selection,LeetCode,Medium,"Greedy Algorithms, Array, Sorting",https://leetcode.com/problems/recursive-greedy-selection,Make locally optimal choices to find global optimum.
1138,Iterative Heap Query,HackerRank,Medium,"Heaps, Array",https://www.hackerrank.com/challenges/iterative-heap-query,Use a priority queue to answer element ranking queries.
1139,Efficient String Pattern,CodeChef,Medium,"String, Hash Table, Two Pointers",https://www.codechef.com/problems/efficient-string-pattern,Find a string pattern using two-pointer or hash map technique.
1140,Minimal Trie Insert,Codeforces,Medium,"Trie, String",https://codeforces.com/problemset/problem/3520/A,Insert words into a trie and answer prefix queries.
1141,Maximum Subarray,LeetCode,Medium,"Array, Sliding Window, Hash Table",https://leetcode.com/problems/maximum-subarray,Find the optimal subarray using the sliding window technique.
1142,Minimum Tree Traversal,HackerRank,Medium,"Binary Trees, DFS, BFS",https://www.hackerrank.com/challenges/minimum-tree-traversal,Traverse a binary tree using a specified traversal order.
1143,Balanced Graph Search,CodeChef,Medium,"Graphs, BFS, DFS",https://www.codechef.com/problems/balanced-graph-search,Search a graph using breadth or depth-first traversal.
1144,Sorted DP Table,Codeforces,Medium,"Dynamic Programming, Array",https://codeforces.com/problemset/problem/3532/E,Build a DP table to solve an optimization problem.
1145,Compressed Binary Search,LeetCode,Medium,"Binary Search, Array",https://leetcode.com/problems/compressed-binary-search,Apply binary search to find an optimal value.
1146,Weighted Backtracking,HackerRank,Medium,"Backtracking, Array",https://www.hackerrank.com/challenges/weighted-backtracking,Explore combinations using the backtracking paradigm.
1147,Directed Greedy Selection,CodeChef,Medium,"Greedy Algorithms, Array, Sorting",https://www.codechef.com/problems/directed-greedy-selection,Make locally optimal choices to find global optimum.
1148,Undirected Heap Query,Codeforces,Medium,"Heaps, Array",https://codeforces.com/problemset/problem/3544/C,Use a priority queue to answer element ranking queries.
1149,Circular String Pattern,LeetCode,Medium,"String, Hash Table, Two Pointers",https://leetcode.com/problems/circular-string-pattern,Find a string pattern using two-pointer or hash map technique.
1150,Diagonal Trie Insert,HackerRank,Medium,"Trie, String",https://www.hackerrank.com/challenges/diagonal-trie-insert,Insert words into a trie and answer prefix queries.
1151,Sparse Subarray,CodeChef,Medium,"Array, Sliding Window, Hash Table",https://www.codechef.com/problems/sparse-subarray,Find the optimal subarray using the sliding window technique.
1152,Dense Tree Traversal,Codeforces,Medium,"Binary Trees, DFS, BFS",https://codeforces.com/problemset/problem/3556/A,Traverse a binary tree using a specified traversal order.
1153,Binary Graph Search,LeetCode,Medium,"Graphs, BFS, DFS",https://leetcode.com/problems/binary-graph-search,Search a graph using breadth or depth-first traversal.
1154,Ternary DP Table,HackerRank,Medium,"Dynamic Programming, Array",https://www.hackerrank.com/challenges/ternary-dp-table,Build a DP table to solve an optimization problem.
1155,Linear Binary Search,CodeChef,Medium,"Binary Search, Array",https://www.codechef.com/problems/linear-binary-search,Apply binary search to find an optimal value.
1156,Logarithmic Backtracking,Codeforces,Medium,"Backtracking, Array",https://codeforces.com/problemset/problem/3568/E,Explore combinations using the backtracking paradigm.
1157,Optimal Greedy Selection,LeetCode,Medium,"Greedy Algorithms, Array, Sorting",https://leetcode.com/problems/optimal-greedy-selection,Make locally optimal choices to find global optimum.
1158,Extended Heap Query,HackerRank,Medium,"Heaps, Array",https://www.hackerrank.com/challenges/extended-heap-query,Use a priority queue to answer element ranking queries.
1159,Variant String Pattern,CodeChef,Medium,"String, Hash Table, Two Pointers",https://www.codechef.com/problems/variant-string-pattern,Find a string pattern using two-pointer or hash map technique.
1160,Advanced Trie Insert,Codeforces,Medium,"Trie, String",https://codeforces.com/problemset/problem/3580/C,Insert words into a trie and answer prefix queries.
1161,Modified Subarray,LeetCode,Medium,"Array, Sliding Window, Hash Table",https://leetcode.com/problems/modified-subarray,Find the optimal subarray using the sliding window technique.
1162,Classic Tree Traversal,HackerRank,Medium,"Binary Trees, DFS, BFS",https://www.hackerrank.com/challenges/classic-tree-traversal,Traverse a binary tree using a specified traversal order.
1163,Two-Pass Graph Search,CodeChef,Medium,"Graphs, BFS, DFS",https://www.codechef.com/problems/two-pass-graph-search,Search a graph using breadth or depth-first traversal.
1164,Multi-Step DP Table,Codeforces,Medium,"Dynamic Programming, Array",https://codeforces.com/problemset/problem/3592/A,Build a DP table to solve an optimization problem.
1165,Recursive Binary Search,LeetCode,Medium,"Binary Search, Array",https://leetcode.com/problems/recursive-binary-search,Apply binary search to find an optimal value.
1166,Iterative Backtracking,HackerRank,Medium,"Backtracking, Array",https://www.hackerrank.com/challenges/iterative-backtracking,Explore combinations using the backtracking paradigm.
1167,Efficient Greedy Selection,CodeChef,Medium,"Greedy Algorithms, Array, Sorting",https://www.codechef.com/problems/efficient-greedy-selection,Make locally optimal choices to find global optimum.
1168,Minimal Heap Query,Codeforces,Medium,"Heaps, Array",https://codeforces.com/problemset/problem/3604/E,Use a priority queue to answer element ranking queries.
1169,Maximum String Pattern,LeetCode,Medium,"String, Hash Table, Two Pointers",https://leetcode.com/problems/maximum-string-pattern,Find a string pattern using two-pointer or hash map technique.
1170,Minimum Trie Insert,HackerRank,Medium,"Trie, String",https://www.hackerrank.com/challenges/minimum-trie-insert,Insert words into a trie and answer prefix queries.
1171,Balanced Subarray,CodeChef,Medium,"Array, Sliding Window, Hash Table",https://www.codechef.com/problems/balanced-subarray,Find the optimal subarray using the sliding window technique.
1172,Sorted Tree Traversal,Codeforces,Medium,"Binary Trees, DFS, BFS",https://codeforces.com/problemset/problem/3616/C,Traverse a binary tree using a specified traversal order.
1173,Compressed Graph Search,LeetCode,Medium,"Graphs, BFS, DFS",https://leetcode.com/problems/compressed-graph-search,Search a graph using breadth or depth-first traversal.
1174,Weighted DP Table,HackerRank,Medium,"Dynamic Programming, Array",https://www.hackerrank.com/challenges/weighted-dp-table,Build a DP table to solve an optimization problem.
1175,Directed Binary Search,CodeChef,Medium,"Binary Search, Array",https://www.codechef.com/problems/directed-binary-search,Apply binary search to find an optimal value.
1176,Undirected Backtracking,Codeforces,Medium,"Backtracking, Array",https://codeforces.com/problemset/problem/3628/A,Explore combinations using the backtracking paradigm.
1177,Circular Greedy Selection,LeetCode,Medium,"Greedy Algorithms, Array, Sorting",https://leetcode.com/problems/circular-greedy-selection,Make locally optimal choices to find global optimum.
1178,Diagonal Heap Query,HackerRank,Medium,"Heaps, Array",https://www.hackerrank.com/challenges/diagonal-heap-query,Use a priority queue to answer element ranking queries.
1179,Sparse String Pattern,CodeChef,Medium,"String, Hash Table, Two Pointers",https://www.codechef.com/problems/sparse-string-pattern,Find a string pattern using two-pointer or hash map technique.
1180,Dense Trie Insert,Codeforces,Medium,"Trie, String",https://codeforces.com/problemset/problem/3640/E,Insert words into a trie and answer prefix queries.
1181,Binary Subarray,LeetCode,Medium,"Array, Sliding Window, Hash Table",https://leetcode.com/problems/binary-subarray,Find the optimal subarray using the sliding window technique.
1182,Ternary Tree Traversal,HackerRank,Medium,"Binary Trees, DFS, BFS",https://www.hackerrank.com/challenges/ternary-tree-traversal,Traverse a binary tree using a specified traversal order.
1183,Linear Graph Search,CodeChef,Medium,"Graphs, BFS, DFS",https://www.codechef.com/problems/linear-graph-search,Search a graph using breadth or depth-first traversal.
1184,Logarithmic DP Table,Codeforces,Medium,"Dynamic Programming, Array",https://codeforces.com/problemset/problem/3652/C,Build a DP table to solve an optimization problem.
1185,Optimal Binary Search,LeetCode,Medium,"Binary Search, Array",https://leetcode.com/problems/optimal-binary-search,Apply binary search to find an optimal value.
1186,Extended Backtracking,HackerRank,Medium,"Backtracking, Array",https://www.hackerrank.com/challenges/extended-backtracking,Explore combinations using the backtracking paradigm.
1187,Variant Greedy Selection,CodeChef,Medium,"Greedy Algorithms, Array, Sorting",https://www.codechef.com/problems/variant-greedy-selection,Make locally optimal choices to find global optimum.
1188,Advanced Heap Query,Codeforces,Medium,"Heaps, Array",https://codeforces.com/problemset/problem/3664/A,Use a priority queue to answer element ranking queries.
1189,Modified String Pattern,LeetCode,Medium,"String, Hash Table, Two Pointers",https://leetcode.com/problems/modified-string-pattern,Find a string pattern using two-pointer or hash map technique.
1190,Classic Trie Insert,HackerRank,Medium,"Trie, String",https://www.hackerrank.com/challenges/classic-trie-insert,Insert words into a trie and answer prefix queries.
1191,Two-Pass Subarray,CodeChef,Medium,"Array, Sliding Window, Hash Table",https://www.codechef.com/problems/two-pass-subarray,Find the optimal subarray using the sliding window technique.
1192,Multi-Step Tree Traversal,Codeforces,Medium,"Binary Trees, DFS, BFS",https://codeforces.com/problemset/problem/3676/E,Traverse a binary tree using a specified traversal order.
1193,Recursive Graph Search,LeetCode,Medium,"Graphs, BFS, DFS",https://leetcode.com/problems/recursive-graph-search,Search a graph using breadth or depth-first traversal.
1194,Iterative DP Table,HackerRank,Medium,"Dynamic Programming, Array",https://www.hackerrank.com/challenges/iterative-dp-table,Build a DP table to solve an optimization problem.
1195,Efficient Binary Search,CodeChef,Medium,"Binary Search, Array",https://www.codechef.com/problems/efficient-binary-search,Apply binary search to find an optimal value.
1196,Minimal Backtracking,Codeforces,Medium,"Backtracking, Array",https://codeforces.com/problemset/problem/3688/C,Explore combinations using the backtracking paradigm.
1197,Maximum Greedy Selection,LeetCode,Medium,"Greedy Algorithms, Array, Sorting",https://leetcode.com/problems/maximum-greedy-selection,Make locally optimal choices to find global optimum.
1198,Minimum Heap Query,HackerRank,Medium,"Heaps, Array",https://www.hackerrank.com/challenges/minimum-heap-query,Use a priority queue to answer element ranking queries.
1199,Balanced String Pattern,CodeChef,Medium,"String, Hash Table, Two Pointers",https://www.codechef.com/problems/balanced-string-pattern,Find a string pattern using two-pointer or hash map technique.
1200,Sorted Trie Insert,Codeforces,Medium,"Trie, String",https://codeforces.com/problemset/problem/3700/A,Insert words into a trie and answer prefix queries.
1201,Compressed Subarray,LeetCode,Medium,"Array, Sliding Window, Hash Table",https://leetcode.com/problems/compressed-subarray,Find the optimal subarray using the sliding window technique.
1202,Weighted Tree Traversal,HackerRank,Medium,"Binary Trees, DFS, BFS",https://www.hackerrank.com/challenges/weighted-tree-traversal,Traverse a binary tree using a specified traversal order.
1203,Directed Graph Search,CodeChef,Medium,"Graphs, BFS, DFS",https://www.codechef.com/problems/directed-graph-search,Search a graph using breadth or depth-first traversal.
1204,Undirected DP Table,Codeforces,Medium,"Dynamic Programming, Array",https://codeforces.com/problemset/problem/3712/E,Build a DP table to solve an optimization problem.
1205,Circular Binary Search,LeetCode,Medium,"Binary Search, Array",https://leetcode.com/problems/circular-binary-search,Apply binary search to find an optimal value.
1206,Diagonal Backtracking,HackerRank,Medium,"Backtracking, Array",https://www.hackerrank.com/challenges/diagonal-backtracking,Explore combinations using the backtracking paradigm.
1207,Sparse Greedy Selection,CodeChef,Medium,"Greedy Algorithms, Array, Sorting",https://www.codechef.com/problems/sparse-greedy-selection,Make locally optimal choices to find global optimum.
1208,Dense Heap Query,Codeforces,Medium,"Heaps, Array",https://codeforces.com/problemset/problem/3724/C,Use a priority queue to answer element ranking queries.
1209,Binary String Pattern,LeetCode,Medium,"String, Hash Table, Two Pointers",https://leetcode.com/problems/binary-string-pattern,Find a string pattern using two-pointer or hash map technique.
1210,Ternary Trie Insert,HackerRank,Medium,"Trie, String",https://www.hackerrank.com/challenges/ternary-trie-insert,Insert words into a trie and answer prefix queries.
1211,Linear Subarray,CodeChef,Medium,"Array, Sliding Window, Hash Table",https://www.codechef.com/problems/linear-subarray,Find the optimal subarray using the sliding window technique.
1212,Logarithmic Tree Traversal,Codeforces,Medium,"Binary Trees, DFS, BFS",https://codeforces.com/problemset/problem/3736/A,Traverse a binary tree using a specified traversal order.
1213,Optimal Graph Search,LeetCode,Medium,"Graphs, BFS, DFS",https://leetcode.com/problems/optimal-graph-search,Search a graph using breadth or depth-first traversal.
1214,Extended DP Table,HackerRank,Medium,"Dynamic Programming, Array",https://www.hackerrank.com/challenges/extended-dp-table,Build a DP table to solve an optimization problem.
1215,Variant Binary Search,CodeChef,Medium,"Binary Search, Array",https://www.codechef.com/problems/variant-binary-search,Apply binary search to find an optimal value.
1216,Advanced Backtracking,Codeforces,Medium,"Backtracking, Array",https://codeforces.com/problemset/problem/3748/E,Explore combinations using the backtracking paradigm.
1217,Modified Greedy Selection,LeetCode,Medium,"Greedy Algorithms, Array, Sorting",https://leetcode.com/problems/modified-greedy-selection,Make locally optimal choices to find global optimum.
1218,Classic Heap Query,HackerRank,Medium,"Heaps, Array",https://www.hackerrank.com/challenges/classic-heap-query,Use a priority queue to answer element ranking queries.
1219,Two-Pass String Pattern,CodeChef,Medium,"String, Hash Table, Two Pointers",https://www.codechef.com/problems/two-pass-string-pattern,Find a string pattern using two-pointer or hash map technique.
1220,Multi-Step Trie Insert,Codeforces,Medium,"Trie, String",https://codeforces.com/problemset/problem/3760/C,Insert words into a trie and answer prefix queries.
1221,Recursive Subarray,LeetCode,Medium,"Array, Sliding Window, Hash Table",https://leetcode.com/problems/recursive-subarray,Find the optimal subarray using the sliding window technique.
1222,Iterative Tree Traversal,HackerRank,Medium,"Binary Trees, DFS, BFS",https://www.hackerrank.com/challenges/iterative-tree-traversal,Traverse a binary tree using a specified traversal order.
1223,Efficient Graph Search,CodeChef,Medium,"Graphs, BFS, DFS",https://www.codechef.com/problems/efficient-graph-search,Search a graph using breadth or depth-first traversal.
1224,Minimal DP Table,Codeforces,Medium,"Dynamic Programming, Array",https://codeforces.com/problemset/problem/3772/A,Build a DP table to solve an optimization problem.
1225,Maximum Binary Search,LeetCode,Medium,"Binary Search, Array",https://leetcode.com/problems/maximum-binary-search,Apply binary search to find an optimal value.
1226,Minimum Backtracking,HackerRank,Medium,"Backtracking, Array",https://www.hackerrank.com/challenges/minimum-backtracking,Explore combinations using the backtracking paradigm.
1227,Balanced Greedy Selection,CodeChef,Medium,"Greedy Algorithms, Array, Sorting",https://www.codechef.com/problems/balanced-greedy-selection,Make locally optimal choices to find global optimum.
1228,Sorted Heap Query,Codeforces,Medium,"Heaps, Array",https://codeforces.com/problemset/problem/3784/E,Use a priority queue to answer element ranking queries.
1229,Compressed String Pattern,LeetCode,Medium,"String, Hash Table, Two Pointers",https://leetcode.com/problems/compressed-string-pattern,Find a string pattern using two-pointer or hash map technique.
1230,Weighted Trie Insert,HackerRank,Medium,"Trie, String",https://www.hackerrank.com/challenges/weighted-trie-insert,Insert words into a trie and answer prefix queries.
1231,Directed Subarray,CodeChef,Medium,"Array, Sliding Window, Hash Table",https://www.codechef.com/problems/directed-subarray,Find the optimal subarray using the sliding window technique.
1232,Undirected Tree Traversal,Codeforces,Medium,"Binary Trees, DFS, BFS",https://codeforces.com/problemset/problem/3796/C,Traverse a binary tree using a specified traversal order.
1233,Circular Graph Search,LeetCode,Medium,"Graphs, BFS, DFS",https://leetcode.com/problems/circular-graph-search,Search a graph using breadth or depth-first traversal.
1234,Diagonal DP Table,HackerRank,Medium,"Dynamic Programming, Array",https://www.hackerrank.com/challenges/diagonal-dp-table,Build a DP table to solve an optimization problem.
1235,Sparse Binary Search,CodeChef,Medium,"Binary Search, Array",https://www.codechef.com/problems/sparse-binary-search,Apply binary search to find an optimal value.
1236,Dense Backtracking,Codeforces,Medium,"Backtracking, Array",https://codeforces.com/problemset/problem/3808/A,Explore combinations using the backtracking paradigm.
1237,Binary Greedy Selection,LeetCode,Medium,"Greedy Algorithms, Array, Sorting",https://leetcode.com/problems/binary-greedy-selection,Make locally optimal choices to find global optimum.
1238,Ternary Heap Query,HackerRank,Medium,"Heaps, Array",https://www.hackerrank.com/challenges/ternary-heap-query,Use a priority queue to answer element ranking queries.
1239,Linear String Pattern,CodeChef,Medium,"String, Hash Table, Two Pointers",https://www.codechef.com/problems/linear-string-pattern,Find a string pattern using two-pointer or hash map technique.
1240,Logarithmic Trie Insert,Codeforces,Medium,"Trie, String",https://codeforces.com/problemset/problem/3820/E,Insert words into a trie and answer prefix queries.
1241,Optimal Subarray,LeetCode,Medium,"Array, Sliding Window, Hash Table",https://leetcode.com/problems/optimal-subarray,Find the optimal subarray using the sliding window technique.
1242,Extended Tree Traversal,HackerRank,Medium,"Binary Trees, DFS, BFS",https://www.hackerrank.com/challenges/extended-tree-traversal,Traverse a binary tree using a specified traversal order.
1243,Variant Graph Search,CodeChef,Medium,"Graphs, BFS, DFS",https://www.codechef.com/problems/variant-graph-search,Search a graph using breadth or depth-first traversal.
1244,Advanced DP Table,Codeforces,Medium,"Dynamic Programming, Array",https://codeforces.com/problemset/problem/3832/C,Build a DP table to solve an optimization problem.
1245,Modified Binary Search,LeetCode,Medium,"Binary Search, Array",https://leetcode.com/problems/modified-binary-search,Apply binary search to find an optimal value.
1246,Classic Backtracking,HackerRank,Medium,"Backtracking, Array",https://www.hackerrank.com/challenges/classic-backtracking,Explore combinations using the backtracking paradigm.
1247,Two-Pass Greedy Selection,CodeChef,Medium,"Greedy Algorithms, Array, Sorting",https://www.codechef.com/problems/two-pass-greedy-selection,Make locally optimal choices to find global optimum.
1248,Multi-Step Heap Query,Codeforces,Medium,"Heaps, Array",https://codeforces.com/problemset/problem/3844/A,Use a priority queue to answer element ranking queries.
1249,Recursive String Pattern,LeetCode,Medium,"String, Hash Table, Two Pointers",https://leetcode.com/problems/recursive-string-pattern,Find a string pattern using two-pointer or hash map technique.
1250,Iterative Trie Insert,HackerRank,Medium,"Trie, String",https://www.hackerrank.com/challenges/iterative-trie-insert,Insert words into a trie and answer prefix queries.
1251,Efficient Subarray,CodeChef,Medium,"Array, Sliding Window, Hash Table",https://www.codechef.com/problems/efficient-subarray,Find the optimal subarray using the sliding window technique.
1252,Minimal Tree Traversal,Codeforces,Medium,"Binary Trees, DFS, BFS",https://codeforces.com/problemset/problem/3856/E,Traverse a binary tree using a specified traversal order.
1253,Maximum Graph Search,LeetCode,Medium,"Graphs, BFS, DFS",https://leetcode.com/problems/maximum-graph-search,Search a graph using breadth or depth-first traversal.
1254,Minimum DP Table,HackerRank,Medium,"Dynamic Programming, Array",https://www.hackerrank.com/challenges/minimum-dp-table,Build a DP table to solve an optimization problem.
1255,Balanced Binary Search,CodeChef,Medium,"Binary Search, Array",https://www.codechef.com/problems/balanced-binary-search,Apply binary search to find an optimal value.
1256,Sorted Backtracking,Codeforces,Medium,"Backtracking, Array",https://codeforces.com/problemset/problem/3868/C,Explore combinations using the backtracking paradigm.
1257,Compressed Greedy Selection,LeetCode,Medium,"Greedy Algorithms, Array, Sorting",https://leetcode.com/problems/compressed-greedy-selection,Make locally optimal choices to find global optimum.
1258,Weighted Heap Query,HackerRank,Medium,"Heaps, Array",https://www.hackerrank.com/challenges/weighted-heap-query,Use a priority queue to answer element ranking queries.
1259,Directed String Pattern,CodeChef,Medium,"String, Hash Table, Two Pointers",https://www.codechef.com/problems/directed-string-pattern,Find a string pattern using two-pointer or hash map technique.
1260,Undirected Trie Insert,Codeforces,Medium,"Trie, String",https://codeforces.com/problemset/problem/3880/A,Insert words into a trie and answer prefix queries.
1261,Circular Subarray,LeetCode,Medium,"Array, Sliding Window, Hash Table",https://leetcode.com/problems/circular-subarray,Find the optimal subarray using the sliding window technique.
1262,Diagonal Tree Traversal,HackerRank,Medium,"Binary Trees, DFS, BFS",https://www.hackerrank.com/challenges/diagonal-tree-traversal,Traverse a binary tree using a specified traversal order.
1263,Sparse Graph Search,CodeChef,Medium,"Graphs, BFS, DFS",https://www.codechef.com/problems/sparse-graph-search,Search a graph using breadth or depth-first traversal.
1264,Dense DP Table,Codeforces,Medium,"Dynamic Programming, Array",https://codeforces.com/problemset/problem/3892/E,Build a DP table to solve an optimization problem.
1265,Binary Binary Search,LeetCode,Medium,"Binary Search, Array",https://leetcode.com/problems/binary-binary-search,Apply binary search to find an optimal value.
1266,Ternary Backtracking,HackerRank,Medium,"Backtracking, Array",https://www.hackerrank.com/challenges/ternary-backtracking,Explore combinations using the backtracking paradigm.
1267,Linear Greedy Selection,CodeChef,Medium,"Greedy Algorithms, Array, Sorting",https://www.codechef.com/problems/linear-greedy-selection,Make locally optimal choices to find global optimum.
1268,Logarithmic Heap Query,Codeforces,Medium,"Heaps, Array",https://codeforces.com/problemset/problem/3904/C,Use a priority queue to answer element ranking queries.
1269,Optimal String Pattern,LeetCode,Medium,"String, Hash Table, Two Pointers",https://leetcode.com/problems/optimal-string-pattern,Find a string pattern using two-pointer or hash map technique.
1270,Extended Trie Insert,HackerRank,Medium,"Trie, String",https://www.hackerrank.com/challenges/extended-trie-insert,Insert words into a trie and answer prefix queries.
1271,Variant Subarray,CodeChef,Medium,"Array, Sliding Window, Hash Table",https://www.codechef.com/problems/variant-subarray,Find the optimal subarray using the sliding window technique.
1272,Advanced Tree Traversal,Codeforces,Medium,"Binary Trees, DFS, BFS",https://codeforces.com/problemset/problem/3916/A,Traverse a binary tree using a specified traversal order.
1273,Modified Graph Search,LeetCode,Medium,"Graphs, BFS, DFS",https://leetcode.com/problems/modified-graph-search,Search a graph using breadth or depth-first traversal.
1274,Classic DP Table,HackerRank,Medium,"Dynamic Programming, Array",https://www.hackerrank.com/challenges/classic-dp-table,Build a DP table to solve an optimization problem.
1275,Two-Pass Binary Search,CodeChef,Medium,"Binary Search, Array",https://www.codechef.com/problems/two-pass-binary-search,Apply binary search to find an optimal value.
1276,Multi-Step Backtracking,Codeforces,Medium,"Backtracking, Array",https://codeforces.com/problemset/problem/3928/E,Explore combinations using the backtracking paradigm.
1277,Recursive Greedy Selection,LeetCode,Medium,"Greedy Algorithms, Array, Sorting",https://leetcode.com/problems/recursive-greedy-selection,Make locally optimal choices to find global optimum.
1278,Iterative Heap Query,HackerRank,Medium,"Heaps, Array",https://www.hackerrank.com/challenges/iterative-heap-query,Use a priority queue to answer element ranking queries.
1279,Efficient String Pattern,CodeChef,Medium,"String, Hash Table, Two Pointers",https://www.codechef.com/problems/efficient-string-pattern,Find a string pattern using two-pointer or hash map technique.
1280,Minimal Trie Insert,Codeforces,Medium,"Trie, String",https://codeforces.com/problemset/problem/3940/C,Insert words into a trie and answer prefix queries.
1281,Maximum Subarray,LeetCode,Medium,"Array, Sliding Window, Hash Table",https://leetcode.com/problems/maximum-subarray,Find the optimal subarray using the sliding window technique.
1282,Minimum Tree Traversal,HackerRank,Medium,"Binary Trees, DFS, BFS",https://www.hackerrank.com/challenges/minimum-tree-traversal,Traverse a binary tree using a specified traversal order.
1283,Balanced Graph Search,CodeChef,Medium,"Graphs, BFS, DFS",https://www.codechef.com/problems/balanced-graph-search,Search a graph using breadth or depth-first traversal.
1284,Sorted DP Table,Codeforces,Medium,"Dynamic Programming, Array",https://codeforces.com/problemset/problem/3952/A,Build a DP table to solve an optimization problem.
1285,Compressed Binary Search,LeetCode,Medium,"Binary Search, Array",https://leetcode.com/problems/compressed-binary-search,Apply binary search to find an optimal value.
1286,Weighted Backtracking,HackerRank,Medium,"Backtracking, Array",https://www.hackerrank.com/challenges/weighted-backtracking,Explore combinations using the backtracking paradigm.
1287,Directed Greedy Selection,CodeChef,Medium,"Greedy Algorithms, Array, Sorting",https://www.codechef.com/problems/directed-greedy-selection,Make locally optimal choices to find global optimum.
1288,Undirected Heap Query,Codeforces,Medium,"Heaps, Array",https://codeforces.com/problemset/problem/3964/E,Use a priority queue to answer element ranking queries.
1289,Circular String Pattern,LeetCode,Medium,"String, Hash Table, Two Pointers",https://leetcode.com/problems/circular-string-pattern,Find a string pattern using two-pointer or hash map technique.
1290,Diagonal Trie Insert,HackerRank,Medium,"Trie, String",https://www.hackerrank.com/challenges/diagonal-trie-insert,Insert words into a trie and answer prefix queries.
1291,Sparse Subarray,CodeChef,Medium,"Array, Sliding Window, Hash Table",https://www.codechef.com/problems/sparse-subarray,Find the optimal subarray using the sliding window technique.
1292,Dense Tree Traversal,Codeforces,Medium,"Binary Trees, DFS, BFS",https://codeforces.com/problemset/problem/3976/C,Traverse a binary tree using a specified traversal order.
1293,Binary Graph Search,LeetCode,Medium,"Graphs, BFS, DFS",https://leetcode.com/problems/binary-graph-search,Search a graph using breadth or depth-first traversal.
1294,Ternary DP Table,HackerRank,Medium,"Dynamic Programming, Array",https://www.hackerrank.com/challenges/ternary-dp-table,Build a DP table to solve an optimization problem.
1295,Linear Binary Search,CodeChef,Medium,"Binary Search, Array",https://www.codechef.com/problems/linear-binary-search,Apply binary search to find an optimal value.
1296,Logarithmic Backtracking,Codeforces,Medium,"Backtracking, Array",https://codeforces.com/problemset/problem/3988/A,Explore combinations using the backtracking paradigm.
1297,Optimal Greedy Selection,LeetCode,Medium,"Greedy Algorithms, Array, Sorting",https://leetcode.com/problems/optimal-greedy-selection,Make locally optimal choices to find global optimum.
1298,Extended Heap Query,HackerRank,Medium,"Heaps, Array",https://www.hackerrank.com/challenges/extended-heap-query,Use a priority queue to answer element ranking queries.
1299,Variant String Pattern,CodeChef,Medium,"String, Hash Table, Two Pointers",https://www.codechef.com/problems/variant-string-pattern,Find a string pattern using two-pointer or hash map technique.
1300,Advanced Trie Insert,Codeforces,Medium,"Trie, String",https://codeforces.com/problemset/problem/4000/E,Insert words into a trie and answer prefix queries.
1301,Modified Subarray,LeetCode,Medium,"Array, Sliding Window, Hash Table",https://leetcode.com/problems/modified-subarray,Find the optimal subarray using the sliding window technique.
1302,Classic Tree Traversal,HackerRank,Medium,"Binary Trees, DFS, BFS",https://www.hackerrank.com/challenges/classic-tree-traversal,Traverse a binary tree using a specified traversal order.
1303,Two-Pass Graph Search,CodeChef,Medium,"Graphs, BFS, DFS",https://www.codechef.com/problems/two-pass-graph-search,Search a graph using breadth or depth-first traversal.
1304,Multi-Step DP Table,Codeforces,Medium,"Dynamic Programming, Array",https://codeforces.com/problemset/problem/4012/C,Build a DP table to solve an optimization problem.
1305,Recursive Binary Search,LeetCode,Medium,"Binary Search, Array",https://leetcode.com/problems/recursive-binary-search,Apply binary search to find an optimal value.
1306,Iterative Backtracking,HackerRank,Medium,"Backtracking, Array",https://www.hackerrank.com/challenges/iterative-backtracking,Explore combinations using the backtracking paradigm.
1307,Efficient Greedy Selection,CodeChef,Medium,"Greedy Algorithms, Array, Sorting",https://www.codechef.com/problems/efficient-greedy-selection,Make locally optimal choices to find global optimum.
1308,Minimal Heap Query,Codeforces,Medium,"Heaps, Array",https://codeforces.com/problemset/problem/4024/A,Use a priority queue to answer element ranking queries.
1309,Maximum String Pattern,LeetCode,Medium,"String, Hash Table, Two Pointers",https://leetcode.com/problems/maximum-string-pattern,Find a string pattern using two-pointer or hash map technique.
1310,Minimum Trie Insert,HackerRank,Medium,"Trie, String",https://www.hackerrank.com/challenges/minimum-trie-insert,Insert words into a trie and answer prefix queries.
1311,Balanced Subarray,CodeChef,Medium,"Array, Sliding Window, Hash Table",https://www.codechef.com/problems/balanced-subarray,Find the optimal subarray using the sliding window technique.
1312,Sorted Tree Traversal,Codeforces,Medium,"Binary Trees, DFS, BFS",https://codeforces.com/problemset/problem/4036/E,Traverse a binary tree using a specified traversal order.
1313,Compressed Graph Search,LeetCode,Medium,"Graphs, BFS, DFS",https://leetcode.com/problems/compressed-graph-search,Search a graph using breadth or depth-first traversal.
1314,Weighted DP Table,HackerRank,Medium,"Dynamic Programming, Array",https://www.hackerrank.com/challenges/weighted-dp-table,Build a DP table to solve an optimization problem.
1315,Directed Binary Search,CodeChef,Medium,"Binary Search, Array",https://www.codechef.com/problems/directed-binary-search,Apply binary search to find an optimal value.
1316,Undirected Backtracking,Codeforces,Medium,"Backtracking, Array",https://codeforces.com/problemset/problem/4048/C,Explore combinations using the backtracking paradigm.
1317,Circular Greedy Selection,LeetCode,Medium,"Greedy Algorithms, Array, Sorting",https://leetcode.com/problems/circular-greedy-selection,Make locally optimal choices to find global optimum.
1318,Diagonal Heap Query,HackerRank,Medium,"Heaps, Array",https://www.hackerrank.com/challenges/diagonal-heap-query,Use a priority queue to answer element ranking queries.
1319,Sparse String Pattern,CodeChef,Medium,"String, Hash Table, Two Pointers",https://www.codechef.com/problems/sparse-string-pattern,Find a string pattern using two-pointer or hash map technique.
1320,Dense Trie Insert,Codeforces,Medium,"Trie, String",https://codeforces.com/problemset/problem/4060/A,Insert words into a trie and answer prefix queries.
1321,Binary Subarray,LeetCode,Medium,"Array, Sliding Window, Hash Table",https://leetcode.com/problems/binary-subarray,Find the optimal subarray using the sliding window technique.
1322,Ternary Tree Traversal,HackerRank,Medium,"Binary Trees, DFS, BFS",https://www.hackerrank.com/challenges/ternary-tree-traversal,Traverse a binary tree using a specified traversal order.
1323,Linear Graph Search,CodeChef,Medium,"Graphs, BFS, DFS",https://www.codechef.com/problems/linear-graph-search,Search a graph using breadth or depth-first traversal.
1324,Logarithmic DP Table,Codeforces,Medium,"Dynamic Programming, Array",https://codeforces.com/problemset/problem/4072/E,Build a DP table to solve an optimization problem.
1325,Optimal Binary Search,LeetCode,Medium,"Binary Search, Array",https://leetcode.com/problems/optimal-binary-search,Apply binary search to find an optimal value.
1326,Extended Backtracking,HackerRank,Medium,"Backtracking, Array",https://www.hackerrank.com/challenges/extended-backtracking,Explore combinations using the backtracking paradigm.
1327,Variant Greedy Selection,CodeChef,Medium,"Greedy Algorithms, Array, Sorting",https://www.codechef.com/problems/variant-greedy-selection,Make locally optimal choices to find global optimum.
1328,Advanced Heap Query,Codeforces,Medium,"Heaps, Array",https://codeforces.com/problemset/problem/4084/C,Use a priority queue to answer element ranking queries.
1329,Modified String Pattern,LeetCode,Medium,"String, Hash Table, Two Pointers",https://leetcode.com/problems/modified-string-pattern,Find a string pattern using two-pointer or hash map technique.
1330,Classic Trie Insert,HackerRank,Medium,"Trie, String",https://www.hackerrank.com/challenges/classic-trie-insert,Insert words into a trie and answer prefix queries.
1331,Two-Pass Subarray,CodeChef,Medium,"Array, Sliding Window, Hash Table",https://www.codechef.com/problems/two-pass-subarray,Find the optimal subarray using the sliding window technique.
1332,Multi-Step Tree Traversal,Codeforces,Medium,"Binary Trees, DFS, BFS",https://codeforces.com/problemset/problem/4096/A,Traverse a binary tree using a specified traversal order.
1333,Recursive Graph Search,LeetCode,Medium,"Graphs, BFS, DFS",https://leetcode.com/problems/recursive-graph-search,Search a graph using breadth or depth-first traversal.
1334,Iterative DP Table,HackerRank,Medium,"Dynamic Programming, Array",https://www.hackerrank.com/challenges/iterative-dp-table,Build a DP table to solve an optimization problem.
1335,Efficient Binary Search,CodeChef,Medium,"Binary Search, Array",https://www.codechef.com/problems/efficient-binary-search,Apply binary search to find an optimal value.
1336,Minimal Backtracking,Codeforces,Medium,"Backtracking, Array",https://codeforces.com/problemset/problem/4108/E,Explore combinations using the backtracking paradigm.
1337,Maximum Greedy Selection,LeetCode,Medium,"Greedy Algorithms, Array, Sorting",https://leetcode.com/problems/maximum-greedy-selection,Make locally optimal choices to find global optimum.
1338,Minimum Heap Query,HackerRank,Medium,"Heaps, Array",https://www.hackerrank.com/challenges/minimum-heap-query,Use a priority queue to answer element ranking queries.
1339,Balanced String Pattern,CodeChef,Medium,"String, Hash Table, Two Pointers",https://www.codechef.com/problems/balanced-string-pattern,Find a string pattern using two-pointer or hash map technique.
1340,Sorted Trie Insert,Codeforces,Medium,"Trie, String",https://codeforces.com/problemset/problem/4120/C,Insert words into a trie and answer prefix queries.
1341,Compressed Subarray,LeetCode,Medium,"Array, Sliding Window, Hash Table",https://leetcode.com/problems/compressed-subarray,Find the optimal subarray using the sliding window technique.
1342,Weighted Tree Traversal,HackerRank,Medium,"Binary Trees, DFS, BFS",https://www.hackerrank.com/challenges/weighted-tree-traversal,Traverse a binary tree using a specified traversal order.
1343,Directed Graph Search,CodeChef,Medium,"Graphs, BFS, DFS",https://www.codechef.com/problems/directed-graph-search,Search a graph using breadth or depth-first traversal.
1344,Undirected DP Table,Codeforces,Medium,"Dynamic Programming, Array",https://codeforces.com/problemset/problem/4132/A,Build a DP table to solve an optimization problem.
1345,Circular Binary Search,LeetCode,Medium,"Binary Search, Array",https://leetcode.com/problems/circular-binary-search,Apply binary search to find an optimal value.
1346,Diagonal Backtracking,HackerRank,Medium,"Backtracking, Array",https://www.hackerrank.com/challenges/diagonal-backtracking,Explore combinations using the backtracking paradigm.
1347,Sparse Greedy Selection,CodeChef,Medium,"Greedy Algorithms, Array, Sorting",https://www.codechef.com/problems/sparse-greedy-selection,Make locally optimal choices to find global optimum.
1348,Dense Heap Query,Codeforces,Medium,"Heaps, Array",https://codeforces.com/problemset/problem/4144/E,Use a priority queue to answer element ranking queries.
1349,Binary String Pattern,LeetCode,Medium,"String, Hash Table, Two Pointers",https://leetcode.com/problems/binary-string-pattern,Find a string pattern using two-pointer or hash map technique.
1350,Ternary Trie Insert,HackerRank,Medium,"Trie, String",https://www.hackerrank.com/challenges/ternary-trie-insert,Insert words into a trie and answer prefix queries.
1351,Linear Subarray,CodeChef,Medium,"Array, Sliding Window, Hash Table",https://www.codechef.com/problems/linear-subarray,Find the optimal subarray using the sliding window technique.
1352,Logarithmic Tree Traversal,Codeforces,Medium,"Binary Trees, DFS, BFS",https://codeforces.com/problemset/problem/4156/C,Traverse a binary tree using a specified traversal order.
1353,Optimal Graph Search,LeetCode,Medium,"Graphs, BFS, DFS",https://leetcode.com/problems/optimal-graph-search,Search a graph using breadth or depth-first traversal.
1354,Extended DP Table,HackerRank,Medium,"Dynamic Programming, Array",https://www.hackerrank.com/challenges/extended-dp-table,Build a DP table to solve an optimization problem.
1355,Variant Binary Search,CodeChef,Medium,"Binary Search, Array",https://www.codechef.com/problems/variant-binary-search,Apply binary search to find an optimal value.
1356,Advanced Backtracking,Codeforces,Medium,"Backtracking, Array",https://codeforces.com/problemset/problem/4168/A,Explore combinations using the backtracking paradigm.
1357,Modified Greedy Selection,LeetCode,Medium,"Greedy Algorithms, Array, Sorting",https://leetcode.com/problems/modified-greedy-selection,Make locally optimal choices to find global optimum.
1358,Classic Heap Query,HackerRank,Medium,"Heaps, Array",https://www.hackerrank.com/challenges/classic-heap-query,Use a priority queue to answer element ranking queries.
1359,Two-Pass String Pattern,CodeChef,Medium,"String, Hash Table, Two Pointers",https://www.codechef.com/problems/two-pass-string-pattern,Find a string pattern using two-pointer or hash map technique.
1360,Multi-Step Trie Insert,Codeforces,Medium,"Trie, String",https://codeforces.com/problemset/problem/4180/E,Insert words into a trie and answer prefix queries.
1361,Recursive Subarray,LeetCode,Medium,"Array, Sliding Window, Hash Table",https://leetcode.com/problems/recursive-subarray,Find the optimal subarray using the sliding window technique.
1362,Iterative Tree Traversal,HackerRank,Medium,"Binary Trees, DFS, BFS",https://www.hackerrank.com/challenges/iterative-tree-traversal,Traverse a binary tree using a specified traversal order.
1363,Efficient Graph Search,CodeChef,Medium,"Graphs, BFS, DFS",https://www.codechef.com/problems/efficient-graph-search,Search a graph using breadth or depth-first traversal.
1364,Minimal DP Table,Codeforces,Medium,"Dynamic Programming, Array",https://codeforces.com/problemset/problem/4192/C,Build a DP table to solve an optimization problem.
1365,Maximum Binary Search,LeetCode,Medium,"Binary Search, Array",https://leetcode.com/problems/maximum-binary-search,Apply binary search to find an optimal value.
1366,Minimum Backtracking,HackerRank,Medium,"Backtracking, Array",https://www.hackerrank.com/challenges/minimum-backtracking,Explore combinations using the backtracking paradigm.
1367,Balanced Greedy Selection,CodeChef,Medium,"Greedy Algorithms, Array, Sorting",https://www.codechef.com/problems/balanced-greedy-selection,Make locally optimal choices to find global optimum.
1368,Sorted Heap Query,Codeforces,Medium,"Heaps, Array",https://codeforces.com/problemset/problem/4204/A,Use a priority queue to answer element ranking queries.
1369,Compressed String Pattern,LeetCode,Medium,"String, Hash Table, Two Pointers",https://leetcode.com/problems/compressed-string-pattern,Find a string pattern using two-pointer or hash map technique.
1370,Weighted Trie Insert,HackerRank,Medium,"Trie, String",https://www.hackerrank.com/challenges/weighted-trie-insert,Insert words into a trie and answer prefix queries.
1371,Directed Subarray,CodeChef,Medium,"Array, Sliding Window, Hash Table",https://www.codechef.com/problems/directed-subarray,Find the optimal subarray using the sliding window technique.
1372,Undirected Tree Traversal,Codeforces,Medium,"Binary Trees, DFS, BFS",https://codeforces.com/problemset/problem/4216/E,Traverse a binary tree using a specified traversal order.
1373,Circular Graph Search,LeetCode,Medium,"Graphs, BFS, DFS",https://leetcode.com/problems/circular-graph-search,Search a graph using breadth or depth-first traversal.
1374,Diagonal DP Table,HackerRank,Medium,"Dynamic Programming, Array",https://www.hackerrank.com/challenges/diagonal-dp-table,Build a DP table to solve an optimization problem.
1375,Sparse Binary Search,CodeChef,Medium,"Binary Search, Array",https://www.codechef.com/problems/sparse-binary-search,Apply binary search to find an optimal value.
1376,Dense Backtracking,Codeforces,Medium,"Backtracking, Array",https://codeforces.com/problemset/problem/4228/C,Explore combinations using the backtracking paradigm.
1377,Binary Greedy Selection,LeetCode,Medium,"Greedy Algorithms, Array, Sorting",https://leetcode.com/problems/binary-greedy-selection,Make locally optimal choices to find global optimum.
1378,Ternary Heap Query,HackerRank,Medium,"Heaps, Array",https://www.hackerrank.com/challenges/ternary-heap-query,Use a priority queue to answer element ranking queries.
1379,Linear String Pattern,CodeChef,Medium,"String, Hash Table, Two Pointers",https://www.codechef.com/problems/linear-string-pattern,Find a string pattern using two-pointer or hash map technique.
1380,Logarithmic Trie Insert,Codeforces,Medium,"Trie, String",https://codeforces.com/problemset/problem/4240/A,Insert words into a trie and answer prefix queries.
1381,Optimal Subarray,LeetCode,Medium,"Array, Sliding Window, Hash Table",https://leetcode.com/problems/optimal-subarray,Find the optimal subarray using the sliding window technique.
1382,Extended Tree Traversal,HackerRank,Medium,"Binary Trees, DFS, BFS",https://www.hackerrank.com/challenges/extended-tree-traversal,Traverse a binary tree using a specified traversal order.
1383,Variant Graph Search,CodeChef,Medium,"Graphs, BFS, DFS",https://www.codechef.com/problems/variant-graph-search,Search a graph using breadth or depth-first traversal.
1384,Advanced DP Table,Codeforces,Medium,"Dynamic Programming, Array",https://codeforces.com/problemset/problem/4252/E,Build a DP table to solve an optimization problem.
1385,Modified Binary Search,LeetCode,Medium,"Binary Search, Array",https://leetcode.com/problems/modified-binary-search,Apply binary search to find an optimal value.
1386,Classic Backtracking,HackerRank,Medium,"Backtracking, Array",https://www.hackerrank.com/challenges/classic-backtracking,Explore combinations using the backtracking paradigm.
1387,Two-Pass Greedy Selection,CodeChef,Medium,"Greedy Algorithms, Array, Sorting",https://www.codechef.com/problems/two-pass-greedy-selection,Make locally optimal choices to find global optimum.
1388,Multi-Step Heap Query,Codeforces,Medium,"Heaps, Array",https://codeforces.com/problemset/problem/4264/C,Use a priority queue to answer element ranking queries.
1389,Recursive String Pattern,LeetCode,Medium,"String, Hash Table, Two Pointers",https://leetcode.com/problems/recursive-string-pattern,Find a string pattern using two-pointer or hash map technique.
1390,Iterative Trie Insert,HackerRank,Medium,"Trie, String",https://www.hackerrank.com/challenges/iterative-trie-insert,Insert words into a trie and answer prefix queries.
1391,Efficient Subarray,CodeChef,Medium,"Array, Sliding Window, Hash Table",https://www.codechef.com/problems/efficient-subarray,Find the optimal subarray using the sliding window technique.
1392,Minimal Tree Traversal,Codeforces,Medium,"Binary Trees, DFS, BFS",https://codeforces.com/problemset/problem/4276/A,Traverse a binary tree using a specified traversal order.
1393,Maximum Graph Search,LeetCode,Medium,"Graphs, BFS, DFS",https://leetcode.com/problems/maximum-graph-search,Search a graph using breadth or depth-first traversal.
1394,Minimum DP Table,HackerRank,Medium,"Dynamic Programming, Array",https://www.hackerrank.com/challenges/minimum-dp-table,Build a DP table to solve an optimization problem.
1395,Balanced Binary Search,CodeChef,Medium,"Binary Search, Array",https://www.codechef.com/problems/balanced-binary-search,Apply binary search to find an optimal value.
1396,Sorted Backtracking,Codeforces,Medium,"Backtracking, Array",https://codeforces.com/problemset/problem/4288/E,Explore combinations using the backtracking paradigm.
1397,Compressed Greedy Selection,LeetCode,Medium,"Greedy Algorithms, Array, Sorting",https://leetcode.com/problems/compressed-greedy-selection,Make locally optimal choices to find global optimum.
1398,Weighted Heap Query,HackerRank,Medium,"Heaps, Array",https://www.hackerrank.com/challenges/weighted-heap-query,Use a priority queue to answer element ranking queries.
1399,Directed String Pattern,CodeChef,Medium,"String, Hash Table, Two Pointers",https://www.codechef.com/problems/directed-string-pattern,Find a string pattern using two-pointer or hash map technique.
1400,Undirected Trie Insert,Codeforces,Medium,"Trie, String",https://codeforces.com/problemset/problem/4300/C,Insert words into a trie and answer prefix queries.
1401,Circular Subarray,LeetCode,Medium,"Array, Sliding Window, Hash Table",https://leetcode.com/problems/circular-subarray,Find the optimal subarray using the sliding window technique.
1402,Diagonal Tree Traversal,HackerRank,Medium,"Binary Trees, DFS, BFS",https://www.hackerrank.com/challenges/diagonal-tree-traversal,Traverse a binary tree using a specified traversal order.
1403,Sparse Graph Search,CodeChef,Medium,"Graphs, BFS, DFS",https://www.codechef.com/problems/sparse-graph-search,Search a graph using breadth or depth-first traversal.
1404,Dense DP Table,Codeforces,Medium,"Dynamic Programming, Array",https://codeforces.com/problemset/problem/4312/A,Build a DP table to solve an optimization problem.
1405,Binary Binary Search,LeetCode,Medium,"Binary Search, Array",https://leetcode.com/problems/binary-binary-search,Apply binary search to find an optimal value.
1406,Ternary Backtracking,HackerRank,Medium,"Backtracking, Array",https://www.hackerrank.com/challenges/ternary-backtracking,Explore combinations using the backtracking paradigm.
1407,Linear Greedy Selection,CodeChef,Medium,"Greedy Algorithms, Array, Sorting",https://www.codechef.com/problems/linear-greedy-selection,Make locally optimal choices to find global optimum.
1408,Logarithmic Heap Query,Codeforces,Medium,"Heaps, Array",https://codeforces.com/problemset/problem/4324/E,Use a priority queue to answer element ranking queries.
1409,Optimal String Pattern,LeetCode,Medium,"String, Hash Table, Two Pointers",https://leetcode.com/problems/optimal-string-pattern,Find a string pattern using two-pointer or hash map technique.
1410,Extended Trie Insert,HackerRank,Medium,"Trie, String",https://www.hackerrank.com/challenges/extended-trie-insert,Insert words into a trie and answer prefix queries.
1411,Variant Subarray,CodeChef,Medium,"Array, Sliding Window, Hash Table",https://www.codechef.com/problems/variant-subarray,Find the optimal subarray using the sliding window technique.
1412,Advanced Tree Traversal,Codeforces,Medium,"Binary Trees, DFS, BFS",https://codeforces.com/problemset/problem/4336/C,Traverse a binary tree using a specified traversal order.
1413,Modified Graph Search,LeetCode,Medium,"Graphs, BFS, DFS",https://leetcode.com/problems/modified-graph-search,Search a graph using breadth or depth-first traversal.
1414,Classic DP Table,HackerRank,Medium,"Dynamic Programming, Array",https://www.hackerrank.com/challenges/classic-dp-table,Build a DP table to solve an optimization problem.
1415,Two-Pass Binary Search,CodeChef,Medium,"Binary Search, Array",https://www.codechef.com/problems/two-pass-binary-search,Apply binary search to find an optimal value.
1416,Multi-Step Backtracking,Codeforces,Medium,"Backtracking, Array",https://codeforces.com/problemset/problem/4348/A,Explore combinations using the backtracking paradigm.
1417,Recursive Greedy Selection,LeetCode,Medium,"Greedy Algorithms, Array, Sorting",https://leetcode.com/problems/recursive-greedy-selection,Make locally optimal choices to find global optimum.
1418,Iterative Heap Query,HackerRank,Medium,"Heaps, Array",https://www.hackerrank.com/challenges/iterative-heap-query,Use a priority queue to answer element ranking queries.
1419,Efficient String Pattern,CodeChef,Medium,"String, Hash Table, Two Pointers",https://www.codechef.com/problems/efficient-string-pattern,Find a string pattern using two-pointer or hash map technique.
1420,Minimal Trie Insert,Codeforces,Medium,"Trie, String",https://codeforces.com/problemset/problem/4360/E,Insert words into a trie and answer prefix queries.
1421,Maximum Subarray,LeetCode,Medium,"Array, Sliding Window, Hash Table",https://leetcode.com/problems/maximum-subarray,Find the optimal subarray using the sliding window technique.
1422,Minimum Tree Traversal,HackerRank,Medium,"Binary Trees, DFS, BFS",https://www.hackerrank.com/challenges/minimum-tree-traversal,Traverse a binary tree using a specified traversal order.
1423,Balanced Graph Search,CodeChef,Medium,"Graphs, BFS, DFS",https://www.codechef.com/problems/balanced-graph-search,Search a graph using breadth or depth-first traversal.
1424,Sorted DP Table,Codeforces,Medium,"Dynamic Programming, Array",https://codeforces.com/problemset/problem/4372/C,Build a DP table to solve an optimization problem.
1425,Compressed Binary Search,LeetCode,Medium,"Binary Search, Array",https://leetcode.com/problems/compressed-binary-search,Apply binary search to find an optimal value.
1426,Weighted Backtracking,HackerRank,Medium,"Backtracking, Array",https://www.hackerrank.com/challenges/weighted-backtracking,Explore combinations using the backtracking paradigm.
1427,Directed Greedy Selection,CodeChef,Medium,"Greedy Algorithms, Array, Sorting",https://www.codechef.com/problems/directed-greedy-selection,Make locally optimal choices to find global optimum.
1428,Undirected Heap Query,Codeforces,Medium,"Heaps, Array",https://codeforces.com/problemset/problem/4384/A,Use a priority queue to answer element ranking queries.
1429,Circular String Pattern,LeetCode,Medium,"String, Hash Table, Two Pointers",https://leetcode.com/problems/circular-string-pattern,Find a string pattern using two-pointer or hash map technique.
1430,Diagonal Trie Insert,HackerRank,Medium,"Trie, String",https://www.hackerrank.com/challenges/diagonal-trie-insert,Insert words into a trie and answer prefix queries.
1431,Sparse Subarray,CodeChef,Medium,"Array, Sliding Window, Hash Table",https://www.codechef.com/problems/sparse-subarray,Find the optimal subarray using the sliding window technique.
1432,Dense Tree Traversal,Codeforces,Medium,"Binary Trees, DFS, BFS",https://codeforces.com/problemset/problem/4396/E,Traverse a binary tree using a specified traversal order.
1433,Binary Graph Search,LeetCode,Medium,"Graphs, BFS, DFS",https://leetcode.com/problems/binary-graph-search,Search a graph using breadth or depth-first traversal.
1434,Ternary DP Table,HackerRank,Medium,"Dynamic Programming, Array",https://www.hackerrank.com/challenges/ternary-dp-table,Build a DP table to solve an optimization problem.
1435,Linear Binary Search,CodeChef,Medium,"Binary Search, Array",https://www.codechef.com/problems/linear-binary-search,Apply binary search to find an optimal value.
1436,Logarithmic Backtracking,Codeforces,Medium,"Backtracking, Array",https://codeforces.com/problemset/problem/4408/C,Explore combinations using the backtracking paradigm.
1437,Optimal Greedy Selection,LeetCode,Medium,"Greedy Algorithms, Array, Sorting",https://leetcode.com/problems/optimal-greedy-selection,Make locally optimal choices to find global optimum.
1438,Extended Heap Query,HackerRank,Medium,"Heaps, Array",https://www.hackerrank.com/challenges/extended-heap-query,Use a priority queue to answer element ranking queries.
1439,Variant String Pattern,CodeChef,Medium,"String, Hash Table, Two Pointers",https://www.codechef.com/problems/variant-string-pattern,Find a string pattern using two-pointer or hash map technique.
1440,Advanced Trie Insert,Codeforces,Medium,"Trie, String",https://codeforces.com/problemset/problem/4420/A,Insert words into a trie and answer prefix queries.
1441,Modified Subarray,LeetCode,Medium,"Array, Sliding Window, Hash Table",https://leetcode.com/problems/modified-subarray,Find the optimal subarray using the sliding window technique.
1442,Classic Tree Traversal,HackerRank,Medium,"Binary Trees, DFS, BFS",https://www.hackerrank.com/challenges/classic-tree-traversal,Traverse a binary tree using a specified traversal order.
1443,Two-Pass Graph Search,CodeChef,Medium,"Graphs, BFS, DFS",https://www.codechef.com/problems/two-pass-graph-search,Search a graph using breadth or depth-first traversal.
1444,Multi-Step DP Table,Codeforces,Medium,"Dynamic Programming, Array",https://codeforces.com/problemset/problem/4432/E,Build a DP table to solve an optimization problem.
1445,Recursive Binary Search,LeetCode,Medium,"Binary Search, Array",https://leetcode.com/problems/recursive-binary-search,Apply binary search to find an optimal value.
1446,Iterative Backtracking,HackerRank,Medium,"Backtracking, Array",https://www.hackerrank.com/challenges/iterative-backtracking,Explore combinations using the backtracking paradigm.
1447,Efficient Greedy Selection,CodeChef,Medium,"Greedy Algorithms, Array, Sorting",https://www.codechef.com/problems/efficient-greedy-selection,Make locally optimal choices to find global optimum.
1448,Minimal Heap Query,Codeforces,Medium,"Heaps, Array",https://codeforces.com/problemset/problem/4444/C,Use a priority queue to answer element ranking queries.
1449,Maximum String Pattern,LeetCode,Medium,"String, Hash Table, Two Pointers",https://leetcode.com/problems/maximum-string-pattern,Find a string pattern using two-pointer or hash map technique.
1450,Minimum Trie Insert,HackerRank,Medium,"Trie, String",https://www.hackerrank.com/challenges/minimum-trie-insert,Insert words into a trie and answer prefix queries.
1451,Balanced Subarray,CodeChef,Medium,"Array, Sliding Window, Hash Table",https://www.codechef.com/problems/balanced-subarray,Find the optimal subarray using the sliding window technique.
1452,Sorted Tree Traversal,Codeforces,Medium,"Binary Trees, DFS, BFS",https://codeforces.com/problemset/problem/4456/A,Traverse a binary tree using a specified traversal order.
1453,Compressed Graph Search,LeetCode,Medium,"Graphs, BFS, DFS",https://leetcode.com/problems/compressed-graph-search,Search a graph using breadth or depth-first traversal.
1454,Weighted DP Table,HackerRank,Medium,"Dynamic Programming, Array",https://www.hackerrank.com/challenges/weighted-dp-table,Build a DP table to solve an optimization problem.
1455,Directed Binary Search,CodeChef,Medium,"Binary Search, Array",https://www.codechef.com/problems/directed-binary-search,Apply binary search to find an optimal value.
1456,Undirected Backtracking,Codeforces,Medium,"Backtracking, Array",https://codeforces.com/problemset/problem/4468/E,Explore combinations using the backtracking paradigm.
1457,Circular Greedy Selection,LeetCode,Medium,"Greedy Algorithms, Array, Sorting",https://leetcode.com/problems/circular-greedy-selection,Make locally optimal choices to find global optimum.
1458,Diagonal Heap Query,HackerRank,Medium,"Heaps, Array",https://www.hackerrank.com/challenges/diagonal-heap-query,Use a priority queue to answer element ranking queries.
1459,Sparse String Pattern,CodeChef,Medium,"String, Hash Table, Two Pointers",https://www.codechef.com/problems/sparse-string-pattern,Find a string pattern using two-pointer or hash map technique.
1460,Dense Trie Insert,Codeforces,Medium,"Trie, String",https://codeforces.com/problemset/problem/4480/C,Insert words into a trie and answer prefix queries.
1461,Binary Subarray,LeetCode,Medium,"Array, Sliding Window, Hash Table",https://leetcode.com/problems/binary-subarray,Find the optimal subarray using the sliding window technique.
1462,Ternary Tree Traversal,HackerRank,Medium,"Binary Trees, DFS, BFS",https://www.hackerrank.com/challenges/ternary-tree-traversal,Traverse a binary tree using a specified traversal order.
1463,Linear Graph Search,CodeChef,Medium,"Graphs, BFS, DFS",https://www.codechef.com/problems/linear-graph-search,Search a graph using breadth or depth-first traversal.
1464,Logarithmic DP Table,Codeforces,Medium,"Dynamic Programming, Array",https://codeforces.com/problemset/problem/4492/A,Build a DP table to solve an optimization problem.
1465,Optimal Binary Search,LeetCode,Medium,"Binary Search, Array",https://leetcode.com/problems/optimal-binary-search,Apply binary search to find an optimal value.
1466,Extended Backtracking,HackerRank,Medium,"Backtracking, Array",https://www.hackerrank.com/challenges/extended-backtracking,Explore combinations using the backtracking paradigm.
1467,Variant Greedy Selection,CodeChef,Medium,"Greedy Algorithms, Array, Sorting",https://www.codechef.com/problems/variant-greedy-selection,Make locally optimal choices to find global optimum.
1468,Advanced Heap Query,Codeforces,Medium,"Heaps, Array",https://codeforces.com/problemset/problem/4504/E,Use a priority queue to answer element ranking queries.
1469,Modified String Pattern,LeetCode,Medium,"String, Hash Table, Two Pointers",https://leetcode.com/problems/modified-string-pattern,Find a string pattern using two-pointer or hash map technique.
1470,Classic Trie Insert,HackerRank,Medium,"Trie, String",https://www.hackerrank.com/challenges/classic-trie-insert,Insert words into a trie and answer prefix queries.
1471,Two-Pass Subarray,CodeChef,Medium,"Array, Sliding Window, Hash Table",https://www.codechef.com/problems/two-pass-subarray,Find the optimal subarray using the sliding window technique.
1472,Multi-Step Tree Traversal,Codeforces,Medium,"Binary Trees, DFS, BFS",https://codeforces.com/problemset/problem/4516/C,Traverse a binary tree using a specified traversal order.
1473,Recursive Graph Search,LeetCode,Medium,"Graphs, BFS, DFS",https://leetcode.com/problems/recursive-graph-search,Search a graph using breadth or depth-first traversal.
1474,Iterative DP Table,HackerRank,Medium,"Dynamic Programming, Array",https://www.hackerrank.com/challenges/iterative-dp-table,Build a DP table to solve an optimization problem.
1475,Efficient Binary Search,CodeChef,Medium,"Binary Search, Array",https://www.codechef.com/problems/efficient-binary-search,Apply binary search to find an optimal value.
1476,Minimal Backtracking,Codeforces,Medium,"Backtracking, Array",https://codeforces.com/problemset/problem/4528/A,Explore combinations using the backtracking paradigm.
1477,Maximum Greedy Selection,LeetCode,Medium,"Greedy Algorithms, Array, Sorting",https://leetcode.com/problems/maximum-greedy-selection,Make locally optimal choices to find global optimum.
1478,Minimum Heap Query,HackerRank,Medium,"Heaps, Array",https://www.hackerrank.com/challenges/minimum-heap-query,Use a priority queue to answer element ranking queries.
1479,Balanced String Pattern,CodeChef,Medium,"String, Hash Table, Two Pointers",https://www.codechef.com/problems/balanced-string-pattern,Find a string pattern using two-pointer or hash map technique.
1480,Sorted Trie Insert,Codeforces,Medium,"Trie, String",https://codeforces.com/problemset/problem/4540/E,Insert words into a trie and answer prefix queries.
1481,Compressed Subarray,LeetCode,Medium,"Array, Sliding Window, Hash Table",https://leetcode.com/problems/compressed-subarray,Find the optimal subarray using the sliding window technique.
1482,Weighted Tree Traversal,HackerRank,Medium,"Binary Trees, DFS, BFS",https://www.hackerrank.com/challenges/weighted-tree-traversal,Traverse a binary tree using a specified traversal order.
1483,Directed Graph Search,CodeChef,Medium,"Graphs, BFS, DFS",https://www.codechef.com/problems/directed-graph-search,Search a graph using breadth or depth-first traversal.
1484,Undirected DP Table,Codeforces,Medium,"Dynamic Programming, Array",https://codeforces.com/problemset/problem/4552/C,Build a DP table to solve an optimization problem.
1485,Circular Binary Search,LeetCode,Medium,"Binary Search, Array",https://leetcode.com/problems/circular-binary-search,Apply binary search to find an optimal value.
1486,Diagonal Backtracking,HackerRank,Medium,"Backtracking, Array",https://www.hackerrank.com/challenges/diagonal-backtracking,Explore combinations using the backtracking paradigm.
1487,Sparse Greedy Selection,CodeChef,Medium,"Greedy Algorithms, Array, Sorting",https://www.codechef.com/problems/sparse-greedy-selection,Make locally optimal choices to find global optimum.
1488,Dense Heap Query,Codeforces,Medium,"Heaps, Array",https://codeforces.com/problemset/problem/4564/A,Use a priority queue to answer element ranking queries.
1489,Binary String Pattern,LeetCode,Medium,"String, Hash Table, Two Pointers",https://leetcode.com/problems/binary-string-pattern,Find a string pattern using two-pointer or hash map technique.
1490,Ternary Trie Insert,HackerRank,Medium,"Trie, String",https://www.hackerrank.com/challenges/ternary-trie-insert,Insert words into a trie and answer prefix queries.
1491,Linear Subarray,CodeChef,Medium,"Array, Sliding Window, Hash Table",https://www.codechef.com/problems/linear-subarray,Find the optimal subarray using the sliding window technique.
1492,Logarithmic Tree Traversal,Codeforces,Medium,"Binary Trees, DFS, BFS",https://codeforces.com/problemset/problem/4576/E,Traverse a binary tree using a specified traversal order.
1493,Optimal Graph Search,LeetCode,Medium,"Graphs, BFS, DFS",https://leetcode.com/problems/optimal-graph-search,Search a graph using breadth or depth-first traversal.
1494,Extended DP Table,HackerRank,Medium,"Dynamic Programming, Array",https://www.hackerrank.com/challenges/extended-dp-table,Build a DP table to solve an optimization problem.
1495,Variant Binary Search,CodeChef,Medium,"Binary Search, Array",https://www.codechef.com/problems/variant-binary-search,Apply binary search to find an optimal value.
1496,Advanced Backtracking,Codeforces,Medium,"Backtracking, Array",https://codeforces.com/problemset/problem/4588/C,Explore combinations using the backtracking paradigm.
1497,Modified Greedy Selection,LeetCode,Medium,"Greedy Algorithms, Array, Sorting",https://leetcode.com/problems/modified-greedy-selection,Make locally optimal choices to find global optimum.
1498,Classic Heap Query,HackerRank,Medium,"Heaps, Array",https://www.hackerrank.com/challenges/classic-heap-query,Use a priority queue to answer element ranking queries.
1499,Two-Pass String Pattern,CodeChef,Medium,"String, Hash Table, Two Pointers",https://www.codechef.com/problems/two-pass-string-pattern,Find a string pattern using two-pointer or hash map technique.
1500,Multi-Step Trie Insert,Codeforces,Medium,"Trie, String",https://codeforces.com/problemset/problem/4600/A,Insert words into a trie and answer prefix queries.
1501,Recursive Subarray,LeetCode,Medium,"Array, Sliding Window, Hash Table",https://leetcode.com/problems/recursive-subarray,Find the optimal subarray using the sliding window technique.
1502,Iterative Tree Traversal,HackerRank,Medium,"Binary Trees, DFS, BFS",https://www.hackerrank.com/challenges/iterative-tree-traversal,Traverse a binary tree using a specified traversal order.
1503,Efficient Graph Search,CodeChef,Medium,"Graphs, BFS, DFS",https://www.codechef.com/problems/efficient-graph-search,Search a graph using breadth or depth-first traversal.
1504,Minimal DP Table,Codeforces,Medium,"Dynamic Programming, Array",https://codeforces.com/problemset/problem/4612/E,Build a DP table to solve an optimization problem.
1505,Maximum Binary Search,LeetCode,Medium,"Binary Search, Array",https://leetcode.com/problems/maximum-binary-search,Apply binary search to find an optimal value.
1506,Minimum Backtracking,HackerRank,Medium,"Backtracking, Array",https://www.hackerrank.com/challenges/minimum-backtracking,Explore combinations using the backtracking paradigm.
1507,Balanced Greedy Selection,CodeChef,Medium,"Greedy Algorithms, Array, Sorting",https://www.codechef.com/problems/balanced-greedy-selection,Make locally optimal choices to find global optimum.
1508,Sorted Heap Query,Codeforces,Medium,"Heaps, Array",https://codeforces.com/problemset/problem/4624/C,Use a priority queue to answer element ranking queries.
1509,Compressed String Pattern,LeetCode,Medium,"String, Hash Table, Two Pointers",https://leetcode.com/problems/compressed-string-pattern,Find a string pattern using two-pointer or hash map technique.
1510,Weighted Trie Insert,HackerRank,Medium,"Trie, String",https://www.hackerrank.com/challenges/weighted-trie-insert,Insert words into a trie and answer prefix queries.
1511,Directed Subarray,CodeChef,Medium,"Array, Sliding Window, Hash Table",https://www.codechef.com/problems/directed-subarray,Find the optimal subarray using the sliding window technique.
1512,Undirected Tree Traversal,Codeforces,Medium,"Binary Trees, DFS, BFS",https://codeforces.com/problemset/problem/4636/A,Traverse a binary tree using a specified traversal order.
1513,Circular Graph Search,LeetCode,Medium,"Graphs, BFS, DFS",https://leetcode.com/problems/circular-graph-search,Search a graph using breadth or depth-first traversal.
1514,Diagonal DP Table,HackerRank,Medium,"Dynamic Programming, Array",https://www.hackerrank.com/challenges/diagonal-dp-table,Build a DP table to solve an optimization problem.
1515,Sparse Binary Search,CodeChef,Medium,"Binary Search, Array",https://www.codechef.com/problems/sparse-binary-search,Apply binary search to find an optimal value.
1516,Dense Backtracking,Codeforces,Medium,"Backtracking, Array",https://codeforces.com/problemset/problem/4648/E,Explore combinations using the backtracking paradigm.
1517,Binary Greedy Selection,LeetCode,Medium,"Greedy Algorithms, Array, Sorting",https://leetcode.com/problems/binary-greedy-selection,Make locally optimal choices to find global optimum.
1518,Ternary Heap Query,HackerRank,Medium,"Heaps, Array",https://www.hackerrank.com/challenges/ternary-heap-query,Use a priority queue to answer element ranking queries.
1519,Linear String Pattern,CodeChef,Medium,"String, Hash Table, Two Pointers",https://www.codechef.com/problems/linear-string-pattern,Find a string pattern using two-pointer or hash map technique.
1520,Logarithmic Trie Insert,Codeforces,Medium,"Trie, String",https://codeforces.com/problemset/problem/4660/C,Insert words into a trie and answer prefix queries.
1521,Optimal Subarray,LeetCode,Medium,"Array, Sliding Window, Hash Table",https://leetcode.com/problems/optimal-subarray,Find the optimal subarray using the sliding window technique.
1522,Extended Tree Traversal,HackerRank,Medium,"Binary Trees, DFS, BFS",https://www.hackerrank.com/challenges/extended-tree-traversal,Traverse a binary tree using a specified traversal order.
1523,Variant Graph Search,CodeChef,Medium,"Graphs, BFS, DFS",https://www.codechef.com/problems/variant-graph-search,Search a graph using breadth or depth-first traversal.
1524,Advanced DP Table,Codeforces,Medium,"Dynamic Programming, Array",https://codeforces.com/problemset/problem/4672/A,Build a DP table to solve an optimization problem.
1525,Modified Binary Search,LeetCode,Medium,"Binary Search, Array",https://leetcode.com/problems/modified-binary-search,Apply binary search to find an optimal value.
1526,Classic Backtracking,HackerRank,Medium,"Backtracking, Array",https://www.hackerrank.com/challenges/classic-backtracking,Explore combinations using the backtracking paradigm.
1527,Two-Pass Greedy Selection,CodeChef,Medium,"Greedy Algorithms, Array, Sorting",https://www.codechef.com/problems/two-pass-greedy-selection,Make locally optimal choices to find global optimum.
1528,Multi-Step Heap Query,Codeforces,Medium,"Heaps, Array",https://codeforces.com/problemset/problem/4684/E,Use a priority queue to answer element ranking queries.
1529,Recursive String Pattern,LeetCode,Medium,"String, Hash Table, Two Pointers",https://leetcode.com/problems/recursive-string-pattern,Find a string pattern using two-pointer or hash map technique.
1530,Iterative Trie Insert,HackerRank,Medium,"Trie, String",https://www.hackerrank.com/challenges/iterative-trie-insert,Insert words into a trie and answer prefix queries.
1531,Efficient Subarray,CodeChef,Medium,"Array, Sliding Window, Hash Table",https://www.codechef.com/problems/efficient-subarray,Find the optimal subarray using the sliding window technique.
1532,Minimal Tree Traversal,Codeforces,Medium,"Binary Trees, DFS, BFS",https://codeforces.com/problemset/problem/4696/C,Traverse a binary tree using a specified traversal order.
1533,Maximum Graph Search,LeetCode,Medium,"Graphs, BFS, DFS",https://leetcode.com/problems/maximum-graph-search,Search a graph using breadth or depth-first traversal.
1534,Minimum DP Table,HackerRank,Medium,"Dynamic Programming, Array",https://www.hackerrank.com/challenges/minimum-dp-table,Build a DP table to solve an optimization problem.
1535,Balanced Binary Search,CodeChef,Medium,"Binary Search, Array",https://www.codechef.com/problems/balanced-binary-search,Apply binary search to find an optimal value.
1536,Sorted Backtracking,Codeforces,Medium,"Backtracking, Array",https://codeforces.com/problemset/problem/4708/A,Explore combinations using the backtracking paradigm.
1537,Compressed Greedy Selection,LeetCode,Medium,"Greedy Algorithms, Array, Sorting",https://leetcode.com/problems/compressed-greedy-selection,Make locally optimal choices to find global optimum.
1538,Weighted Heap Query,HackerRank,Medium,"Heaps, Array",https://www.hackerrank.com/challenges/weighted-heap-query,Use a priority queue to answer element ranking queries.
1539,Directed String Pattern,CodeChef,Medium,"String, Hash Table, Two Pointers",https://www.codechef.com/problems/directed-string-pattern,Find a string pattern using two-pointer or hash map technique.
1540,Undirected Trie Insert,Codeforces,Medium,"Trie, String",https://codeforces.com/problemset/problem/4720/E,Insert words into a trie and answer prefix queries.
1541,Circular Subarray,LeetCode,Medium,"Array, Sliding Window, Hash Table",https://leetcode.com/problems/circular-subarray,Find the optimal subarray using the sliding window technique.
1542,Diagonal Tree Traversal,HackerRank,Medium,"Binary Trees, DFS, BFS",https://www.hackerrank.com/challenges/diagonal-tree-traversal,Traverse a binary tree using a specified traversal order.
1543,Sparse Graph Search,CodeChef,Medium,"Graphs, BFS, DFS",https://www.codechef.com/problems/sparse-graph-search,Search a graph using breadth or depth-first traversal.
1544,Dense DP Table,Codeforces,Medium,"Dynamic Programming, Array",https://codeforces.com/problemset/problem/4732/C,Build a DP table to solve an optimization problem.
1545,Binary Binary Search,LeetCode,Medium,"Binary Search, Array",https://leetcode.com/problems/binary-binary-search,Apply binary search to find an optimal value.
1546,Ternary Backtracking,HackerRank,Medium,"Backtracking, Array",https://www.hackerrank.com/challenges/ternary-backtracking,Explore combinations using the backtracking paradigm.
1547,Linear Greedy Selection,CodeChef,Medium,"Greedy Algorithms, Array, Sorting",https://www.codechef.com/problems/linear-greedy-selection,Make locally optimal choices to find global optimum.
1548,Logarithmic Heap Query,Codeforces,Medium,"Heaps, Array",https://codeforces.com/problemset/problem/4744/A,Use a priority queue to answer element ranking queries.
1549,Optimal String Pattern,LeetCode,Medium,"String, Hash Table, Two Pointers",https://leetcode.com/problems/optimal-string-pattern,Find a string pattern using two-pointer or hash map technique.
1550,Extended Trie Insert,HackerRank,Medium,"Trie, String",https://www.hackerrank.com/challenges/extended-trie-insert,Insert words into a trie and answer prefix queries.
1551,Variant Subarray,CodeChef,Medium,"Array, Sliding Window, Hash Table",https://www.codechef.com/problems/variant-subarray,Find the optimal subarray using the sliding window technique.
1552,Advanced Tree Traversal,Codeforces,Medium,"Binary Trees, DFS, BFS",https://codeforces.com/problemset/problem/4756/E,Traverse a binary tree using a specified traversal order.
1553,Modified Graph Search,LeetCode,Medium,"Graphs, BFS, DFS",https://leetcode.com/problems/modified-graph-search,Search a graph using breadth or depth-first traversal.
1554,Classic DP Table,HackerRank,Medium,"Dynamic Programming, Array",https://www.hackerrank.com/challenges/classic-dp-table,Build a DP table to solve an optimization problem.
1555,Two-Pass Binary Search,CodeChef,Medium,"Binary Search, Array",https://www.codechef.com/problems/two-pass-binary-search,Apply binary search to find an optimal value.
1556,Multi-Step Backtracking,Codeforces,Medium,"Backtracking, Array",https://codeforces.com/problemset/problem/4768/C,Explore combinations using the backtracking paradigm.
1557,Recursive Greedy Selection,LeetCode,Medium,"Greedy Algorithms, Array, Sorting",https://leetcode.com/problems/recursive-greedy-selection,Make locally optimal choices to find global optimum.
1558,Iterative Heap Query,HackerRank,Medium,"Heaps, Array",https://www.hackerrank.com/challenges/iterative-heap-query,Use a priority queue to answer element ranking queries.
1559,Efficient String Pattern,CodeChef,Medium,"String, Hash Table, Two Pointers",https://www.codechef.com/problems/efficient-string-pattern,Find a string pattern using two-pointer or hash map technique.
1560,Minimal Trie Insert,Codeforces,Medium,"Trie, String",https://codeforces.com/problemset/problem/4780/A,Insert words into a trie and answer prefix queries.
1561,Maximum Subarray,LeetCode,Medium,"Array, Sliding Window, Hash Table",https://leetcode.com/problems/maximum-subarray,Find the optimal subarray using the sliding window technique.
1562,Minimum Tree Traversal,HackerRank,Medium,"Binary Trees, DFS, BFS",https://www.hackerrank.com/challenges/minimum-tree-traversal,Traverse a binary tree using a specified traversal order.
1563,Balanced Graph Search,CodeChef,Medium,"Graphs, BFS, DFS",https://www.codechef.com/problems/balanced-graph-search,Search a graph using breadth or depth-first traversal.
1564,Sorted DP Table,Codeforces,Medium,"Dynamic Programming, Array",https://codeforces.com/problemset/problem/4792/E,Build a DP table to solve an optimization problem.
1565,Compressed Binary Search,LeetCode,Medium,"Binary Search, Array",https://leetcode.com/problems/compressed-binary-search,Apply binary search to find an optimal value.
1566,Weighted Backtracking,HackerRank,Medium,"Backtracking, Array",https://www.hackerrank.com/challenges/weighted-backtracking,Explore combinations using the backtracking paradigm.
1567,Directed Greedy Selection,CodeChef,Medium,"Greedy Algorithms, Array, Sorting",https://www.codechef.com/problems/directed-greedy-selection,Make locally optimal choices to find global optimum.
1568,Undirected Heap Query,Codeforces,Medium,"Heaps, Array",https://codeforces.com/problemset/problem/4804/C,Use a priority queue to answer element ranking queries.
1569,Circular String Pattern,LeetCode,Medium,"String, Hash Table, Two Pointers",https://leetcode.com/problems/circular-string-pattern,Find a string pattern using two-pointer or hash map technique.
1570,Diagonal Trie Insert,HackerRank,Medium,"Trie, String",https://www.hackerrank.com/challenges/diagonal-trie-insert,Insert words into a trie and answer prefix queries.
1571,Sparse Subarray,CodeChef,Medium,"Array, Sliding Window, Hash Table",https://www.codechef.com/problems/sparse-subarray,Find the optimal subarray using the sliding window technique.
1572,Dense Tree Traversal,Codeforces,Medium,"Binary Trees, DFS, BFS",https://codeforces.com/problemset/problem/4816/A,Traverse a binary tree using a specified traversal order.
1573,Binary Graph Search,LeetCode,Medium,"Graphs, BFS, DFS",https://leetcode.com/problems/binary-graph-search,Search a graph using breadth or depth-first traversal.
1574,Ternary DP Table,HackerRank,Medium,"Dynamic Programming, Array",https://www.hackerrank.com/challenges/ternary-dp-table,Build a DP table to solve an optimization problem.
1575,Linear Binary Search,CodeChef,Medium,"Binary Search, Array",https://www.codechef.com/problems/linear-binary-search,Apply binary search to find an optimal value.
1576,Logarithmic Backtracking,Codeforces,Medium,"Backtracking, Array",https://codeforces.com/problemset/problem/4828/E,Explore combinations using the backtracking paradigm.
1577,Optimal Greedy Selection,LeetCode,Medium,"Greedy Algorithms, Array, Sorting",https://leetcode.com/problems/optimal-greedy-selection,Make locally optimal choices to find global optimum.
1578,Extended Heap Query,HackerRank,Medium,"Heaps, Array",https://www.hackerrank.com/challenges/extended-heap-query,Use a priority queue to answer element ranking queries.
1579,Variant String Pattern,CodeChef,Medium,"String, Hash Table, Two Pointers",https://www.codechef.com/problems/variant-string-pattern,Find a string pattern using two-pointer or hash map technique.
1580,Advanced Trie Insert,Codeforces,Medium,"Trie, String",https://codeforces.com/problemset/problem/4840/C,Insert words into a trie and answer prefix queries.
1581,Modified Subarray,LeetCode,Medium,"Array, Sliding Window, Hash Table",https://leetcode.com/problems/modified-subarray,Find the optimal subarray using the sliding window technique.
1582,Classic Tree Traversal,HackerRank,Medium,"Binary Trees, DFS, BFS",https://www.hackerrank.com/challenges/classic-tree-traversal,Traverse a binary tree using a specified traversal order.
1583,Two-Pass Graph Search,CodeChef,Medium,"Graphs, BFS, DFS",https://www.codechef.com/problems/two-pass-graph-search,Search a graph using breadth or depth-first traversal.
1584,Multi-Step DP Table,Codeforces,Medium,"Dynamic Programming, Array",https://codeforces.com/problemset/problem/4852/A,Build a DP table to solve an optimization problem.
1585,Recursive Binary Search,LeetCode,Medium,"Binary Search, Array",https://leetcode.com/problems/recursive-binary-search,Apply binary search to find an optimal value.
1586,Iterative Backtracking,HackerRank,Medium,"Backtracking, Array",https://www.hackerrank.com/challenges/iterative-backtracking,Explore combinations using the backtracking paradigm.
1587,Efficient Greedy Selection,CodeChef,Medium,"Greedy Algorithms, Array, Sorting",https://www.codechef.com/problems/efficient-greedy-selection,Make locally optimal choices to find global optimum.
1588,Minimal Heap Query,Codeforces,Medium,"Heaps, Array",https://codeforces.com/problemset/problem/4864/E,Use a priority queue to answer element ranking queries.
1589,Maximum String Pattern,LeetCode,Medium,"String, Hash Table, Two Pointers",https://leetcode.com/problems/maximum-string-pattern,Find a string pattern using two-pointer or hash map technique.
1590,Minimum Trie Insert,HackerRank,Medium,"Trie, String",https://www.hackerrank.com/challenges/minimum-trie-insert,Insert words into a trie and answer prefix queries.
1591,Balanced Subarray,CodeChef,Medium,"Array, Sliding Window, Hash Table",https://www.codechef.com/problems/balanced-subarray,Find the optimal subarray using the sliding window technique.
1592,Sorted Tree Traversal,Codeforces,Medium,"Binary Trees, DFS, BFS",https://codeforces.com/problemset/problem/4876/C,Traverse a binary tree using a specified traversal order.
1593,Compressed Graph Search,LeetCode,Medium,"Graphs, BFS, DFS",https://leetcode.com/problems/compressed-graph-search,Search a graph using breadth or depth-first traversal.
1594,Weighted DP Table,HackerRank,Medium,"Dynamic Programming, Array",https://www.hackerrank.com/challenges/weighted-dp-table,Build a DP table to solve an optimization problem.
1595,Directed Binary Search,CodeChef,Medium,"Binary Search, Array",https://www.codechef.com/problems/directed-binary-search,Apply binary search to find an optimal value.
1596,Undirected Backtracking,Codeforces,Medium,"Backtracking, Array",https://codeforces.com/problemset/problem/4888/A,Explore combinations using the backtracking paradigm.
1597,Circular Greedy Selection,LeetCode,Medium,"Greedy Algorithms, Array, Sorting",https://leetcode.com/problems/circular-greedy-selection,Make locally optimal choices to find global optimum.
1598,Diagonal Heap Query,HackerRank,Medium,"Heaps, Array",https://www.hackerrank.com/challenges/diagonal-heap-query,Use a priority queue to answer element ranking queries.
1599,Sparse String Pattern,CodeChef,Medium,"String, Hash Table, Two Pointers",https://www.codechef.com/problems/sparse-string-pattern,Find a string pattern using two-pointer or hash map technique.
1600,Dense Trie Insert,Codeforces,Medium,"Trie, String",https://codeforces.com/problemset/problem/4900/E,Insert words into a trie and answer prefix queries.
1601,Binary Subarray,LeetCode,Medium,"Array, Sliding Window, Hash Table",https://leetcode.com/problems/binary-subarray,Find the optimal subarray using the sliding window technique.
1602,Ternary Tree Traversal,HackerRank,Medium,"Binary Trees, DFS, BFS",https://www.hackerrank.com/challenges/ternary-tree-traversal,Traverse a binary tree using a specified traversal order.
1603,Linear Graph Search,CodeChef,Medium,"Graphs, BFS, DFS",https://www.codechef.com/problems/linear-graph-search,Search a graph using breadth or depth-first traversal.
1604,Logarithmic DP Table,Codeforces,Medium,"Dynamic Programming, Array",https://codeforces.com/problemset/problem/4912/C,Build a DP table to solve an optimization problem.
1605,Optimal Binary Search,LeetCode,Medium,"Binary Search, Array",https://leetcode.com/problems/optimal-binary-search,Apply binary search to find an optimal value.
1606,Extended Backtracking,HackerRank,Medium,"Backtracking, Array",https://www.hackerrank.com/challenges/extended-backtracking,Explore combinations using the backtracking paradigm.
1607,Variant Greedy Selection,CodeChef,Medium,"Greedy Algorithms, Array, Sorting",https://www.codechef.com/problems/variant-greedy-selection,Make locally optimal choices to find global optimum.
1608,Advanced Heap Query,Codeforces,Medium,"Heaps, Array",https://codeforces.com/problemset/problem/4924/A,Use a priority queue to answer element ranking queries.
1609,Modified String Pattern,LeetCode,Medium,"String, Hash Table, Two Pointers",https://leetcode.com/problems/modified-string-pattern,Find a string pattern using two-pointer or hash map technique.
1610,Classic Trie Insert,HackerRank,Medium,"Trie, String",https://www.hackerrank.com/challenges/classic-trie-insert,Insert words into a trie and answer prefix queries.
1611,Two-Pass Subarray,CodeChef,Medium,"Array, Sliding Window, Hash Table",https://www.codechef.com/problems/two-pass-subarray,Find the optimal subarray using the sliding window technique.
1612,Multi-Step Tree Traversal,Codeforces,Medium,"Binary Trees, DFS, BFS",https://codeforces.com/problemset/problem/4936/E,Traverse a binary tree using a specified traversal order.
1613,Recursive Graph Search,LeetCode,Medium,"Graphs, BFS, DFS",https://leetcode.com/problems/recursive-graph-search,Search a graph using breadth or depth-first traversal.
1614,Iterative DP Table,HackerRank,Medium,"Dynamic Programming, Array",https://www.hackerrank.com/challenges/iterative-dp-table,Build a DP table to solve an optimization problem.
1615,Efficient Binary Search,CodeChef,Medium,"Binary Search, Array",https://www.codechef.com/problems/efficient-binary-search,Apply binary search to find an optimal value.
1616,Minimal Backtracking,Codeforces,Medium,"Backtracking, Array",https://codeforces.com/problemset/problem/4948/C,Explore combinations using the backtracking paradigm.
1617,Maximum Greedy Selection,LeetCode,Medium,"Greedy Algorithms, Array, Sorting",https://leetcode.com/problems/maximum-greedy-selection,Make locally optimal choices to find global optimum.
1618,Minimum Heap Query,HackerRank,Medium,"Heaps, Array",https://www.hackerrank.com/challenges/minimum-heap-query,Use a priority queue to answer element ranking queries.
1619,Balanced String Pattern,CodeChef,Medium,"String, Hash Table, Two Pointers",https://www.codechef.com/problems/balanced-string-pattern,Find a string pattern using two-pointer or hash map technique.
1620,Sorted Trie Insert,Codeforces,Medium,"Trie, String",https://codeforces.com/problemset/problem/4960/A,Insert words into a trie and answer prefix queries.
1621,Compressed Subarray,LeetCode,Medium,"Array, Sliding Window, Hash Table",https://leetcode.com/problems/compressed-subarray,Find the optimal subarray using the sliding window technique.
1622,Weighted Tree Traversal,HackerRank,Medium,"Binary Trees, DFS, BFS",https://www.hackerrank.com/challenges/weighted-tree-traversal,Traverse a binary tree using a specified traversal order.
1623,Directed Graph Search,CodeChef,Medium,"Graphs, BFS, DFS",https://www.codechef.com/problems/directed-graph-search,Search a graph using breadth or depth-first traversal.
1624,Undirected DP Table,Codeforces,Medium,"Dynamic Programming, Array",https://codeforces.com/problemset/problem/4972/E,Build a DP table to solve an optimization problem.
1625,Circular Binary Search,LeetCode,Medium,"Binary Search, Array",https://leetcode.com/problems/circular-binary-search,Apply binary search to find an optimal value.
1626,Diagonal Backtracking,HackerRank,Medium,"Backtracking, Array",https://www.hackerrank.com/challenges/diagonal-backtracking,Explore combinations using the backtracking paradigm.
1627,Sparse Greedy Selection,CodeChef,Medium,"Greedy Algorithms, Array, Sorting",https://www.codechef.com/problems/sparse-greedy-selection,Make locally optimal choices to find global optimum.
1628,Dense Heap Query,Codeforces,Medium,"Heaps, Array",https://codeforces.com/problemset/problem/4984/C,Use a priority queue to answer element ranking queries.
1629,Binary String Pattern,LeetCode,Medium,"String, Hash Table, Two Pointers",https://leetcode.com/problems/binary-string-pattern,Find a string pattern using two-pointer or hash map technique.
1630,Ternary Trie Insert,HackerRank,Medium,"Trie, String",https://www.hackerrank.com/challenges/ternary-trie-insert,Insert words into a trie and answer prefix queries.
1631,Linear Subarray,CodeChef,Medium,"Array, Sliding Window, Hash Table",https://www.codechef.com/problems/linear-subarray,Find the optimal subarray using the sliding window technique.
1632,Logarithmic Tree Traversal,Codeforces,Medium,"Binary Trees, DFS, BFS",https://codeforces.com/problemset/problem/4996/A,Traverse a binary tree using a specified traversal order.
1633,Optimal Graph Search,LeetCode,Medium,"Graphs, BFS, DFS",https://leetcode.com/problems/optimal-graph-search,Search a graph using breadth or depth-first traversal.
1634,Extended DP Table,HackerRank,Medium,"Dynamic Programming, Array",https://www.hackerrank.com/challenges/extended-dp-table,Build a DP table to solve an optimization problem.
1635,Variant Binary Search,CodeChef,Medium,"Binary Search, Array",https://www.codechef.com/problems/variant-binary-search,Apply binary search to find an optimal value.
1636,Advanced Backtracking,Codeforces,Medium,"Backtracking, Array",https://codeforces.com/problemset/problem/5008/E,Explore combinations using the backtracking paradigm.
1637,Modified Greedy Selection,LeetCode,Medium,"Greedy Algorithms, Array, Sorting",https://leetcode.com/problems/modified-greedy-selection,Make locally optimal choices to find global optimum.
1638,Classic Heap Query,HackerRank,Medium,"Heaps, Array",https://www.hackerrank.com/challenges/classic-heap-query,Use a priority queue to answer element ranking queries.
1639,Two-Pass String Pattern,CodeChef,Medium,"String, Hash Table, Two Pointers",https://www.codechef.com/problems/two-pass-string-pattern,Find a string pattern using two-pointer or hash map technique.
1640,Multi-Step Trie Insert,Codeforces,Medium,"Trie, String",https://codeforces.com/problemset/problem/5020/C,Insert words into a trie and answer prefix queries.
1641,Recursive Subarray,LeetCode,Medium,"Array, Sliding Window, Hash Table",https://leetcode.com/problems/recursive-subarray,Find the optimal subarray using the sliding window technique.
1642,Iterative Tree Traversal,HackerRank,Medium,"Binary Trees, DFS, BFS",https://www.hackerrank.com/challenges/iterative-tree-traversal,Traverse a binary tree using a specified traversal order.
1643,Efficient Graph Search,CodeChef,Medium,"Graphs, BFS, DFS",https://www.codechef.com/problems/efficient-graph-search,Search a graph using breadth or depth-first traversal.
1644,Minimal DP Table,Codeforces,Medium,"Dynamic Programming, Array",https://codeforces.com/problemset/problem/5032/A,Build a DP table to solve an optimization problem.
1645,Maximum Binary Search,LeetCode,Medium,"Binary Search, Array",https://leetcode.com/problems/maximum-binary-search,Apply binary search to find an optimal value.
1646,Minimum Backtracking,HackerRank,Medium,"Backtracking, Array",https://www.hackerrank.com/challenges/minimum-backtracking,Explore combinations using the backtracking paradigm.
1647,Balanced Greedy Selection,CodeChef,Medium,"Greedy Algorithms, Array, Sorting",https://www.codechef.com/problems/balanced-greedy-selection,Make locally optimal choices to find global optimum.
1648,Sorted Heap Query,Codeforces,Medium,"Heaps, Array",https://codeforces.com/problemset/problem/5044/E,Use a priority queue to answer element ranking queries.
1649,Compressed String Pattern,LeetCode,Medium,"String, Hash Table, Two Pointers",https://leetcode.com/problems/compressed-string-pattern,Find a string pattern using two-pointer or hash map technique.
1650,Weighted Trie Insert,HackerRank,Medium,"Trie, String",https://www.hackerrank.com/challenges/weighted-trie-insert,Insert words into a trie and answer prefix queries.
1651,Directed Subarray,CodeChef,Medium,"Array, Sliding Window, Hash Table",https://www.codechef.com/problems/directed-subarray,Find the optimal subarray using the sliding window technique.
1652,Undirected Tree Traversal,Codeforces,Medium,"Binary Trees, DFS, BFS",https://codeforces.com/problemset/problem/5056/C,Traverse a binary tree using a specified traversal order.
1653,Circular Graph Search,LeetCode,Medium,"Graphs, BFS, DFS",https://leetcode.com/problems/circular-graph-search,Search a graph using breadth or depth-first traversal.
1654,Diagonal DP Table,HackerRank,Medium,"Dynamic Programming, Array",https://www.hackerrank.com/challenges/diagonal-dp-table,Build a DP table to solve an optimization problem.
1655,Sparse Binary Search,CodeChef,Medium,"Binary Search, Array",https://www.codechef.com/problems/sparse-binary-search,Apply binary search to find an optimal value.
1656,Dense Backtracking,Codeforces,Medium,"Backtracking, Array",https://codeforces.com/problemset/problem/5068/A,Explore combinations using the backtracking paradigm.
1657,Binary Greedy Selection,LeetCode,Medium,"Greedy Algorithms, Array, Sorting",https://leetcode.com/problems/binary-greedy-selection,Make locally optimal choices to find global optimum.
1658,Ternary Heap Query,HackerRank,Medium,"Heaps, Array",https://www.hackerrank.com/challenges/ternary-heap-query,Use a priority queue to answer element ranking queries.
1659,Linear String Pattern,CodeChef,Medium,"String, Hash Table, Two Pointers",https://www.codechef.com/problems/linear-string-pattern,Find a string pattern using two-pointer or hash map technique.
1660,Logarithmic Trie Insert,Codeforces,Medium,"Trie, String",https://codeforces.com/problemset/problem/5080/E,Insert words into a trie and answer prefix queries.
1661,Optimal Subarray,LeetCode,Medium,"Array, Sliding Window, Hash Table",https://leetcode.com/problems/optimal-subarray,Find the optimal subarray using the sliding window technique.
1662,Extended Tree Traversal,HackerRank,Medium,"Binary Trees, DFS, BFS",https://www.hackerrank.com/challenges/extended-tree-traversal,Traverse a binary tree using a specified traversal order.
1663,Variant Graph Search,CodeChef,Medium,"Graphs, BFS, DFS",https://www.codechef.com/problems/variant-graph-search,Search a graph using breadth or depth-first traversal.
1664,Advanced DP Table,Codeforces,Medium,"Dynamic Programming, Array",https://codeforces.com/problemset/problem/5092/C,Build a DP table to solve an optimization problem.
1665,Modified Binary Search,LeetCode,Medium,"Binary Search, Array",https://leetcode.com/problems/modified-binary-search,Apply binary search to find an optimal value.
1666,Classic Backtracking,HackerRank,Medium,"Backtracking, Array",https://www.hackerrank.com/challenges/classic-backtracking,Explore combinations using the backtracking paradigm.
1667,Two-Pass Greedy Selection,CodeChef,Medium,"Greedy Algorithms, Array, Sorting",https://www.codechef.com/problems/two-pass-greedy-selection,Make locally optimal choices to find global optimum.
1668,Multi-Step Heap Query,Codeforces,Medium,"Heaps, Array",https://codeforces.com/problemset/problem/5104/A,Use a priority queue to answer element ranking queries.
1669,Recursive String Pattern,LeetCode,Medium,"String, Hash Table, Two Pointers",https://leetcode.com/problems/recursive-string-pattern,Find a string pattern using two-pointer or hash map technique.
1670,Iterative Trie Insert,HackerRank,Medium,"Trie, String",https://www.hackerrank.com/challenges/iterative-trie-insert,Insert words into a trie and answer prefix queries.
1671,Efficient Subarray,CodeChef,Medium,"Array, Sliding Window, Hash Table",https://www.codechef.com/problems/efficient-subarray,Find the optimal subarray using the sliding window technique.
1672,Minimal Tree Traversal,Codeforces,Medium,"Binary Trees, DFS, BFS",https://codeforces.com/problemset/problem/5116/E,Traverse a binary tree using a specified traversal order.
1673,Maximum Graph Search,LeetCode,Medium,"Graphs, BFS, DFS",https://leetcode.com/problems/maximum-graph-search,Search a graph using breadth or depth-first traversal.
1674,Minimum DP Table,HackerRank,Medium,"Dynamic Programming, Array",https://www.hackerrank.com/challenges/minimum-dp-table,Build a DP table to solve an optimization problem.
1675,Balanced Binary Search,CodeChef,Medium,"Binary Search, Array",https://www.codechef.com/problems/balanced-binary-search,Apply binary search to find an optimal value.
1676,Sorted Backtracking,Codeforces,Medium,"Backtracking, Array",https://codeforces.com/problemset/problem/5128/C,Explore combinations using the backtracking paradigm.
1677,Compressed Greedy Selection,LeetCode,Medium,"Greedy Algorithms, Array, Sorting",https://leetcode.com/problems/compressed-greedy-selection,Make locally optimal choices to find global optimum.
1678,Weighted Heap Query,HackerRank,Medium,"Heaps, Array",https://www.hackerrank.com/challenges/weighted-heap-query,Use a priority queue to answer element ranking queries.
1679,Directed String Pattern,CodeChef,Medium,"String, Hash Table, Two Pointers",https://www.codechef.com/problems/directed-string-pattern,Find a string pattern using two-pointer or hash map technique.
1680,Undirected Trie Insert,Codeforces,Medium,"Trie, String",https://codeforces.com/problemset/problem/5140/A,Insert words into a trie and answer prefix queries.
1681,Circular Subarray,LeetCode,Medium,"Array, Sliding Window, Hash Table",https://leetcode.com/problems/circular-subarray,Find the optimal subarray using the sliding window technique.
1682,Diagonal Tree Traversal,HackerRank,Medium,"Binary Trees, DFS, BFS",https://www.hackerrank.com/challenges/diagonal-tree-traversal,Traverse a binary tree using a specified traversal order.
1683,Sparse Graph Search,CodeChef,Medium,"Graphs, BFS, DFS",https://www.codechef.com/problems/sparse-graph-search,Search a graph using breadth or depth-first traversal.
1684,Dense DP Table,Codeforces,Medium,"Dynamic Programming, Array",https://codeforces.com/problemset/problem/5152/E,Build a DP table to solve an optimization problem.
1685,Binary Binary Search,LeetCode,Medium,"Binary Search, Array",https://leetcode.com/problems/binary-binary-search,Apply binary search to find an optimal value.
1686,Ternary Backtracking,HackerRank,Medium,"Backtracking, Array",https://www.hackerrank.com/challenges/ternary-backtracking,Explore combinations using the backtracking paradigm.
1687,Linear Greedy Selection,CodeChef,Medium,"Greedy Algorithms, Array, Sorting",https://www.codechef.com/problems/linear-greedy-selection,Make locally optimal choices to find global optimum.
1688,Logarithmic Heap Query,Codeforces,Medium,"Heaps, Array",https://codeforces.com/problemset/problem/5164/C,Use a priority queue to answer element ranking queries.
1689,Optimal String Pattern,LeetCode,Medium,"String, Hash Table, Two Pointers",https://leetcode.com/problems/optimal-string-pattern,Find a string pattern using two-pointer or hash map technique.
1690,Extended Trie Insert,HackerRank,Medium,"Trie, String",https://www.hackerrank.com/challenges/extended-trie-insert,Insert words into a trie and answer prefix queries.
1691,Variant Subarray,CodeChef,Medium,"Array, Sliding Window, Hash Table",https://www.codechef.com/problems/variant-subarray,Find the optimal subarray using the sliding window technique.
1692,Advanced Tree Traversal,Codeforces,Medium,"Binary Trees, DFS, BFS",https://codeforces.com/problemset/problem/5176/A,Traverse a binary tree using a specified traversal order.
1693,Modified Graph Search,LeetCode,Medium,"Graphs, BFS, DFS",https://leetcode.com/problems/modified-graph-search,Search a graph using breadth or depth-first traversal.
1694,Classic DP Table,HackerRank,Medium,"Dynamic Programming, Array",https://www.hackerrank.com/challenges/classic-dp-table,Build a DP table to solve an optimization problem.
1695,Two-Pass Binary Search,CodeChef,Medium,"Binary Search, Array",https://www.codechef.com/problems/two-pass-binary-search,Apply binary search to find an optimal value.
1696,Multi-Step Backtracking,Codeforces,Medium,"Backtracking, Array",https://codeforces.com/problemset/problem/5188/E,Explore combinations using the backtracking paradigm.
1697,Recursive Greedy Selection,LeetCode,Medium,"Greedy Algorithms, Array, Sorting",https://leetcode.com/problems/recursive-greedy-selection,Make locally optimal choices to find global optimum.
1698,Iterative Heap Query,HackerRank,Medium,"Heaps, Array",https://www.hackerrank.com/challenges/iterative-heap-query,Use a priority queue to answer element ranking queries.
1699,Efficient String Pattern,CodeChef,Medium,"String, Hash Table, Two Pointers",https://www.codechef.com/problems/efficient-string-pattern,Find a string pattern using two-pointer or hash map technique.
1700,Minimal Trie Insert,Codeforces,Medium,"Trie, String",https://codeforces.com/problemset/problem/5200/C,Insert words into a trie and answer prefix queries.
1701,Maximum Subarray,LeetCode,Medium,"Array, Sliding Window, Hash Table",https://leetcode.com/problems/maximum-subarray,Find the optimal subarray using the sliding window technique.
1702,Minimum Tree Traversal,HackerRank,Medium,"Binary Trees, DFS, BFS",https://www.hackerrank.com/challenges/minimum-tree-traversal,Traverse a binary tree using a specified traversal order.
1703,Balanced Graph Search,CodeChef,Medium,"Graphs, BFS, DFS",https://www.codechef.com/problems/balanced-graph-search,Search a graph using breadth or depth-first traversal.
1704,Sorted DP Table,Codeforces,Medium,"Dynamic Programming, Array",https://codeforces.com/problemset/problem/5212/A,Build a DP table to solve an optimization problem.
1705,Compressed Binary Search,LeetCode,Medium,"Binary Search, Array",https://leetcode.com/problems/compressed-binary-search,Apply binary search to find an optimal value.
1706,Weighted Backtracking,HackerRank,Medium,"Backtracking, Array",https://www.hackerrank.com/challenges/weighted-backtracking,Explore combinations using the backtracking paradigm.
1707,Directed Greedy Selection,CodeChef,Medium,"Greedy Algorithms, Array, Sorting",https://www.codechef.com/problems/directed-greedy-selection,Make locally optimal choices to find global optimum.
1708,Undirected Heap Query,Codeforces,Medium,"Heaps, Array",https://codeforces.com/problemset/problem/5224/E,Use a priority queue to answer element ranking queries.
1709,Circular String Pattern,LeetCode,Medium,"String, Hash Table, Two Pointers",https://leetcode.com/problems/circular-string-pattern,Find a string pattern using two-pointer or hash map technique.
1710,Diagonal Trie Insert,HackerRank,Medium,"Trie, String",https://www.hackerrank.com/challenges/diagonal-trie-insert,Insert words into a trie and answer prefix queries.
1711,Sparse Subarray,CodeChef,Medium,"Array, Sliding Window, Hash Table",https://www.codechef.com/problems/sparse-subarray,Find the optimal subarray using the sliding window technique.
1712,Dense Tree Traversal,Codeforces,Medium,"Binary Trees, DFS, BFS",https://codeforces.com/problemset/problem/5236/C,Traverse a binary tree using a specified traversal order.
1713,Binary Graph Search,LeetCode,Medium,"Graphs, BFS, DFS",https://leetcode.com/problems/binary-graph-search,Search a graph using breadth or depth-first traversal.
1714,Ternary DP Table,HackerRank,Medium,"Dynamic Programming, Array",https://www.hackerrank.com/challenges/ternary-dp-table,Build a DP table to solve an optimization problem.
1715,Linear Binary Search,CodeChef,Medium,"Binary Search, Array",https://www.codechef.com/problems/linear-binary-search,Apply binary search to find an optimal value.
1716,Logarithmic Backtracking,Codeforces,Medium,"Backtracking, Array",https://codeforces.com/problemset/problem/5248/A,Explore combinations using the backtracking paradigm.
1717,Optimal Greedy Selection,LeetCode,Medium,"Greedy Algorithms, Array, Sorting",https://leetcode.com/problems/optimal-greedy-selection,Make locally optimal choices to find global optimum.
1718,Extended Heap Query,HackerRank,Medium,"Heaps, Array",https://www.hackerrank.com/challenges/extended-heap-query,Use a priority queue to answer element ranking queries.
1719,Variant String Pattern,CodeChef,Medium,"String, Hash Table, Two Pointers",https://www.codechef.com/problems/variant-string-pattern,Find a string pattern using two-pointer or hash map technique.
1720,Advanced Trie Insert,Codeforces,Medium,"Trie, String",https://codeforces.com/problemset/problem/5260/E,Insert words into a trie and answer prefix queries.
1721,Modified Subarray,LeetCode,Medium,"Array, Sliding Window, Hash Table",https://leetcode.com/problems/modified-subarray,Find the optimal subarray using the sliding window technique.
1722,Classic Tree Traversal,HackerRank,Medium,"Binary Trees, DFS, BFS",https://www.hackerrank.com/challenges/classic-tree-traversal,Traverse a binary tree using a specified traversal order.
1723,Two-Pass Graph Search,CodeChef,Medium,"Graphs, BFS, DFS",https://www.codechef.com/problems/two-pass-graph-search,Search a graph using breadth or depth-first traversal.
1724,Multi-Step DP Table,Codeforces,Medium,"Dynamic Programming, Array",https://codeforces.com/problemset/problem/5272/C,Build a DP table to solve an optimization problem.
1725,Recursive Binary Search,LeetCode,Medium,"Binary Search, Array",https://leetcode.com/problems/recursive-binary-search,Apply binary search to find an optimal value.
1726,Iterative Backtracking,HackerRank,Medium,"Backtracking, Array",https://www.hackerrank.com/challenges/iterative-backtracking,Explore combinations using the backtracking paradigm.
1727,Efficient Greedy Selection,CodeChef,Medium,"Greedy Algorithms, Array, Sorting",https://www.codechef.com/problems/efficient-greedy-selection,Make locally optimal choices to find global optimum.
1728,Minimal Heap Query,Codeforces,Medium,"Heaps, Array",https://codeforces.com/problemset/problem/5284/A,Use a priority queue to answer element ranking queries.
1729,Maximum String Pattern,LeetCode,Medium,"String, Hash Table, Two Pointers",https://leetcode.com/problems/maximum-string-pattern,Find a string pattern using two-pointer or hash map technique.
1730,Minimum Trie Insert,HackerRank,Medium,"Trie, String",https://www.hackerrank.com/challenges/minimum-trie-insert,Insert words into a trie and answer prefix queries.
1731,Balanced Subarray,CodeChef,Medium,"Array, Sliding Window, Hash Table",https://www.codechef.com/problems/balanced-subarray,Find the optimal subarray using the sliding window technique.
1732,Sorted Tree Traversal,Codeforces,Medium,"Binary Trees, DFS, BFS",https://codeforces.com/problemset/problem/5296/E,Traverse a binary tree using a specified traversal order.
1733,Compressed Graph Search,LeetCode,Medium,"Graphs, BFS, DFS",https://leetcode.com/problems/compressed-graph-search,Search a graph using breadth or depth-first traversal.
1734,Weighted DP Table,HackerRank,Medium,"Dynamic Programming, Array",https://www.hackerrank.com/challenges/weighted-dp-table,Build a DP table to solve an optimization problem.
1735,Directed Binary Search,CodeChef,Medium,"Binary Search, Array",https://www.codechef.com/problems/directed-binary-search,Apply binary search to find an optimal value.
1736,Undirected Backtracking,Codeforces,Medium,"Backtracking, Array",https://codeforces.com/problemset/problem/5308/C,Explore combinations using the backtracking paradigm.
1737,Circular Greedy Selection,LeetCode,Medium,"Greedy Algorithms, Array, Sorting",https://leetcode.com/problems/circular-greedy-selection,Make locally optimal choices to find global optimum.
1738,Diagonal Heap Query,HackerRank,Medium,"Heaps, Array",https://www.hackerrank.com/challenges/diagonal-heap-query,Use a priority queue to answer element ranking queries.
1739,Sparse String Pattern,CodeChef,Medium,"String, Hash Table, Two Pointers",https://www.codechef.com/problems/sparse-string-pattern,Find a string pattern using two-pointer or hash map technique.
1740,Dense Trie Insert,Codeforces,Medium,"Trie, String",https://codeforces.com/problemset/problem/5320/A,Insert words into a trie and answer prefix queries.
1741,Binary Subarray,LeetCode,Medium,"Array, Sliding Window, Hash Table",https://leetcode.com/problems/binary-subarray,Find the optimal subarray using the sliding window technique.
1742,Ternary Tree Traversal,HackerRank,Medium,"Binary Trees, DFS, BFS",https://www.hackerrank.com/challenges/ternary-tree-traversal,Traverse a binary tree using a specified traversal order.
1743,Linear Graph Search,CodeChef,Medium,"Graphs, BFS, DFS",https://www.codechef.com/problems/linear-graph-search,Search a graph using breadth or depth-first traversal.
1744,Logarithmic DP Table,Codeforces,Medium,"Dynamic Programming, Array",https://codeforces.com/problemset/problem/5332/E,Build a DP table to solve an optimization problem.
1745,Optimal Binary Search,LeetCode,Medium,"Binary Search, Array",https://leetcode.com/problems/optimal-binary-search,Apply binary search to find an optimal value.
1746,Extended Backtracking,HackerRank,Medium,"Backtracking, Array",https://www.hackerrank.com/challenges/extended-backtracking,Explore combinations using the backtracking paradigm.
1747,Variant Greedy Selection,CodeChef,Medium,"Greedy Algorithms, Array, Sorting",https://www.codechef.com/problems/variant-greedy-selection,Make locally optimal choices to find global optimum.
1748,Advanced Heap Query,Codeforces,Medium,"Heaps, Array",https://codeforces.com/problemset/problem/5344/C,Use a priority queue to answer element ranking queries.
1749,Modified String Pattern,LeetCode,Medium,"String, Hash Table, Two Pointers",https://leetcode.com/problems/modified-string-pattern,Find a string pattern using two-pointer or hash map technique.
1750,Classic Trie Insert,HackerRank,Medium,"Trie, String",https://www.hackerrank.com/challenges/classic-trie-insert,Insert words into a trie and answer prefix queries.
1751,Two-Pass Subarray,CodeChef,Medium,"Array, Sliding Window, Hash Table",https://www.codechef.com/problems/two-pass-subarray,Find the optimal subarray using the sliding window technique.
1752,Multi-Step Tree Traversal,Codeforces,Medium,"Binary Trees, DFS, BFS",https://codeforces.com/problemset/problem/5356/A,Traverse a binary tree using a specified traversal order.
1753,Recursive Graph Search,LeetCode,Medium,"Graphs, BFS, DFS",https://leetcode.com/problems/recursive-graph-search,Search a graph using breadth or depth-first traversal.
1754,Iterative DP Table,HackerRank,Medium,"Dynamic Programming, Array",https://www.hackerrank.com/challenges/iterative-dp-table,Build a DP table to solve an optimization problem.
1755,Efficient Binary Search,CodeChef,Medium,"Binary Search, Array",https://www.codechef.com/problems/efficient-binary-search,Apply binary search to find an optimal value.
1756,Minimal Backtracking,Codeforces,Medium,"Backtracking, Array",https://codeforces.com/problemset/problem/5368/E,Explore combinations using the backtracking paradigm.
1757,Maximum Greedy Selection,LeetCode,Medium,"Greedy Algorithms, Array, Sorting",https://leetcode.com/problems/maximum-greedy-selection,Make locally optimal choices to find global optimum.
1758,Minimum Heap Query,HackerRank,Medium,"Heaps, Array",https://www.hackerrank.com/challenges/minimum-heap-query,Use a priority queue to answer element ranking queries.
1759,Balanced String Pattern,CodeChef,Medium,"String, Hash Table, Two Pointers",https://www.codechef.com/problems/balanced-string-pattern,Find a string pattern using two-pointer or hash map technique.
1760,Sorted Trie Insert,Codeforces,Medium,"Trie, String",https://codeforces.com/problemset/problem/5380/C,Insert words into a trie and answer prefix queries.
1761,Compressed Subarray,LeetCode,Medium,"Array, Sliding Window, Hash Table",https://leetcode.com/problems/compressed-subarray,Find the optimal subarray using the sliding window technique.
1762,Weighted Tree Traversal,HackerRank,Medium,"Binary Trees, DFS, BFS",https://www.hackerrank.com/challenges/weighted-tree-traversal,Traverse a binary tree using a specified traversal order.
1763,Directed Graph Search,CodeChef,Medium,"Graphs, BFS, DFS",https://www.codechef.com/problems/directed-graph-search,Search a graph using breadth or depth-first traversal.
1764,Undirected DP Table,Codeforces,Medium,"Dynamic Programming, Array",https://codeforces.com/problemset/problem/5392/A,Build a DP table to solve an optimization problem.
1765,Circular Binary Search,LeetCode,Medium,"Binary Search, Array",https://leetcode.com/problems/circular-binary-search,Apply binary search to find an optimal value.
1766,Diagonal Backtracking,HackerRank,Medium,"Backtracking, Array",https://www.hackerrank.com/challenges/diagonal-backtracking,Explore combinations using the backtracking paradigm.
1767,Sparse Greedy Selection,CodeChef,Medium,"Greedy Algorithms, Array, Sorting",https://www.codechef.com/problems/sparse-greedy-selection,Make locally optimal choices to find global optimum.
1768,Dense Heap Query,Codeforces,Medium,"Heaps, Array",https://codeforces.com/problemset/problem/5404/E,Use a priority queue to answer element ranking queries.
1769,Binary String Pattern,LeetCode,Medium,"String, Hash Table, Two Pointers",https://leetcode.com/problems/binary-string-pattern,Find a string pattern using two-pointer or hash map technique.
1770,Ternary Trie Insert,HackerRank,Medium,"Trie, String",https://www.hackerrank.com/challenges/ternary-trie-insert,Insert words into a trie and answer prefix queries.
1771,Linear Subarray,CodeChef,Medium,"Array, Sliding Window, Hash Table",https://www.codechef.com/problems/linear-subarray,Find the optimal subarray using the sliding window technique.
1772,Logarithmic Tree Traversal,Codeforces,Medium,"Binary Trees, DFS, BFS",https://codeforces.com/problemset/problem/5416/C,Traverse a binary tree using a specified traversal order.
1773,Optimal Graph Search,LeetCode,Medium,"Graphs, BFS, DFS",https://leetcode.com/problems/optimal-graph-search,Search a graph using breadth or depth-first traversal.
1774,Extended DP Table,HackerRank,Medium,"Dynamic Programming, Array",https://www.hackerrank.com/challenges/extended-dp-table,Build a DP table to solve an optimization problem.
1775,Variant Binary Search,CodeChef,Medium,"Binary Search, Array",https://www.codechef.com/problems/variant-binary-search,Apply binary search to find an optimal value.
1776,Advanced Backtracking,Codeforces,Medium,"Backtracking, Array",https://codeforces.com/problemset/problem/5428/A,Explore combinations using the backtracking paradigm.
1777,Modified Greedy Selection,LeetCode,Medium,"Greedy Algorithms, Array, Sorting",https://leetcode.com/problems/modified-greedy-selection,Make locally optimal choices to find global optimum.
1778,Classic Heap Query,HackerRank,Medium,"Heaps, Array",https://www.hackerrank.com/challenges/classic-heap-query,Use a priority queue to answer element ranking queries.
1779,Two-Pass String Pattern,CodeChef,Medium,"String, Hash Table, Two Pointers",https://www.codechef.com/problems/two-pass-string-pattern,Find a string pattern using two-pointer or hash map technique.
1780,Multi-Step Trie Insert,Codeforces,Medium,"Trie, String",https://codeforces.com/problemset/problem/5440/E,Insert words into a trie and answer prefix queries.
1781,Recursive Subarray,LeetCode,Medium,"Array, Sliding Window, Hash Table",https://leetcode.com/problems/recursive-subarray,Find the optimal subarray using the sliding window technique.
1782,Iterative Tree Traversal,HackerRank,Medium,"Binary Trees, DFS, BFS",https://www.hackerrank.com/challenges/iterative-tree-traversal,Traverse a binary tree using a specified traversal order.
1783,Efficient Graph Search,CodeChef,Medium,"Graphs, BFS, DFS",https://www.codechef.com/problems/efficient-graph-search,Search a graph using breadth or depth-first traversal.
1784,Minimal DP Table,Codeforces,Medium,"Dynamic Programming, Array",https://codeforces.com/problemset/problem/5452/C,Build a DP table to solve an optimization problem.
1785,Maximum Binary Search,LeetCode,Medium,"Binary Search, Array",https://leetcode.com/problems/maximum-binary-search,Apply binary search to find an optimal value.
1786,Minimum Backtracking,HackerRank,Medium,"Backtracking, Array",https://www.hackerrank.com/challenges/minimum-backtracking,Explore combinations using the backtracking paradigm.
1787,Balanced Greedy Selection,CodeChef,Medium,"Greedy Algorithms, Array, Sorting",https://www.codechef.com/problems/balanced-greedy-selection,Make locally optimal choices to find global optimum.
1788,Sorted Heap Query,Codeforces,Medium,"Heaps, Array",https://codeforces.com/problemset/problem/5464/A,Use a priority queue to answer element ranking queries.
1789,Compressed String Pattern,LeetCode,Medium,"String, Hash Table, Two Pointers",https://leetcode.com/problems/compressed-string-pattern,Find a string pattern using two-pointer or hash map technique.
1790,Weighted Trie Insert,HackerRank,Medium,"Trie, String",https://www.hackerrank.com/challenges/weighted-trie-insert,Insert words into a trie and answer prefix queries.
1791,Directed Subarray,CodeChef,Medium,"Array, Sliding Window, Hash Table",https://www.codechef.com/problems/directed-subarray,Find the optimal subarray using the sliding window technique.
1792,Undirected Tree Traversal,Codeforces,Medium,"Binary Trees, DFS, BFS",https://codeforces.com/problemset/problem/5476/E,Traverse a binary tree using a specified traversal order.
1793,Circular Graph Search,LeetCode,Medium,"Graphs, BFS, DFS",https://leetcode.com/problems/circular-graph-search,Search a graph using breadth or depth-first traversal.
1794,Diagonal DP Table,HackerRank,Medium,"Dynamic Programming, Array",https://www.hackerrank.com/challenges/diagonal-dp-table,Build a DP table to solve an optimization problem.
1795,Sparse Binary Search,CodeChef,Medium,"Binary Search, Array",https://www.codechef.com/problems/sparse-binary-search,Apply binary search to find an optimal value.
1796,Dense Backtracking,Codeforces,Medium,"Backtracking, Array",https://codeforces.com/problemset/problem/5488/C,Explore combinations using the backtracking paradigm.
1797,Binary Greedy Selection,LeetCode,Medium,"Greedy Algorithms, Array, Sorting",https://leetcode.com/problems/binary-greedy-selection,Make locally optimal choices to find global optimum.
1798,Ternary Heap Query,HackerRank,Medium,"Heaps, Array",https://www.hackerrank.com/challenges/ternary-heap-query,Use a priority queue to answer element ranking queries.
1799,Linear String Pattern,CodeChef,Medium,"String, Hash Table, Two Pointers",https://www.codechef.com/problems/linear-string-pattern,Find a string pattern using two-pointer or hash map technique.
1800,Logarithmic Trie Insert,Codeforces,Medium,"Trie, String",https://codeforces.com/problemset/problem/5500/A,Insert words into a trie and answer prefix queries.
1801,Optimal Subarray,LeetCode,Medium,"Array, Sliding Window, Hash Table",https://leetcode.com/problems/optimal-subarray,Find the optimal subarray using the sliding window technique.
1802,Extended Tree Traversal,HackerRank,Medium,"Binary Trees, DFS, BFS",https://www.hackerrank.com/challenges/extended-tree-traversal,Traverse a binary tree using a specified traversal order.
1803,Variant Graph Search,CodeChef,Medium,"Graphs, BFS, DFS",https://www.codechef.com/problems/variant-graph-search,Search a graph using breadth or depth-first traversal.
1804,Advanced DP Table,Codeforces,Medium,"Dynamic Programming, Array",https://codeforces.com/problemset/problem/5512/E,Build a DP table to solve an optimization problem.
1805,Modified Binary Search,LeetCode,Medium,"Binary Search, Array",https://leetcode.com/problems/modified-binary-search,Apply binary search to find an optimal value.
1806,Classic Backtracking,HackerRank,Medium,"Backtracking, Array",https://www.hackerrank.com/challenges/classic-backtracking,Explore combinations using the backtracking paradigm.
1807,Two-Pass Greedy Selection,CodeChef,Medium,"Greedy Algorithms, Array, Sorting",https://www.codechef.com/problems/two-pass-greedy-selection,Make locally optimal choices to find global optimum.
1808,Multi-Step Heap Query,Codeforces,Medium,"Heaps, Array",https://codeforces.com/problemset/problem/5524/C,Use a priority queue to answer element ranking queries.
1809,Recursive String Pattern,LeetCode,Medium,"String, Hash Table, Two Pointers",https://leetcode.com/problems/recursive-string-pattern,Find a string pattern using two-pointer or hash map technique.
1810,Iterative Trie Insert,HackerRank,Medium,"Trie, String",https://www.hackerrank.com/challenges/iterative-trie-insert,Insert words into a trie and answer prefix queries.
1811,Efficient Subarray,CodeChef,Medium,"Array, Sliding Window, Hash Table",https://www.codechef.com/problems/efficient-subarray,Find the optimal subarray using the sliding window technique.
1812,Minimal Tree Traversal,Codeforces,Medium,"Binary Trees, DFS, BFS",https://codeforces.com/problemset/problem/5536/A,Traverse a binary tree using a specified traversal order.
1813,Maximum Graph Search,LeetCode,Medium,"Graphs, BFS, DFS",https://leetcode.com/problems/maximum-graph-search,Search a graph using breadth or depth-first traversal.
1814,Minimum DP Table,HackerRank,Medium,"Dynamic Programming, Array",https://www.hackerrank.com/challenges/minimum-dp-table,Build a DP table to solve an optimization problem.
1815,Balanced Binary Search,CodeChef,Medium,"Binary Search, Array",https://www.codechef.com/problems/balanced-binary-search,Apply binary search to find an optimal value.
1816,Sorted Backtracking,Codeforces,Medium,"Backtracking, Array",https://codeforces.com/problemset/problem/5548/E,Explore combinations using the backtracking paradigm.
1817,Compressed Greedy Selection,LeetCode,Medium,"Greedy Algorithms, Array, Sorting",https://leetcode.com/problems/compressed-greedy-selection,Make locally optimal choices to find global optimum.
1818,Weighted Heap Query,HackerRank,Medium,"Heaps, Array",https://www.hackerrank.com/challenges/weighted-heap-query,Use a priority queue to answer element ranking queries.
1819,Directed String Pattern,CodeChef,Medium,"String, Hash Table, Two Pointers",https://www.codechef.com/problems/directed-string-pattern,Find a string pattern using two-pointer or hash map technique.
1820,Undirected Trie Insert,Codeforces,Medium,"Trie, String",https://codeforces.com/problemset/problem/5560/C,Insert words into a trie and answer prefix queries.
1821,Circular Subarray,LeetCode,Medium,"Array, Sliding Window, Hash Table",https://leetcode.com/problems/circular-subarray,Find the optimal subarray using the sliding window technique.
1822,Diagonal Tree Traversal,HackerRank,Medium,"Binary Trees, DFS, BFS",https://www.hackerrank.com/challenges/diagonal-tree-traversal,Traverse a binary tree using a specified traversal order.
1823,Sparse Graph Search,CodeChef,Medium,"Graphs, BFS, DFS",https://www.codechef.com/problems/sparse-graph-search,Search a graph using breadth or depth-first traversal.
1824,Dense DP Table,Codeforces,Medium,"Dynamic Programming, Array",https://codeforces.com/problemset/problem/5572/A,Build a DP table to solve an optimization problem.
1825,Binary Binary Search,LeetCode,Medium,"Binary Search, Array",https://leetcode.com/problems/binary-binary-search,Apply binary search to find an optimal value.
1826,Ternary Backtracking,HackerRank,Medium,"Backtracking, Array",https://www.hackerrank.com/challenges/ternary-backtracking,Explore combinations using the backtracking paradigm.
1827,Linear Greedy Selection,CodeChef,Medium,"Greedy Algorithms, Array, Sorting",https://www.codechef.com/problems/linear-greedy-selection,Make locally optimal choices to find global optimum.
1828,Logarithmic Heap Query,Codeforces,Medium,"Heaps, Array",https://codeforces.com/problemset/problem/5584/E,Use a priority queue to answer element ranking queries.
1829,Optimal String Pattern,LeetCode,Medium,"String, Hash Table, Two Pointers",https://leetcode.com/problems/optimal-string-pattern,Find a string pattern using two-pointer or hash map technique.
1830,Extended Trie Insert,HackerRank,Medium,"Trie, String",https://www.hackerrank.com/challenges/extended-trie-insert,Insert words into a trie and answer prefix queries.
1831,Variant Subarray,CodeChef,Medium,"Array, Sliding Window, Hash Table",https://www.codechef.com/problems/variant-subarray,Find the optimal subarray using the sliding window technique.
1832,Advanced Tree Traversal,Codeforces,Medium,"Binary Trees, DFS, BFS",https://codeforces.com/problemset/problem/5596/C,Traverse a binary tree using a specified traversal order.
1833,Modified Graph Search,LeetCode,Medium,"Graphs, BFS, DFS",https://leetcode.com/problems/modified-graph-search,Search a graph using breadth or depth-first traversal.
1834,Classic DP Table,HackerRank,Medium,"Dynamic Programming, Array",https://www.hackerrank.com/challenges/classic-dp-table,Build a DP table to solve an optimization problem.
1835,Two-Pass Binary Search,CodeChef,Medium,"Binary Search, Array",https://www.codechef.com/problems/two-pass-binary-search,Apply binary search to find an optimal value.
1836,Multi-Step Backtracking,Codeforces,Medium,"Backtracking, Array",https://codeforces.com/problemset/problem/5608/A,Explore combinations using the backtracking paradigm.
1837,Recursive Greedy Selection,LeetCode,Medium,"Greedy Algorithms, Array, Sorting",https://leetcode.com/problems/recursive-greedy-selection,Make locally optimal choices to find global optimum.
1838,Iterative Heap Query,HackerRank,Medium,"Heaps, Array",https://www.hackerrank.com/challenges/iterative-heap-query,Use a priority queue to answer element ranking queries.
1839,Efficient String Pattern,CodeChef,Medium,"String, Hash Table, Two Pointers",https://www.codechef.com/problems/efficient-string-pattern,Find a string pattern using two-pointer or hash map technique.
1840,Minimal Trie Insert,Codeforces,Medium,"Trie, String",https://codeforces.com/problemset/problem/5620/E,Insert words into a trie and answer prefix queries.
1841,Maximum Subarray,LeetCode,Medium,"Array, Sliding Window, Hash Table",https://leetcode.com/problems/maximum-subarray,Find the optimal subarray using the sliding window technique.
1842,Minimum Tree Traversal,HackerRank,Medium,"Binary Trees, DFS, BFS",https://www.hackerrank.com/challenges/minimum-tree-traversal,Traverse a binary tree using a specified traversal order.
1843,Balanced Graph Search,CodeChef,Medium,"Graphs, BFS, DFS",https://www.codechef.com/problems/balanced-graph-search,Search a graph using breadth or depth-first traversal.
1844,Sorted DP Table,Codeforces,Medium,"Dynamic Programming, Array",https://codeforces.com/problemset/problem/5632/C,Build a DP table to solve an optimization problem.
1845,Compressed Binary Search,LeetCode,Medium,"Binary Search, Array",https://leetcode.com/problems/compressed-binary-search,Apply binary search to find an optimal value.
1846,Weighted Backtracking,HackerRank,Medium,"Backtracking, Array",https://www.hackerrank.com/challenges/weighted-backtracking,Explore combinations using the backtracking paradigm.
1847,Directed Greedy Selection,CodeChef,Medium,"Greedy Algorithms, Array, Sorting",https://www.codechef.com/problems/directed-greedy-selection,Make locally optimal choices to find global optimum.
1848,Undirected Heap Query,Codeforces,Medium,"Heaps, Array",https://codeforces.com/problemset/problem/5644/A,Use a priority queue to answer element ranking queries.
1849,Circular String Pattern,LeetCode,Medium,"String, Hash Table, Two Pointers",https://leetcode.com/problems/circular-string-pattern,Find a string pattern using two-pointer or hash map technique.
1850,Diagonal Trie Insert,HackerRank,Medium,"Trie, String",https://www.hackerrank.com/challenges/diagonal-trie-insert,Insert words into a trie and answer prefix queries.
1851,Sparse Subarray,CodeChef,Medium,"Array, Sliding Window, Hash Table",https://www.codechef.com/problems/sparse-subarray,Find the optimal subarray using the sliding window technique.
1852,Dense Tree Traversal,Codeforces,Medium,"Binary Trees, DFS, BFS",https://codeforces.com/problemset/problem/5656/E,Traverse a binary tree using a specified traversal order.
1853,Binary Graph Search,LeetCode,Medium,"Graphs, BFS, DFS",https://leetcode.com/problems/binary-graph-search,Search a graph using breadth or depth-first traversal.
1854,Ternary DP Table,HackerRank,Medium,"Dynamic Programming, Array",https://www.hackerrank.com/challenges/ternary-dp-table,Build a DP table to solve an optimization problem.
1855,Linear Binary Search,CodeChef,Medium,"Binary Search, Array",https://www.codechef.com/problems/linear-binary-search,Apply binary search to find an optimal value.
1856,Logarithmic Backtracking,Codeforces,Medium,"Backtracking, Array",https://codeforces.com/problemset/problem/5668/C,Explore combinations using the backtracking paradigm.
1857,Optimal Greedy Selection,LeetCode,Medium,"Greedy Algorithms, Array, Sorting",https://leetcode.com/problems/optimal-greedy-selection,Make locally optimal choices to find global optimum.
1858,Extended Heap Query,HackerRank,Medium,"Heaps, Array",https://www.hackerrank.com/challenges/extended-heap-query,Use a priority queue to answer element ranking queries.
1859,Variant String Pattern,CodeChef,Medium,"String, Hash Table, Two Pointers",https://www.codechef.com/problems/variant-string-pattern,Find a string pattern using two-pointer or hash map technique.
1860,Advanced Trie Insert,Codeforces,Medium,"Trie, String",https://codeforces.com/problemset/problem/5680/A,Insert words into a trie and answer prefix queries.
1861,Modified Subarray,LeetCode,Medium,"Array, Sliding Window, Hash Table",https://leetcode.com/problems/modified-subarray,Find the optimal subarray using the sliding window technique.
1862,Classic Tree Traversal,HackerRank,Medium,"Binary Trees, DFS, BFS",https://www.hackerrank.com/challenges/classic-tree-traversal,Traverse a binary tree using a specified traversal order.
1863,Two-Pass Graph Search,CodeChef,Medium,"Graphs, BFS, DFS",https://www.codechef.com/problems/two-pass-graph-search,Search a graph using breadth or depth-first traversal.
1864,Multi-Step DP Table,Codeforces,Medium,"Dynamic Programming, Array",https://codeforces.com/problemset/problem/5692/E,Build a DP table to solve an optimization problem.
1865,Recursive Binary Search,LeetCode,Medium,"Binary Search, Array",https://leetcode.com/problems/recursive-binary-search,Apply binary search to find an optimal value.
1866,Iterative Backtracking,HackerRank,Medium,"Backtracking, Array",https://www.hackerrank.com/challenges/iterative-backtracking,Explore combinations using the backtracking paradigm.
1867,Efficient Greedy Selection,CodeChef,Medium,"Greedy Algorithms, Array, Sorting",https://www.codechef.com/problems/efficient-greedy-selection,Make locally optimal choices to find global optimum.
1868,Minimal Heap Query,Codeforces,Medium,"Heaps, Array",https://codeforces.com/problemset/problem/5704/C,Use a priority queue to answer element ranking queries.
1869,Maximum String Pattern,LeetCode,Medium,"String, Hash Table, Two Pointers",https://leetcode.com/problems/maximum-string-pattern,Find a string pattern using two-pointer or hash map technique.
1870,Minimum Trie Insert,HackerRank,Medium,"Trie, String",https://www.hackerrank.com/challenges/minimum-trie-insert,Insert words into a trie and answer prefix queries.
1871,Balanced Subarray,CodeChef,Medium,"Array, Sliding Window, Hash Table",https://www.codechef.com/problems/balanced-subarray,Find the optimal subarray using the sliding window technique.
1872,Sorted Tree Traversal,Codeforces,Medium,"Binary Trees, DFS, BFS",https://codeforces.com/problemset/problem/5716/A,Traverse a binary tree using a specified traversal order.
1873,Compressed Graph Search,LeetCode,Medium,"Graphs, BFS, DFS",https://leetcode.com/problems/compressed-graph-search,Search a graph using breadth or depth-first traversal.
1874,Weighted DP Table,HackerRank,Medium,"Dynamic Programming, Array",https://www.hackerrank.com/challenges/weighted-dp-table,Build a DP table to solve an optimization problem.
1875,Directed Binary Search,CodeChef,Medium,"Binary Search, Array",https://www.codechef.com/problems/directed-binary-search,Apply binary search to find an optimal value.
1876,Undirected Backtracking,Codeforces,Medium,"Backtracking, Array",https://codeforces.com/problemset/problem/5728/E,Explore combinations using the backtracking paradigm.
1877,Circular Greedy Selection,LeetCode,Medium,"Greedy Algorithms, Array, Sorting",https://leetcode.com/problems/circular-greedy-selection,Make locally optimal choices to find global optimum.
1878,Diagonal Heap Query,HackerRank,Medium,"Heaps, Array",https://www.hackerrank.com/challenges/diagonal-heap-query,Use a priority queue to answer element ranking queries.
1879,Sparse String Pattern,CodeChef,Medium,"String, Hash Table, Two Pointers",https://www.codechef.com/problems/sparse-string-pattern,Find a string pattern using two-pointer or hash map technique.
1880,Dense Trie Insert,Codeforces,Medium,"Trie, String",https://codeforces.com/problemset/problem/5740/C,Insert words into a trie and answer prefix queries.
1881,Binary Subarray,LeetCode,Medium,"Array, Sliding Window, Hash Table",https://leetcode.com/problems/binary-subarray,Find the optimal subarray using the sliding window technique.
1882,Ternary Tree Traversal,HackerRank,Medium,"Binary Trees, DFS, BFS",https://www.hackerrank.com/challenges/ternary-tree-traversal,Traverse a binary tree using a specified traversal order.
1883,Linear Graph Search,CodeChef,Medium,"Graphs, BFS, DFS",https://www.codechef.com/problems/linear-graph-search,Search a graph using breadth or depth-first traversal.
1884,Logarithmic DP Table,Codeforces,Medium,"Dynamic Programming, Array",https://codeforces.com/problemset/problem/5752/A,Build a DP table to solve an optimization problem.
1885,Optimal Binary Search,LeetCode,Medium,"Binary Search, Array",https://leetcode.com/problems/optimal-binary-search,Apply binary search to find an optimal value.
1886,Extended Backtracking,HackerRank,Medium,"Backtracking, Array",https://www.hackerrank.com/challenges/extended-backtracking,Explore combinations using the backtracking paradigm.
1887,Variant Greedy Selection,CodeChef,Medium,"Greedy Algorithms, Array, Sorting",https://www.codechef.com/problems/variant-greedy-selection,Make locally optimal choices to find global optimum.
1888,Advanced Heap Query,Codeforces,Medium,"Heaps, Array",https://codeforces.com/problemset/problem/5764/E,Use a priority queue to answer element ranking queries.
1889,Modified String Pattern,LeetCode,Medium,"String, Hash Table, Two Pointers",https://leetcode.com/problems/modified-string-pattern,Find a string pattern using two-pointer or hash map technique.
1890,Classic Trie Insert,HackerRank,Medium,"Trie, String",https://www.hackerrank.com/challenges/classic-trie-insert,Insert words into a trie and answer prefix queries.
1891,Two-Pass Subarray,CodeChef,Medium,"Array, Sliding Window, Hash Table",https://www.codechef.com/problems/two-pass-subarray,Find the optimal subarray using the sliding window technique.
1892,Multi-Step Tree Traversal,Codeforces,Medium,"Binary Trees, DFS, BFS",https://codeforces.com/problemset/problem/5776/C,Traverse a binary tree using a specified traversal order.
1893,Recursive Graph Search,LeetCode,Medium,"Graphs, BFS, DFS",https://leetcode.com/problems/recursive-graph-search,Search a graph using breadth or depth-first traversal.
1894,Iterative DP Table,HackerRank,Medium,"Dynamic Programming, Array",https://www.hackerrank.com/challenges/iterative-dp-table,Build a DP table to solve an optimization problem.
1895,Efficient Binary Search,CodeChef,Medium,"Binary Search, Array",https://www.codechef.com/problems/efficient-binary-search,Apply binary search to find an optimal value.
1896,Minimal Backtracking,Codeforces,Medium,"Backtracking, Array",https://codeforces.com/problemset/problem/5788/A,Explore combinations using the backtracking paradigm.
1897,Maximum Greedy Selection,LeetCode,Medium,"Greedy Algorithms, Array, Sorting",https://leetcode.com/problems/maximum-greedy-selection,Make locally optimal choices to find global optimum.
1898,Minimum Heap Query,HackerRank,Medium,"Heaps, Array",https://www.hackerrank.com/challenges/minimum-heap-query,Use a priority queue to answer element ranking queries.
1899,Balanced String Pattern,CodeChef,Medium,"String, Hash Table, Two Pointers",https://www.codechef.com/problems/balanced-string-pattern,Find a string pattern using two-pointer or hash map technique.
1900,Sorted Trie Insert,Codeforces,Medium,"Trie, String",https://codeforces.com/problemset/problem/5800/E,Insert words into a trie and answer prefix queries.
1901,Compressed Subarray,LeetCode,Medium,"Array, Sliding Window, Hash Table",https://leetcode.com/problems/compressed-subarray,Find the optimal subarray using the sliding window technique.
1902,Weighted Tree Traversal,HackerRank,Medium,"Binary Trees, DFS, BFS",https://www.hackerrank.com/challenges/weighted-tree-traversal,Traverse a binary tree using a specified traversal order.
1903,Directed Graph Search,CodeChef,Medium,"Graphs, BFS, DFS",https://www.codechef.com/problems/directed-graph-search,Search a graph using breadth or depth-first traversal.
1904,Undirected DP Table,Codeforces,Medium,"Dynamic Programming, Array",https://codeforces.com/problemset/problem/5812/C,Build a DP table to solve an optimization problem.
1905,Circular Binary Search,LeetCode,Medium,"Binary Search, Array",https://leetcode.com/problems/circular-binary-search,Apply binary search to find an optimal value.
1906,Diagonal Backtracking,HackerRank,Medium,"Backtracking, Array",https://www.hackerrank.com/challenges/diagonal-backtracking,Explore combinations using the backtracking paradigm.
1907,Sparse Greedy Selection,CodeChef,Medium,"Greedy Algorithms, Array, Sorting",https://www.codechef.com/problems/sparse-greedy-selection,Make locally optimal choices to find global optimum.
1908,Dense Heap Query,Codeforces,Medium,"Heaps, Array",https://codeforces.com/problemset/problem/5824/A,Use a priority queue to answer element ranking queries.
1909,Binary String Pattern,LeetCode,Medium,"String, Hash Table, Two Pointers",https://leetcode.com/problems/binary-string-pattern,Find a string pattern using two-pointer or hash map technique.
1910,Ternary Trie Insert,HackerRank,Medium,"Trie, String",https://www.hackerrank.com/challenges/ternary-trie-insert,Insert words into a trie and answer prefix queries.
1911,Linear Subarray,CodeChef,Medium,"Array, Sliding Window, Hash Table",https://www.codechef.com/problems/linear-subarray,Find the optimal subarray using the sliding window technique.
1912,Logarithmic Tree Traversal,Codeforces,Medium,"Binary Trees, DFS, BFS",https://codeforces.com/problemset/problem/5836/E,Traverse a binary tree using a specified traversal order.
1913,Optimal Graph Search,LeetCode,Medium,"Graphs, BFS, DFS",https://leetcode.com/problems/optimal-graph-search,Search a graph using breadth or depth-first traversal.
1914,Extended DP Table,HackerRank,Medium,"Dynamic Programming, Array",https://www.hackerrank.com/challenges/extended-dp-table,Build a DP table to solve an optimization problem.
1915,Variant Binary Search,CodeChef,Medium,"Binary Search, Array",https://www.codechef.com/problems/variant-binary-search,Apply binary search to find an optimal value.
1916,Advanced Backtracking,Codeforces,Medium,"Backtracking, Array",https://codeforces.com/problemset/problem/5848/C,Explore combinations using the backtracking paradigm.
1917,Modified Greedy Selection,LeetCode,Medium,"Greedy Algorithms, Array, Sorting",https://leetcode.com/problems/modified-greedy-selection,Make locally optimal choices to find global optimum.
1918,Classic Heap Query,HackerRank,Medium,"Heaps, Array",https://www.hackerrank.com/challenges/classic-heap-query,Use a priority queue to answer element ranking queries.
1919,Two-Pass String Pattern,CodeChef,Medium,"String, Hash Table, Two Pointers",https://www.codechef.com/problems/two-pass-string-pattern,Find a string pattern using two-pointer or hash map technique.
1920,Multi-Step Trie Insert,Codeforces,Medium,"Trie, String",https://codeforces.com/problemset/problem/5860/A,Insert words into a trie and answer prefix queries.
1921,Recursive Subarray,LeetCode,Medium,"Array, Sliding Window, Hash Table",https://leetcode.com/problems/recursive-subarray,Find the optimal subarray using the sliding window technique.
1922,Iterative Tree Traversal,HackerRank,Medium,"Binary Trees, DFS, BFS",https://www.hackerrank.com/challenges/iterative-tree-traversal,Traverse a binary tree using a specified traversal order.
1923,Efficient Graph Search,CodeChef,Medium,"Graphs, BFS, DFS",https://www.codechef.com/problems/efficient-graph-search,Search a graph using breadth or depth-first traversal.
1924,Minimal DP Table,Codeforces,Medium,"Dynamic Programming, Array",https://codeforces.com/problemset/problem/5872/E,Build a DP table to solve an optimization problem.
1925,Maximum Binary Search,LeetCode,Medium,"Binary Search, Array",https://leetcode.com/problems/maximum-binary-search,Apply binary search to find an optimal value.
1926,Minimum Backtracking,HackerRank,Medium,"Backtracking, Array",https://www.hackerrank.com/challenges/minimum-backtracking,Explore combinations using the backtracking paradigm.
1927,Balanced Greedy Selection,CodeChef,Medium,"Greedy Algorithms, Array, Sorting",https://www.codechef.com/problems/balanced-greedy-selection,Make locally optimal choices to find global optimum.
1928,Sorted Heap Query,Codeforces,Medium,"Heaps, Array",https://codeforces.com/problemset/problem/5884/C,Use a priority queue to answer element ranking queries.
1929,Compressed String Pattern,LeetCode,Medium,"String, Hash Table, Two Pointers",https://leetcode.com/problems/compressed-string-pattern,Find a string pattern using two-pointer or hash map technique.
1930,Weighted Trie Insert,HackerRank,Medium,"Trie, String",https://www.hackerrank.com/challenges/weighted-trie-insert,Insert words into a trie and answer prefix queries.
1931,Directed Subarray,CodeChef,Medium,"Array, Sliding Window, Hash Table",https://www.codechef.com/problems/directed-subarray,Find the optimal subarray using the sliding window technique.
1932,Undirected Tree Traversal,Codeforces,Medium,"Binary Trees, DFS, BFS",https://codeforces.com/problemset/problem/5896/A,Traverse a binary tree using a specified traversal order.
1933,Circular Graph Search,LeetCode,Medium,"Graphs, BFS, DFS",https://leetcode.com/problems/circular-graph-search,Search a graph using breadth or depth-first traversal.
1934,Diagonal DP Table,HackerRank,Medium,"Dynamic Programming, Array",https://www.hackerrank.com/challenges/diagonal-dp-table,Build a DP table to solve an optimization problem.
1935,Sparse Binary Search,CodeChef,Medium,"Binary Search, Array",https://www.codechef.com/problems/sparse-binary-search,Apply binary search to find an optimal value.
1936,Dense Backtracking,Codeforces,Medium,"Backtracking, Array",https://codeforces.com/problemset/problem/5908/E,Explore combinations using the backtracking paradigm.
1937,Binary Greedy Selection,LeetCode,Medium,"Greedy Algorithms, Array, Sorting",https://leetcode.com/problems/binary-greedy-selection,Make locally optimal choices to find global optimum.
1938,Ternary Heap Query,HackerRank,Medium,"Heaps, Array",https://www.hackerrank.com/challenges/ternary-heap-query,Use a priority queue to answer element ranking queries.
1939,Linear String Pattern,CodeChef,Medium,"String, Hash Table, Two Pointers",https://www.codechef.com/problems/linear-string-pattern,Find a string pattern using two-pointer or hash map technique.
1940,Logarithmic Trie Insert,Codeforces,Medium,"Trie, String",https://codeforces.com/problemset/problem/5920/C,Insert words into a trie and answer prefix queries.
1941,Optimal Subarray,LeetCode,Medium,"Array, Sliding Window, Hash Table",https://leetcode.com/problems/optimal-subarray,Find the optimal subarray using the sliding window technique.
1942,Extended Tree Traversal,HackerRank,Medium,"Binary Trees, DFS, BFS",https://www.hackerrank.com/challenges/extended-tree-traversal,Traverse a binary tree using a specified traversal order.
1943,Variant Graph Search,CodeChef,Medium,"Graphs, BFS, DFS",https://www.codechef.com/problems/variant-graph-search,Search a graph using breadth or depth-first traversal.
1944,Advanced DP Table,Codeforces,Medium,"Dynamic Programming, Array",https://codeforces.com/problemset/problem/5932/A,Build a DP table to solve an optimization problem.
1945,Modified Binary Search,LeetCode,Medium,"Binary Search, Array",https://leetcode.com/problems/modified-binary-search,Apply binary search to find an optimal value.
1946,Classic Backtracking,HackerRank,Medium,"Backtracking, Array",https://www.hackerrank.com/challenges/classic-backtracking,Explore combinations using the backtracking paradigm.
1947,Two-Pass Greedy Selection,CodeChef,Medium,"Greedy Algorithms, Array, Sorting",https://www.codechef.com/problems/two-pass-greedy-selection,Make locally optimal choices to find global optimum.
1948,Multi-Step Heap Query,Codeforces,Medium,"Heaps, Array",https://codeforces.com/problemset/problem/5944/E,Use a priority queue to answer element ranking queries.
1949,Recursive String Pattern,LeetCode,Medium,"String, Hash Table, Two Pointers",https://leetcode.com/problems/recursive-string-pattern,Find a string pattern using two-pointer or hash map technique.
1950,Iterative Trie Insert,HackerRank,Medium,"Trie, String",https://www.hackerrank.com/challenges/iterative-trie-insert,Insert words into a trie and answer prefix queries.
1951,Efficient Subarray,CodeChef,Medium,"Array, Sliding Window, Hash Table",https://www.codechef.com/problems/efficient-subarray,Find the optimal subarray using the sliding window technique.
1952,Minimal Tree Traversal,Codeforces,Medium,"Binary Trees, DFS, BFS",https://codeforces.com/problemset/problem/5956/C,Traverse a binary tree using a specified traversal order.
1953,Maximum Graph Search,LeetCode,Medium,"Graphs, BFS, DFS",https://leetcode.com/problems/maximum-graph-search,Search a graph using breadth or depth-first traversal.
1954,Minimum DP Table,HackerRank,Medium,"Dynamic Programming, Array",https://www.hackerrank.com/challenges/minimum-dp-table,Build a DP table to solve an optimization problem.
1955,Balanced Binary Search,CodeChef,Medium,"Binary Search, Array",https://www.codechef.com/problems/balanced-binary-search,Apply binary search to find an optimal value.
1956,Sorted Backtracking,Codeforces,Medium,"Backtracking, Array",https://codeforces.com/problemset/problem/5968/A,Explore combinations using the backtracking paradigm.
1957,Compressed Greedy Selection,LeetCode,Medium,"Greedy Algorithms, Array, Sorting",https://leetcode.com/problems/compressed-greedy-selection,Make locally optimal choices to find global optimum.
1958,Weighted Heap Query,HackerRank,Medium,"Heaps, Array",https://www.hackerrank.com/challenges/weighted-heap-query,Use a priority queue to answer element ranking queries.
1959,Directed String Pattern,CodeChef,Medium,"String, Hash Table, Two Pointers",https://www.codechef.com/problems/directed-string-pattern,Find a string pattern using two-pointer or hash map technique.
1960,Undirected Trie Insert,Codeforces,Medium,"Trie, String",https://codeforces.com/problemset/problem/5980/E,Insert words into a trie and answer prefix queries.
1961,Circular Subarray,LeetCode,Medium,"Array, Sliding Window, Hash Table",https://leetcode.com/problems/circular-subarray,Find the optimal subarray using the sliding window technique.
1962,Diagonal Tree Traversal,HackerRank,Medium,"Binary Trees, DFS, BFS",https://www.hackerrank.com/challenges/diagonal-tree-traversal,Traverse a binary tree using a specified traversal order.
1963,Sparse Graph Search,CodeChef,Medium,"Graphs, BFS, DFS",https://www.codechef.com/problems/sparse-graph-search,Search a graph using breadth or depth-first traversal.
1964,Dense DP Table,Codeforces,Medium,"Dynamic Programming, Array",https://codeforces.com/problemset/problem/5992/C,Build a DP table to solve an optimization problem.
1965,Binary Binary Search,LeetCode,Medium,"Binary Search, Array",https://leetcode.com/problems/binary-binary-search,Apply binary search to find an optimal value.
1966,Ternary Backtracking,HackerRank,Medium,"Backtracking, Array",https://www.hackerrank.com/challenges/ternary-backtracking,Explore combinations using the backtracking paradigm.
1967,Linear Greedy Selection,CodeChef,Medium,"Greedy Algorithms, Array, Sorting",https://www.codechef.com/problems/linear-greedy-selection,Make locally optimal choices to find global optimum.
1968,Logarithmic Heap Query,Codeforces,Medium,"Heaps, Array",https://codeforces.com/problemset/problem/6004/A,Use a priority queue to answer element ranking queries.
1969,Optimal String Pattern,LeetCode,Medium,"String, Hash Table, Two Pointers",https://leetcode.com/problems/optimal-string-pattern,Find a string pattern using two-pointer or hash map technique.
1970,Extended Trie Insert,HackerRank,Medium,"Trie, String",https://www.hackerrank.com/challenges/extended-trie-insert,Insert words into a trie and answer prefix queries.
1971,Variant Subarray,CodeChef,Medium,"Array, Sliding Window, Hash Table",https://www.codechef.com/problems/variant-subarray,Find the optimal subarray using the sliding window technique.
1972,Advanced Tree Traversal,Codeforces,Medium,"Binary Trees, DFS, BFS",https://codeforces.com/problemset/problem/6016/E,Traverse a binary tree using a specified traversal order.
1973,Modified Graph Search,LeetCode,Medium,"Graphs, BFS, DFS",https://leetcode.com/problems/modified-graph-search,Search a graph using breadth or depth-first traversal.
1974,Classic DP Table,HackerRank,Medium,"Dynamic Programming, Array",https://www.hackerrank.com/challenges/classic-dp-table,Build a DP table to solve an optimization problem.
1975,Two-Pass Binary Search,CodeChef,Medium,"Binary Search, Array",https://www.codechef.com/problems/two-pass-binary-search,Apply binary search to find an optimal value.
1976,Multi-Step Backtracking,Codeforces,Medium,"Backtracking, Array",https://codeforces.com/problemset/problem/6028/C,Explore combinations using the backtracking paradigm.
1977,Recursive Greedy Selection,LeetCode,Medium,"Greedy Algorithms, Array, Sorting",https://leetcode.com/problems/recursive-greedy-selection,Make locally optimal choices to find global optimum.
1978,Iterative Heap Query,HackerRank,Medium,"Heaps, Array",https://www.hackerrank.com/challenges/iterative-heap-query,Use a priority queue to answer element ranking queries.
1979,Efficient String Pattern,CodeChef,Medium,"String, Hash Table, Two Pointers",https://www.codechef.com/problems/efficient-string-pattern,Find a string pattern using two-pointer or hash map technique.
1980,Minimal Trie Insert,Codeforces,Medium,"Trie, String",https://codeforces.com/problemset/problem/6040/A,Insert words into a trie and answer prefix queries.
1981,Maximum Subarray,LeetCode,Medium,"Array, Sliding Window, Hash Table",https://leetcode.com/problems/maximum-subarray,Find the optimal subarray using the sliding window technique.
1982,Minimum Tree Traversal,HackerRank,Medium,"Binary Trees, DFS, BFS",https://www.hackerrank.com/challenges/minimum-tree-traversal,Traverse a binary tree using a specified traversal order.
1983,Balanced Graph Search,CodeChef,Medium,"Graphs, BFS, DFS",https://www.codechef.com/problems/balanced-graph-search,Search a graph using breadth or depth-first traversal.
1984,Sorted DP Table,Codeforces,Medium,"Dynamic Programming, Array",https://codeforces.com/problemset/problem/6052/E,Build a DP table to solve an optimization problem.
1985,Compressed Binary Search,LeetCode,Medium,"Binary Search, Array",https://leetcode.com/problems/compressed-binary-search,Apply binary search to find an optimal value.
1986,Weighted Backtracking,HackerRank,Medium,"Backtracking, Array",https://www.hackerrank.com/challenges/weighted-backtracking,Explore combinations using the backtracking paradigm.
1987,Directed Greedy Selection,CodeChef,Medium,"Greedy Algorithms, Array, Sorting",https://www.codechef.com/problems/directed-greedy-selection,Make locally optimal choices to find global optimum.
1988,Undirected Heap Query,Codeforces,Medium,"Heaps, Array",https://codeforces.com/problemset/problem/6064/C,Use a priority queue to answer element ranking queries.
1989,Circular String Pattern,LeetCode,Medium,"String, Hash Table, Two Pointers",https://leetcode.com/problems/circular-string-pattern,Find a string pattern using two-pointer or hash map technique.
1990,Diagonal Trie Insert,HackerRank,Medium,"Trie, String",https://www.hackerrank.com/challenges/diagonal-trie-insert,Insert words into a trie and answer prefix queries.
1991,Sparse Subarray,CodeChef,Medium,"Array, Sliding Window, Hash Table",https://www.codechef.com/problems/sparse-subarray,Find the optimal subarray using the sliding window technique.
1992,Dense Tree Traversal,Codeforces,Medium,"Binary Trees, DFS, BFS",https://codeforces.com/problemset/problem/6076/A,Traverse a binary tree using a specified traversal order.
1993,Binary Graph Search,LeetCode,Medium,"Graphs, BFS, DFS",https://leetcode.com/problems/binary-graph-search,Search a graph using breadth or depth-first traversal.
1994,Ternary DP Table,HackerRank,Medium,"Dynamic Programming, Array",https://www.hackerrank.com/challenges/ternary-dp-table,Build a DP table to solve an optimization problem.
1995,Linear Binary Search,CodeChef,Medium,"Binary Search, Array",https://www.codechef.com/problems/linear-binary-search,Apply binary search to find an optimal value.
1996,Logarithmic Backtracking,Codeforces,Medium,"Backtracking, Array",https://codeforces.com/problemset/problem/6088/E,Explore combinations using the backtracking paradigm.
1997,Optimal Greedy Selection,LeetCode,Medium,"Greedy Algorithms, Array, Sorting",https://leetcode.com/problems/optimal-greedy-selection,Make locally optimal choices to find global optimum.
1998,Extended Heap Query,HackerRank,Medium,"Heaps, Array",https://www.hackerrank.com/challenges/extended-heap-query,Use a priority queue to answer element ranking queries.
1999,Variant String Pattern,CodeChef,Medium,"String, Hash Table, Two Pointers",https://www.codechef.com/problems/variant-string-pattern,Find a string pattern using two-pointer or hash map technique.
2000,Advanced Trie Insert,Codeforces,Medium,"Trie, String",https://codeforces.com/problemset/problem/6100/C,Insert words into a trie and answer prefix queries.
2001,Trapping Rain Water,LeetCode,Hard,"Array, Two Pointers, Stack, Dynamic Programming",https://leetcode.com/problems/trapping-rain-water,Calculate total water trapped between bars in an elevation map.
2002,Median of Two Sorted Arrays,LeetCode,Hard,"Array, Binary Search, Divide and Conquer",https://leetcode.com/problems/median-of-two-sorted-arrays,Find the median of two sorted arrays in O(log(m+n)) time.
2003,Sliding Window Maximum,LeetCode,Hard,"Array, Sliding Window, Heaps, Monotonic Queue",https://leetcode.com/problems/sliding-window-maximum,Return maximums of each sliding window of size k.
2004,First Missing Positive,LeetCode,Hard,"Array, Hash Table",https://leetcode.com/problems/first-missing-positive,Find the smallest missing positive integer in O(n) time and O(1) space.
2005,4Sum II,LeetCode,Hard,"Array, Hash Table",https://leetcode.com/problems/4sum-ii,Count tuples from four arrays that sum to zero.
2006,Count of Range Sum,LeetCode,Hard,"Array, Merge Sort, Segment Tree, Binary Indexed Tree",https://leetcode.com/problems/count-of-range-sum,"Count range sums in a range [lower, upper] for all subarrays."
2007,Maximum Gap,LeetCode,Hard,"Array, Sorting, Radix Sort",https://leetcode.com/problems/maximum-gap,Find the maximum difference between successive elements after sorting.
2008,Longest Consecutive Sequence,LeetCode,Hard,"Array, Hash Table, Union Find",https://leetcode.com/problems/longest-consecutive-sequence,Find the length of the longest consecutive integer sequence in O(n).
2009,Minimum Window Substring,LeetCode,Hard,"String, Sliding Window, Hash Table",https://leetcode.com/problems/minimum-window-substring,Find the minimum window in s that contains all characters of t.
2010,Substring with Concatenation of All Words,LeetCode,Hard,"String, Sliding Window, Hash Table",https://leetcode.com/problems/substring-with-concatenation-of-all-words,Find all starting indices of substrings that concatenate all given words.
2011,Regular Expression Matching,LeetCode,Hard,"String, Dynamic Programming, Recursion",https://leetcode.com/problems/regular-expression-matching,Implement regex matching with '.' and '*' support.
2012,Wildcard Matching,LeetCode,Hard,"String, Dynamic Programming, Greedy",https://leetcode.com/problems/wildcard-matching,Implement wildcard pattern matching with '?' and '*'.
2013,Edit Distance,LeetCode,Hard,"String, Dynamic Programming",https://leetcode.com/problems/edit-distance,Find minimum operations to convert one string to another.
2014,Distinct Subsequences,LeetCode,Hard,"String, Dynamic Programming",https://leetcode.com/problems/distinct-subsequences,Count distinct subsequences of string t in string s.
2015,Palindrome Partitioning II,LeetCode,Hard,"String, Dynamic Programming",https://leetcode.com/problems/palindrome-partitioning-ii,Find minimum cuts to partition a string into palindromes.
2016,Longest Valid Parentheses,LeetCode,Hard,"String, Stack, Dynamic Programming",https://leetcode.com/problems/longest-valid-parentheses,Find the longest valid parentheses substring.
2017,Count Different Palindromic Subsequences,LeetCode,Hard,"String, Dynamic Programming",https://leetcode.com/problems/count-different-palindromic-subsequences,Count distinct palindromic subsequences in a string.
2018,Reverse Nodes in k-Group,LeetCode,Hard,"Linked List, Recursion",https://leetcode.com/problems/reverse-nodes-in-k-group,Reverse nodes in groups of k in a linked list.
2019,Merge k Sorted Lists,LeetCode,Hard,"Linked List, Heaps, Divide and Conquer, Merge Sort",https://leetcode.com/problems/merge-k-sorted-lists,Merge k sorted linked lists into one sorted list.
2020,Binary Tree Maximum Path Sum,LeetCode,Hard,"Binary Trees, DFS, Dynamic Programming",https://leetcode.com/problems/binary-tree-maximum-path-sum,Find the maximum path sum in a binary tree (any node to any node).
2021,Serialize and Deserialize Binary Tree,LeetCode,Hard,"Binary Trees, DFS, BFS, Design",https://leetcode.com/problems/serialize-and-deserialize-binary-tree,Design an algorithm to serialize and deserialize a binary tree.
2022,Recover Binary Search Tree,LeetCode,Hard,"Binary Search Trees, DFS, In-Order Traversal",https://leetcode.com/problems/recover-binary-search-tree,Recover a BST where two nodes were swapped.
2023,Binary Tree Cameras,LeetCode,Hard,"Binary Trees, DFS, Greedy",https://leetcode.com/problems/binary-tree-cameras,Find minimum cameras to monitor all nodes in a binary tree.
2024,Count of Smaller Numbers After Self,LeetCode,Hard,"Array, Merge Sort, Segment Tree, Binary Indexed Tree",https://leetcode.com/problems/count-of-smaller-numbers-after-self,Count smaller elements to the right of each element.
2025,Vertical Order Traversal of a Binary Tree,LeetCode,Hard,"Binary Trees, BFS, DFS, Sorting",https://leetcode.com/problems/vertical-order-traversal-of-a-binary-tree,Return vertical order traversal of a binary tree.
2026,Word Ladder,LeetCode,Hard,"Hash Table, String, BFS",https://leetcode.com/problems/word-ladder,Find the shortest transformation from beginWord to endWord.
2027,Word Ladder II,LeetCode,Hard,"Hash Table, String, BFS, Backtracking",https://leetcode.com/problems/word-ladder-ii,Find all shortest transformation sequences from beginWord to endWord.
2028,Alien Dictionary,LeetCode,Hard,"Graphs, Topological Sort, BFS, DFS",https://leetcode.com/problems/alien-dictionary,Derive character ordering from a sorted alien dictionary.
2029,Shortest Path in a Grid with Obstacles Elimination,LeetCode,Hard,"Array, Matrix, BFS",https://leetcode.com/problems/shortest-path-in-a-grid-with-obstacles-elimination,Find shortest path eliminating at most k obstacles.
2030,Critical Connections in a Network,LeetCode,Hard,"Graphs, DFS, Bridges",https://leetcode.com/problems/critical-connections-in-a-network,Find all critical edges (bridges) whose removal disconnects the graph.
2031,Number of Ways to Arrive at Destination,LeetCode,Hard,"Graphs, Dynamic Programming, Topological Sort",https://leetcode.com/problems/number-of-ways-to-arrive-at-destination,Count shortest paths in a weighted graph mod 1e9+7.
2032,Swim in Rising Water,LeetCode,Hard,"Array, Matrix, Binary Search, Union Find, Heaps",https://leetcode.com/problems/swim-in-rising-water,Find minimum time to swim from top-left to bottom-right.
2033,Minimum Cost to Reach Destination in Time,LeetCode,Hard,"Graphs, Dynamic Programming",https://leetcode.com/problems/minimum-cost-to-reach-destination-in-time,Find minimum cost path in a weighted graph within a time limit.
2034,Burst Balloons,LeetCode,Hard,"Array, Dynamic Programming, Divide and Conquer",https://leetcode.com/problems/burst-balloons,Maximize coins by bursting balloons in the optimal order.
2035,Super Egg Drop,LeetCode,Hard,"Math, Binary Search, Dynamic Programming",https://leetcode.com/problems/super-egg-drop,Find minimum trials to determine critical floor with k eggs.
2036,Dungeon Game,LeetCode,Hard,"Array, Matrix, Dynamic Programming",https://leetcode.com/problems/dungeon-game,Find minimum initial health to rescue the princess in a dungeon.
2037,Strange Printer,LeetCode,Hard,"String, Dynamic Programming",https://leetcode.com/problems/strange-printer,Find minimum turns for a printer to print a given string.
2038,Freedom Trail,LeetCode,Hard,"String, Dynamic Programming, BFS",https://leetcode.com/problems/freedom-trail,Minimum steps to spell a keyword using a circular dial.
2039,Maximal Rectangle,LeetCode,Hard,"Array, Stack, Matrix, Dynamic Programming",https://leetcode.com/problems/maximal-rectangle,Find the largest rectangle containing only 1s in a binary matrix.
2040,Largest Rectangle in Histogram,LeetCode,Hard,"Array, Stack, Monotonic Stack",https://leetcode.com/problems/largest-rectangle-in-histogram,Find the largest rectangle area in a histogram.
2041,Cherry Pickup,LeetCode,Hard,"Array, Matrix, Dynamic Programming",https://leetcode.com/problems/cherry-pickup,Collect maximum cherries on a round trip through an n x n grid.
2042,Stone Game IV,LeetCode,Hard,"Math, Dynamic Programming, Game Theory",https://leetcode.com/problems/stone-game-iv,Determine if the first player wins in a stone game with square removals.
2043,Best Time to Buy and Sell Stock IV,LeetCode,Hard,"Array, Dynamic Programming",https://leetcode.com/problems/best-time-to-buy-and-sell-stock-iv,Maximize profit with at most k transactions.
2044,Range Sum Query - Mutable,LeetCode,Hard,"Array, Segment Tree, Binary Indexed Tree",https://leetcode.com/problems/range-sum-query---mutable,Support point updates and range sum queries efficiently.
2045,Count of Range Sum,LeetCode,Hard,"Array, Merge Sort, Segment Tree",https://leetcode.com/problems/count-of-range-sum,"Count subarrays with sum in [lower, upper]."
2046,The Skyline Problem,LeetCode,Hard,"Array, Sorting, Heaps, Segment Tree",https://leetcode.com/problems/the-skyline-problem,Compute the skyline formed by a set of buildings.
2047,Falling Squares,LeetCode,Hard,"Array, Segment Tree, Sorted Set",https://leetcode.com/problems/falling-squares,Track maximum height after each square falls on an infinite line.
2048,Accounts Merge,LeetCode,Hard,"Array, String, DFS, BFS, Union Find",https://leetcode.com/problems/accounts-merge,Merge accounts sharing common emails.
2049,Number of Provinces,LeetCode,Hard,"Graphs, DFS, BFS, Union Find",https://leetcode.com/problems/number-of-provinces,Find the number of connected components (provinces) in a friend graph.
2050,Redundant Connection,LeetCode,Hard,"Graphs, DFS, BFS, Union Find",https://leetcode.com/problems/redundant-connection,Find the edge that creates a cycle in an undirected graph.
2051,Most Stones Removed with Same Row or Column,LeetCode,Hard,"Graphs, DFS, Union Find",https://leetcode.com/problems/most-stones-removed-with-same-row-or-column,Remove maximum stones where each removed stone shares a row/column.
2052,Implement Trie (Prefix Tree),LeetCode,Hard,"Trie, Hash Table, String, Design",https://leetcode.com/problems/implement-trie-prefix-tree,"Implement insert, search, and startsWith operations for a trie."
2053,Design Add and Search Words Data Structure,LeetCode,Hard,"Trie, String, DFS, Design",https://leetcode.com/problems/design-add-and-search-words-data-structure,Support word insert and search with '.' wildcard using a trie.
2054,Word Search II,LeetCode,Hard,"Array, Matrix, Trie, Backtracking",https://leetcode.com/problems/word-search-ii,Find all words from a dictionary in a 2D board using a trie.
2055,Replace Words,LeetCode,Hard,"Array, Hash Table, Trie, String",https://leetcode.com/problems/replace-words,Replace words in a sentence with their shortest root from a dictionary.
2056,Maximum XOR of Two Numbers in an Array,LeetCode,Hard,"Array, Bit Manipulation, Trie",https://leetcode.com/problems/maximum-xor-of-two-numbers-in-an-array,Find maximum XOR of any two numbers using a trie.
2057,Number of 1 Bits,LeetCode,Hard,Bit Manipulation,https://leetcode.com/problems/number-of-1-bits,Count the number of set bits in a 32-bit integer (Hamming weight).
2058,Reverse Bits,LeetCode,Hard,"Bit Manipulation, Divide and Conquer",https://leetcode.com/problems/reverse-bits,Reverse bits of a 32-bit unsigned integer.
2059,Total Hamming Distance,LeetCode,Hard,"Array, Bit Manipulation, Math",https://leetcode.com/problems/total-hamming-distance,Compute total Hamming distance between all pairs of integers.
2060,Count Primes,LeetCode,Hard,Math,https://leetcode.com/problems/count-primes,Count primes less than n using the Sieve of Eratosthenes.
2061,Largest Number,LeetCode,Hard,"Array, String, Greedy, Sorting",https://leetcode.com/problems/largest-number,Arrange numbers to form the largest possible number.
2062,Integer to English Words,LeetCode,Hard,"Math, String, Recursion",https://leetcode.com/problems/integer-to-english-words,Convert a non-negative integer to its English words representation.
2063,"Pow(x, n)",LeetCode,Hard,"Math, Recursion, Binary Exponentiation",https://leetcode.com/problems/powx-n,Implement fast power function x^n.
2064,Sqrt(x),LeetCode,Hard,"Math, Binary Search",https://leetcode.com/problems/sqrtx,Compute the integer square root of x without using built-in functions.
2065,N-Queens,LeetCode,Hard,"Array, Backtracking",https://leetcode.com/problems/n-queens,Place n queens on an n×n chessboard so no two queens attack each other.
2066,N-Queens II,LeetCode,Hard,Backtracking,https://leetcode.com/problems/n-queens-ii,Count distinct solutions to the N-Queens problem.
2067,Sudoku Solver,LeetCode,Hard,"Array, Matrix, Backtracking, Bit Manipulation",https://leetcode.com/problems/sudoku-solver,Solve a Sudoku puzzle by filling in the empty cells.
2068,Combination Sum II,LeetCode,Hard,"Array, Backtracking",https://leetcode.com/problems/combination-sum-ii,Find all unique combinations summing to target using each element once.
2069,Subsets II,LeetCode,Hard,"Array, Backtracking, Bit Manipulation",https://leetcode.com/problems/subsets-ii,Return all possible subsets from an array with duplicates.
2070,Palindrome Partitioning,LeetCode,Hard,"String, Dynamic Programming, Backtracking",https://leetcode.com/problems/palindrome-partitioning,Partition a string so every substring is a palindrome.
2071,Matrix Rotation,HackerRank,Hard,"Array, Matrix, Simulation",https://www.hackerrank.com/challenges/matrix-rotation,Rotate layers of a matrix by r positions.
2072,Forming a Magic Square,HackerRank,Hard,"Array, Matrix, Math",https://www.hackerrank.com/challenges/forming-a-magic-square,Find minimum cost to convert a 3x3 matrix to a magic square.
2073,Bfs Shortest Reach,HackerRank,Hard,"Graphs, BFS",https://www.hackerrank.com/challenges/bfs-shortest-reach,Find shortest path distances from a source in an unweighted graph.
2074,Dijkstra Shortest Reach,HackerRank,Hard,"Graphs, Heaps",https://www.hackerrank.com/challenges/dijkstra-shortest-reach,Find shortest weighted path distances using Dijkstra's algorithm.
2075,Prim's MST,HackerRank,Hard,"Graphs, Heaps, Greedy",https://www.hackerrank.com/challenges/prims-mst,Find minimum spanning tree cost using Prim's algorithm.
2076,Kruskal MST Really Special Subtree,HackerRank,Hard,"Graphs, Union Find, Sorting",https://www.hackerrank.com/challenges/kruskal-mst-really-special-subtree,Find MST weight using Kruskal's algorithm.
2077,Suffix Array,HackerRank,Hard,"String, Suffix Array",https://www.hackerrank.com/challenges/suffix-array,Build a suffix array for efficient string operations.
2078,Self Balancing Tree,HackerRank,Hard,"Binary Search Trees, Design",https://www.hackerrank.com/challenges/self-balancing-tree,Implement an AVL self-balancing binary search tree.
2079,Fibonacci Numbers Tree,HackerRank,Hard,"Segment Tree, Math",https://www.hackerrank.com/challenges/fibonacci-numbers-tree,Answer range queries on a tree where values are Fibonacci numbers.
2080,Median Updates,HackerRank,Hard,"Heaps, Segment Tree, Sorting",https://www.hackerrank.com/challenges/median-updates,Maintain running median under element insertions and deletions.
2081,Segment Tree Range Update,CodeChef,Hard,"Segment Tree, Lazy Propagation",https://www.codechef.com/problems/segment-tree-range-update,Support range sum updates and queries with lazy propagation.
2082,Binary Indexed Tree,CodeChef,Hard,"Binary Indexed Tree, Math",https://www.codechef.com/problems/binary-indexed-tree,Implement BIT to answer prefix sum queries with point updates.
2083,Convex Hull Trick,CodeChef,Hard,"Dynamic Programming, Geometry",https://www.codechef.com/problems/convex-hull-trick,Optimize DP transitions using the convex hull trick.
2084,Sqrt Decomposition,CodeChef,Hard,"Array, Sqrt Decomposition",https://www.codechef.com/problems/sqrt-decomposition,Answer range queries using sqrt decomposition blocks.
2085,Heavy Light Decomposition,CodeChef,Hard,"Graphs, Segment Tree, DFS",https://www.codechef.com/problems/heavy-light-decomposition,Decompose a tree for efficient path queries.
2086,Centroid Decomposition,Codeforces,Hard,"Graphs, DFS, Divide and Conquer",https://codeforces.com/problemset/problem/6358/E,Decompose a tree into centroids for path query optimization.
2087,Suffix Automaton,Codeforces,Hard,"String, Suffix Automaton",https://codeforces.com/problemset/problem/6361/F,Build a suffix automaton for efficient substring queries.
2088,Persistent Segment Tree,Codeforces,Hard,"Segment Tree, Dynamic Programming",https://codeforces.com/problemset/problem/6364/A,Build a persistent segment tree for historical range queries.
2089,Link Cut Trees,Codeforces,Hard,"Graphs, Segment Tree",https://codeforces.com/problemset/problem/6367/B,Implement link-cut trees for dynamic connectivity queries.
2090,Sprague Grundy Theorem,Codeforces,Hard,"Math, Game Theory, Dynamic Programming",https://codeforces.com/problemset/problem/6370/C,Apply Sprague-Grundy to find winning strategies in combinatorial games.
2091,Palindromic Tree,Codeforces,Hard,"String, Trie",https://codeforces.com/problemset/problem/6373/D,Build an Eertree for palindromic substring queries.
2092,Steiner Tree,Codeforces,Hard,"Graphs, Dynamic Programming, Bitmask",https://codeforces.com/problemset/problem/6376/E,Find minimum-cost subtree connecting a set of terminal nodes.
2093,Network Flow Max Flow,Codeforces,Hard,"Graphs, Max Flow",https://codeforces.com/problemset/problem/6379/F,Find the maximum flow in a directed network using Ford-Fulkerson.
2094,Minimum Cost Flow,Codeforces,Hard,"Graphs, Min Cost Flow",https://codeforces.com/problemset/problem/6382/A,Find minimum cost to route flow through a network.
2095,Bipartite Matching,Codeforces,Hard,"Graphs, Matching, BFS",https://codeforces.com/problemset/problem/6385/B,Find maximum bipartite matching using the Hopcroft-Karp algorithm.
2096,Optimal Segment Tree,LeetCode,Hard,"Segment Tree, Array",https://leetcode.com/problems/optimal-segment-tree,Use a segment tree for efficient range queries and updates.
2097,Extended BIT Update,HackerRank,Hard,"Binary Indexed Tree, Array, Math",https://www.hackerrank.com/challenges/extended-bit-update,Apply a Binary Indexed Tree for cumulative frequency queries.
2098,Variant Union Find,CodeChef,Hard,"Union Find, Graphs",https://www.codechef.com/problems/variant-union-find,Use disjoint set union to answer connectivity queries.
2099,Advanced Max Flow,Codeforces,Hard,"Graphs, Max Flow",https://codeforces.com/problemset/problem/6397/F,Model the problem as a max-flow network and solve it.
2100,Modified DP Bitmask,LeetCode,Hard,"Dynamic Programming, Bit Manipulation",https://leetcode.com/problems/modified-dp-bitmask,Use bitmask DP to explore exponential state spaces.
2101,Classic Divide Conquer,HackerRank,Hard,"Divide and Conquer, Array, Sorting",https://www.hackerrank.com/challenges/classic-divide-conquer,Split the problem recursively using divide and conquer.
2102,Two-Pass Convex Hull,CodeChef,Hard,"Geometry, Math, Sorting",https://www.codechef.com/problems/two-pass-convex-hull,Compute the convex hull of a set of 2D points.
2103,Multi-Step Suffix Array,Codeforces,Hard,"String, Suffix Array, Sorting",https://codeforces.com/problemset/problem/6409/D,Build and use a suffix array for advanced string queries.
2104,Recursive Game Theory,LeetCode,Hard,"Math, Game Theory, Dynamic Programming",https://leetcode.com/problems/recursive-game-theory,Apply game theory and Grundy values to find the winner.
2105,Iterative Persistent DS,HackerRank,Hard,"Segment Tree, Dynamic Programming",https://www.hackerrank.com/challenges/iterative-persistent-ds,Use a persistent data structure for historical queries.
2106,Efficient Segment Tree,CodeChef,Hard,"Segment Tree, Array",https://www.codechef.com/problems/efficient-segment-tree,Use a segment tree for efficient range queries and updates.
2107,Minimal BIT Update,Codeforces,Hard,"Binary Indexed Tree, Array, Math",https://codeforces.com/problemset/problem/6421/B,Apply a Binary Indexed Tree for cumulative frequency queries.
2108,Maximum Union Find,LeetCode,Hard,"Union Find, Graphs",https://leetcode.com/problems/maximum-union-find,Use disjoint set union to answer connectivity queries.
2109,Minimum Max Flow,HackerRank,Hard,"Graphs, Max Flow",https://www.hackerrank.com/challenges/minimum-max-flow,Model the problem as a max-flow network and solve it.
2110,Balanced DP Bitmask,CodeChef,Hard,"Dynamic Programming, Bit Manipulation",https://www.codechef.com/problems/balanced-dp-bitmask,Use bitmask DP to explore exponential state spaces.
2111,Sorted Divide Conquer,Codeforces,Hard,"Divide and Conquer, Array, Sorting",https://codeforces.com/problemset/problem/6433/F,Split the problem recursively using divide and conquer.
2112,Compressed Convex Hull,LeetCode,Hard,"Geometry, Math, Sorting",https://leetcode.com/problems/compressed-convex-hull,Compute the convex hull of a set of 2D points.
2113,Weighted Suffix Array,HackerRank,Hard,"String, Suffix Array, Sorting",https://www.hackerrank.com/challenges/weighted-suffix-array,Build and use a suffix array for advanced string queries.
2114,Directed Game Theory,CodeChef,Hard,"Math, Game Theory, Dynamic Programming",https://www.codechef.com/problems/directed-game-theory,Apply game theory and Grundy values to find the winner.
2115,Undirected Persistent DS,Codeforces,Hard,"Segment Tree, Dynamic Programming",https://codeforces.com/problemset/problem/6445/D,Use a persistent data structure for historical queries.
2116,Circular Segment Tree,LeetCode,Hard,"Segment Tree, Array",https://leetcode.com/problems/circular-segment-tree,Use a segment tree for efficient range queries and updates.
2117,Diagonal BIT Update,HackerRank,Hard,"Binary Indexed Tree, Array, Math",https://www.hackerrank.com/challenges/diagonal-bit-update,Apply a Binary Indexed Tree for cumulative frequency queries.
2118,Sparse Union Find,CodeChef,Hard,"Union Find, Graphs",https://www.codechef.com/problems/sparse-union-find,Use disjoint set union to answer connectivity queries.
2119,Dense Max Flow,Codeforces,Hard,"Graphs, Max Flow",https://codeforces.com/problemset/problem/6457/B,Model the problem as a max-flow network and solve it.
2120,Binary DP Bitmask,LeetCode,Hard,"Dynamic Programming, Bit Manipulation",https://leetcode.com/problems/binary-dp-bitmask,Use bitmask DP to explore exponential state spaces.
2121,Ternary Divide Conquer,HackerRank,Hard,"Divide and Conquer, Array, Sorting",https://www.hackerrank.com/challenges/ternary-divide-conquer,Split the problem recursively using divide and conquer.
2122,Linear Convex Hull,CodeChef,Hard,"Geometry, Math, Sorting",https://www.codechef.com/problems/linear-convex-hull,Compute the convex hull of a set of 2D points.
2123,Logarithmic Suffix Array,Codeforces,Hard,"String, Suffix Array, Sorting",https://codeforces.com/problemset/problem/6469/F,Build and use a suffix array for advanced string queries.
2124,Optimal Game Theory,LeetCode,Hard,"Math, Game Theory, Dynamic Programming",https://leetcode.com/problems/optimal-game-theory,Apply game theory and Grundy values to find the winner.
2125,Extended Persistent DS,HackerRank,Hard,"Segment Tree, Dynamic Programming",https://www.hackerrank.com/challenges/extended-persistent-ds,Use a persistent data structure for historical queries.
2126,Variant Segment Tree,CodeChef,Hard,"Segment Tree, Array",https://www.codechef.com/problems/variant-segment-tree,Use a segment tree for efficient range queries and updates.
2127,Advanced BIT Update,Codeforces,Hard,"Binary Indexed Tree, Array, Math",https://codeforces.com/problemset/problem/6481/D,Apply a Binary Indexed Tree for cumulative frequency queries.
2128,Modified Union Find,LeetCode,Hard,"Union Find, Graphs",https://leetcode.com/problems/modified-union-find,Use disjoint set union to answer connectivity queries.
2129,Classic Max Flow,HackerRank,Hard,"Graphs, Max Flow",https://www.hackerrank.com/challenges/classic-max-flow,Model the problem as a max-flow network and solve it.
2130,Two-Pass DP Bitmask,CodeChef,Hard,"Dynamic Programming, Bit Manipulation",https://www.codechef.com/problems/two-pass-dp-bitmask,Use bitmask DP to explore exponential state spaces.
2131,Multi-Step Divide Conquer,Codeforces,Hard,"Divide and Conquer, Array, Sorting",https://codeforces.com/problemset/problem/6493/B,Split the problem recursively using divide and conquer.
2132,Recursive Convex Hull,LeetCode,Hard,"Geometry, Math, Sorting",https://leetcode.com/problems/recursive-convex-hull,Compute the convex hull of a set of 2D points.
2133,Iterative Suffix Array,HackerRank,Hard,"String, Suffix Array, Sorting",https://www.hackerrank.com/challenges/iterative-suffix-array,Build and use a suffix array for advanced string queries.
2134,Efficient Game Theory,CodeChef,Hard,"Math, Game Theory, Dynamic Programming",https://www.codechef.com/problems/efficient-game-theory,Apply game theory and Grundy values to find the winner.
2135,Minimal Persistent DS,Codeforces,Hard,"Segment Tree, Dynamic Programming",https://codeforces.com/problemset/problem/6505/F,Use a persistent data structure for historical queries.
2136,Maximum Segment Tree,LeetCode,Hard,"Segment Tree, Array",https://leetcode.com/problems/maximum-segment-tree,Use a segment tree for efficient range queries and updates.
2137,Minimum BIT Update,HackerRank,Hard,"Binary Indexed Tree, Array, Math",https://www.hackerrank.com/challenges/minimum-bit-update,Apply a Binary Indexed Tree for cumulative frequency queries.
2138,Balanced Union Find,CodeChef,Hard,"Union Find, Graphs",https://www.codechef.com/problems/balanced-union-find,Use disjoint set union to answer connectivity queries.
2139,Sorted Max Flow,Codeforces,Hard,"Graphs, Max Flow",https://codeforces.com/problemset/problem/6517/D,Model the problem as a max-flow network and solve it.
2140,Compressed DP Bitmask,LeetCode,Hard,"Dynamic Programming, Bit Manipulation",https://leetcode.com/problems/compressed-dp-bitmask,Use bitmask DP to explore exponential state spaces.
2141,Weighted Divide Conquer,HackerRank,Hard,"Divide and Conquer, Array, Sorting",https://www.hackerrank.com/challenges/weighted-divide-conquer,Split the problem recursively using divide and conquer.
2142,Directed Convex Hull,CodeChef,Hard,"Geometry, Math, Sorting",https://www.codechef.com/problems/directed-convex-hull,Compute the convex hull of a set of 2D points.
2143,Undirected Suffix Array,Codeforces,Hard,"String, Suffix Array, Sorting",https://codeforces.com/problemset/problem/6529/B,Build and use a suffix array for advanced string queries.
2144,Circular Game Theory,LeetCode,Hard,"Math, Game Theory, Dynamic Programming",https://leetcode.com/problems/circular-game-theory,Apply game theory and Grundy values to find the winner.
2145,Diagonal Persistent DS,HackerRank,Hard,"Segment Tree, Dynamic Programming",https://www.hackerrank.com/challenges/diagonal-persistent-ds,Use a persistent data structure for historical queries.
2146,Sparse Segment Tree,CodeChef,Hard,"Segment Tree, Array",https://www.codechef.com/problems/sparse-segment-tree,Use a segment tree for efficient range queries and updates.
2147,Dense BIT Update,Codeforces,Hard,"Binary Indexed Tree, Array, Math",https://codeforces.com/problemset/problem/6541/F,Apply a Binary Indexed Tree for cumulative frequency queries.
2148,Binary Union Find,LeetCode,Hard,"Union Find, Graphs",https://leetcode.com/problems/binary-union-find,Use disjoint set union to answer connectivity queries.
2149,Ternary Max Flow,HackerRank,Hard,"Graphs, Max Flow",https://www.hackerrank.com/challenges/ternary-max-flow,Model the problem as a max-flow network and solve it.
2150,Linear DP Bitmask,CodeChef,Hard,"Dynamic Programming, Bit Manipulation",https://www.codechef.com/problems/linear-dp-bitmask,Use bitmask DP to explore exponential state spaces.
2151,Logarithmic Divide Conquer,Codeforces,Hard,"Divide and Conquer, Array, Sorting",https://codeforces.com/problemset/problem/6553/D,Split the problem recursively using divide and conquer.
2152,Optimal Convex Hull,LeetCode,Hard,"Geometry, Math, Sorting",https://leetcode.com/problems/optimal-convex-hull,Compute the convex hull of a set of 2D points.
2153,Extended Suffix Array,HackerRank,Hard,"String, Suffix Array, Sorting",https://www.hackerrank.com/challenges/extended-suffix-array,Build and use a suffix array for advanced string queries.
2154,Variant Game Theory,CodeChef,Hard,"Math, Game Theory, Dynamic Programming",https://www.codechef.com/problems/variant-game-theory,Apply game theory and Grundy values to find the winner.
2155,Advanced Persistent DS,Codeforces,Hard,"Segment Tree, Dynamic Programming",https://codeforces.com/problemset/problem/6565/B,Use a persistent data structure for historical queries.
2156,Modified Segment Tree,LeetCode,Hard,"Segment Tree, Array",https://leetcode.com/problems/modified-segment-tree,Use a segment tree for efficient range queries and updates.
2157,Classic BIT Update,HackerRank,Hard,"Binary Indexed Tree, Array, Math",https://www.hackerrank.com/challenges/classic-bit-update,Apply a Binary Indexed Tree for cumulative frequency queries.
2158,Two-Pass Union Find,CodeChef,Hard,"Union Find, Graphs",https://www.codechef.com/problems/two-pass-union-find,Use disjoint set union to answer connectivity queries.
2159,Multi-Step Max Flow,Codeforces,Hard,"Graphs, Max Flow",https://codeforces.com/problemset/problem/6577/F,Model the problem as a max-flow network and solve it.
2160,Recursive DP Bitmask,LeetCode,Hard,"Dynamic Programming, Bit Manipulation",https://leetcode.com/problems/recursive-dp-bitmask,Use bitmask DP to explore exponential state spaces.
2161,Iterative Divide Conquer,HackerRank,Hard,"Divide and Conquer, Array, Sorting",https://www.hackerrank.com/challenges/iterative-divide-conquer,Split the problem recursively using divide and conquer.
2162,Efficient Convex Hull,CodeChef,Hard,"Geometry, Math, Sorting",https://www.codechef.com/problems/efficient-convex-hull,Compute the convex hull of a set of 2D points.
2163,Minimal Suffix Array,Codeforces,Hard,"String, Suffix Array, Sorting",https://codeforces.com/problemset/problem/6589/D,Build and use a suffix array for advanced string queries.
2164,Maximum Game Theory,LeetCode,Hard,"Math, Game Theory, Dynamic Programming",https://leetcode.com/problems/maximum-game-theory,Apply game theory and Grundy values to find the winner.
2165,Minimum Persistent DS,HackerRank,Hard,"Segment Tree, Dynamic Programming",https://www.hackerrank.com/challenges/minimum-persistent-ds,Use a persistent data structure for historical queries.
2166,Balanced Segment Tree,CodeChef,Hard,"Segment Tree, Array",https://www.codechef.com/problems/balanced-segment-tree,Use a segment tree for efficient range queries and updates.
2167,Sorted BIT Update,Codeforces,Hard,"Binary Indexed Tree, Array, Math",https://codeforces.com/problemset/problem/6601/B,Apply a Binary Indexed Tree for cumulative frequency queries.
2168,Compressed Union Find,LeetCode,Hard,"Union Find, Graphs",https://leetcode.com/problems/compressed-union-find,Use disjoint set union to answer connectivity queries.
2169,Weighted Max Flow,HackerRank,Hard,"Graphs, Max Flow",https://www.hackerrank.com/challenges/weighted-max-flow,Model the problem as a max-flow network and solve it.
2170,Directed DP Bitmask,CodeChef,Hard,"Dynamic Programming, Bit Manipulation",https://www.codechef.com/problems/directed-dp-bitmask,Use bitmask DP to explore exponential state spaces.
2171,Undirected Divide Conquer,Codeforces,Hard,"Divide and Conquer, Array, Sorting",https://codeforces.com/problemset/problem/6613/F,Split the problem recursively using divide and conquer.
2172,Circular Convex Hull,LeetCode,Hard,"Geometry, Math, Sorting",https://leetcode.com/problems/circular-convex-hull,Compute the convex hull of a set of 2D points.
2173,Diagonal Suffix Array,HackerRank,Hard,"String, Suffix Array, Sorting",https://www.hackerrank.com/challenges/diagonal-suffix-array,Build and use a suffix array for advanced string queries.
2174,Sparse Game Theory,CodeChef,Hard,"Math, Game Theory, Dynamic Programming",https://www.codechef.com/problems/sparse-game-theory,Apply game theory and Grundy values to find the winner.
2175,Dense Persistent DS,Codeforces,Hard,"Segment Tree, Dynamic Programming",https://codeforces.com/problemset/problem/6625/D,Use a persistent data structure for historical queries.
2176,Binary Segment Tree,LeetCode,Hard,"Segment Tree, Array",https://leetcode.com/problems/binary-segment-tree,Use a segment tree for efficient range queries and updates.
2177,Ternary BIT Update,HackerRank,Hard,"Binary Indexed Tree, Array, Math",https://www.hackerrank.com/challenges/ternary-bit-update,Apply a Binary Indexed Tree for cumulative frequency queries.
2178,Linear Union Find,CodeChef,Hard,"Union Find, Graphs",https://www.codechef.com/problems/linear-union-find,Use disjoint set union to answer connectivity queries.
2179,Logarithmic Max Flow,Codeforces,Hard,"Graphs, Max Flow",https://codeforces.com/problemset/problem/6637/B,Model the problem as a max-flow network and solve it.
2180,Optimal DP Bitmask,LeetCode,Hard,"Dynamic Programming, Bit Manipulation",https://leetcode.com/problems/optimal-dp-bitmask,Use bitmask DP to explore exponential state spaces.
2181,Extended Divide Conquer,HackerRank,Hard,"Divide and Conquer, Array, Sorting",https://www.hackerrank.com/challenges/extended-divide-conquer,Split the problem recursively using divide and conquer.
2182,Variant Convex Hull,CodeChef,Hard,"Geometry, Math, Sorting",https://www.codechef.com/problems/variant-convex-hull,Compute the convex hull of a set of 2D points.
2183,Advanced Suffix Array,Codeforces,Hard,"String, Suffix Array, Sorting",https://codeforces.com/problemset/problem/6649/F,Build and use a suffix array for advanced string queries.
2184,Modified Game Theory,LeetCode,Hard,"Math, Game Theory, Dynamic Programming",https://leetcode.com/problems/modified-game-theory,Apply game theory and Grundy values to find the winner.
2185,Classic Persistent DS,HackerRank,Hard,"Segment Tree, Dynamic Programming",https://www.hackerrank.com/challenges/classic-persistent-ds,Use a persistent data structure for historical queries.
2186,Two-Pass Segment Tree,CodeChef,Hard,"Segment Tree, Array",https://www.codechef.com/problems/two-pass-segment-tree,Use a segment tree for efficient range queries and updates.
2187,Multi-Step BIT Update,Codeforces,Hard,"Binary Indexed Tree, Array, Math",https://codeforces.com/problemset/problem/6661/D,Apply a Binary Indexed Tree for cumulative frequency queries.
2188,Recursive Union Find,LeetCode,Hard,"Union Find, Graphs",https://leetcode.com/problems/recursive-union-find,Use disjoint set union to answer connectivity queries.
2189,Iterative Max Flow,HackerRank,Hard,"Graphs, Max Flow",https://www.hackerrank.com/challenges/iterative-max-flow,Model the problem as a max-flow network and solve it.
2190,Efficient DP Bitmask,CodeChef,Hard,"Dynamic Programming, Bit Manipulation",https://www.codechef.com/problems/efficient-dp-bitmask,Use bitmask DP to explore exponential state spaces.
2191,Minimal Divide Conquer,Codeforces,Hard,"Divide and Conquer, Array, Sorting",https://codeforces.com/problemset/problem/6673/B,Split the problem recursively using divide and conquer.
2192,Maximum Convex Hull,LeetCode,Hard,"Geometry, Math, Sorting",https://leetcode.com/problems/maximum-convex-hull,Compute the convex hull of a set of 2D points.
2193,Minimum Suffix Array,HackerRank,Hard,"String, Suffix Array, Sorting",https://www.hackerrank.com/challenges/minimum-suffix-array,Build and use a suffix array for advanced string queries.
2194,Balanced Game Theory,CodeChef,Hard,"Math, Game Theory, Dynamic Programming",https://www.codechef.com/problems/balanced-game-theory,Apply game theory and Grundy values to find the winner.
2195,Sorted Persistent DS,Codeforces,Hard,"Segment Tree, Dynamic Programming",https://codeforces.com/problemset/problem/6685/F,Use a persistent data structure for historical queries.
2196,Compressed Segment Tree,LeetCode,Hard,"Segment Tree, Array",https://leetcode.com/problems/compressed-segment-tree,Use a segment tree for efficient range queries and updates.
2197,Weighted BIT Update,HackerRank,Hard,"Binary Indexed Tree, Array, Math",https://www.hackerrank.com/challenges/weighted-bit-update,Apply a Binary Indexed Tree for cumulative frequency queries.
2198,Directed Union Find,CodeChef,Hard,"Union Find, Graphs",https://www.codechef.com/problems/directed-union-find,Use disjoint set union to answer connectivity queries.
2199,Undirected Max Flow,Codeforces,Hard,"Graphs, Max Flow",https://codeforces.com/problemset/problem/6697/D,Model the problem as a max-flow network and solve it.
2200,Circular DP Bitmask,LeetCode,Hard,"Dynamic Programming, Bit Manipulation",https://leetcode.com/problems/circular-dp-bitmask,Use bitmask DP to explore exponential state spaces.
2201,Diagonal Divide Conquer,HackerRank,Hard,"Divide and Conquer, Array, Sorting",https://www.hackerrank.com/challenges/diagonal-divide-conquer,Split the problem recursively using divide and conquer.
2202,Sparse Convex Hull,CodeChef,Hard,"Geometry, Math, Sorting",https://www.codechef.com/problems/sparse-convex-hull,Compute the convex hull of a set of 2D points.
2203,Dense Suffix Array,Codeforces,Hard,"String, Suffix Array, Sorting",https://codeforces.com/problemset/problem/6709/B,Build and use a suffix array for advanced string queries.
2204,Binary Game Theory,LeetCode,Hard,"Math, Game Theory, Dynamic Programming",https://leetcode.com/problems/binary-game-theory,Apply game theory and Grundy values to find the winner.
2205,Ternary Persistent DS,HackerRank,Hard,"Segment Tree, Dynamic Programming",https://www.hackerrank.com/challenges/ternary-persistent-ds,Use a persistent data structure for historical queries.
2206,Linear Segment Tree,CodeChef,Hard,"Segment Tree, Array",https://www.codechef.com/problems/linear-segment-tree,Use a segment tree for efficient range queries and updates.
2207,Logarithmic BIT Update,Codeforces,Hard,"Binary Indexed Tree, Array, Math",https://codeforces.com/problemset/problem/6721/F,Apply a Binary Indexed Tree for cumulative frequency queries.
2208,Optimal Union Find,LeetCode,Hard,"Union Find, Graphs",https://leetcode.com/problems/optimal-union-find,Use disjoint set union to answer connectivity queries.
2209,Extended Max Flow,HackerRank,Hard,"Graphs, Max Flow",https://www.hackerrank.com/challenges/extended-max-flow,Model the problem as a max-flow network and solve it.
2210,Variant DP Bitmask,CodeChef,Hard,"Dynamic Programming, Bit Manipulation",https://www.codechef.com/problems/variant-dp-bitmask,Use bitmask DP to explore exponential state spaces.
2211,Advanced Divide Conquer,Codeforces,Hard,"Divide and Conquer, Array, Sorting",https://codeforces.com/problemset/problem/6733/D,Split the problem recursively using divide and conquer.
2212,Modified Convex Hull,LeetCode,Hard,"Geometry, Math, Sorting",https://leetcode.com/problems/modified-convex-hull,Compute the convex hull of a set of 2D points.
2213,Classic Suffix Array,HackerRank,Hard,"String, Suffix Array, Sorting",https://www.hackerrank.com/challenges/classic-suffix-array,Build and use a suffix array for advanced string queries.
2214,Two-Pass Game Theory,CodeChef,Hard,"Math, Game Theory, Dynamic Programming",https://www.codechef.com/problems/two-pass-game-theory,Apply game theory and Grundy values to find the winner.
2215,Multi-Step Persistent DS,Codeforces,Hard,"Segment Tree, Dynamic Programming",https://codeforces.com/problemset/problem/6745/B,Use a persistent data structure for historical queries.
2216,Recursive Segment Tree,LeetCode,Hard,"Segment Tree, Array",https://leetcode.com/problems/recursive-segment-tree,Use a segment tree for efficient range queries and updates.
2217,Iterative BIT Update,HackerRank,Hard,"Binary Indexed Tree, Array, Math",https://www.hackerrank.com/challenges/iterative-bit-update,Apply a Binary Indexed Tree for cumulative frequency queries.
2218,Efficient Union Find,CodeChef,Hard,"Union Find, Graphs",https://www.codechef.com/problems/efficient-union-find,Use disjoint set union to answer connectivity queries.
2219,Minimal Max Flow,Codeforces,Hard,"Graphs, Max Flow",https://codeforces.com/problemset/problem/6757/F,Model the problem as a max-flow network and solve it.
2220,Maximum DP Bitmask,LeetCode,Hard,"Dynamic Programming, Bit Manipulation",https://leetcode.com/problems/maximum-dp-bitmask,Use bitmask DP to explore exponential state spaces.
2221,Minimum Divide Conquer,HackerRank,Hard,"Divide and Conquer, Array, Sorting",https://www.hackerrank.com/challenges/minimum-divide-conquer,Split the problem recursively using divide and conquer.
2222,Balanced Convex Hull,CodeChef,Hard,"Geometry, Math, Sorting",https://www.codechef.com/problems/balanced-convex-hull,Compute the convex hull of a set of 2D points.
2223,Sorted Suffix Array,Codeforces,Hard,"String, Suffix Array, Sorting",https://codeforces.com/problemset/problem/6769/D,Build and use a suffix array for advanced string queries.
2224,Compressed Game Theory,LeetCode,Hard,"Math, Game Theory, Dynamic Programming",https://leetcode.com/problems/compressed-game-theory,Apply game theory and Grundy values to find the winner.
2225,Weighted Persistent DS,HackerRank,Hard,"Segment Tree, Dynamic Programming",https://www.hackerrank.com/challenges/weighted-persistent-ds,Use a persistent data structure for historical queries.
2226,Directed Segment Tree,CodeChef,Hard,"Segment Tree, Array",https://www.codechef.com/problems/directed-segment-tree,Use a segment tree for efficient range queries and updates.
2227,Undirected BIT Update,Codeforces,Hard,"Binary Indexed Tree, Array, Math",https://codeforces.com/problemset/problem/6781/B,Apply a Binary Indexed Tree for cumulative frequency queries.
2228,Circular Union Find,LeetCode,Hard,"Union Find, Graphs",https://leetcode.com/problems/circular-union-find,Use disjoint set union to answer connectivity queries.
2229,Diagonal Max Flow,HackerRank,Hard,"Graphs, Max Flow",https://www.hackerrank.com/challenges/diagonal-max-flow,Model the problem as a max-flow network and solve it.
2230,Sparse DP Bitmask,CodeChef,Hard,"Dynamic Programming, Bit Manipulation",https://www.codechef.com/problems/sparse-dp-bitmask,Use bitmask DP to explore exponential state spaces.
2231,Dense Divide Conquer,Codeforces,Hard,"Divide and Conquer, Array, Sorting",https://codeforces.com/problemset/problem/6793/F,Split the problem recursively using divide and conquer.
2232,Binary Convex Hull,LeetCode,Hard,"Geometry, Math, Sorting",https://leetcode.com/problems/binary-convex-hull,Compute the convex hull of a set of 2D points.
2233,Ternary Suffix Array,HackerRank,Hard,"String, Suffix Array, Sorting",https://www.hackerrank.com/challenges/ternary-suffix-array,Build and use a suffix array for advanced string queries.
2234,Linear Game Theory,CodeChef,Hard,"Math, Game Theory, Dynamic Programming",https://www.codechef.com/problems/linear-game-theory,Apply game theory and Grundy values to find the winner.
2235,Logarithmic Persistent DS,Codeforces,Hard,"Segment Tree, Dynamic Programming",https://codeforces.com/problemset/problem/6805/D,Use a persistent data structure for historical queries.
2236,Optimal Segment Tree,LeetCode,Hard,"Segment Tree, Array",https://leetcode.com/problems/optimal-segment-tree,Use a segment tree for efficient range queries and updates.
2237,Extended BIT Update,HackerRank,Hard,"Binary Indexed Tree, Array, Math",https://www.hackerrank.com/challenges/extended-bit-update,Apply a Binary Indexed Tree for cumulative frequency queries.
2238,Variant Union Find,CodeChef,Hard,"Union Find, Graphs",https://www.codechef.com/problems/variant-union-find,Use disjoint set union to answer connectivity queries.
2239,Advanced Max Flow,Codeforces,Hard,"Graphs, Max Flow",https://codeforces.com/problemset/problem/6817/B,Model the problem as a max-flow network and solve it.
2240,Modified DP Bitmask,LeetCode,Hard,"Dynamic Programming, Bit Manipulation",https://leetcode.com/problems/modified-dp-bitmask,Use bitmask DP to explore exponential state spaces.
2241,Classic Divide Conquer,HackerRank,Hard,"Divide and Conquer, Array, Sorting",https://www.hackerrank.com/challenges/classic-divide-conquer,Split the problem recursively using divide and conquer.
2242,Two-Pass Convex Hull,CodeChef,Hard,"Geometry, Math, Sorting",https://www.codechef.com/problems/two-pass-convex-hull,Compute the convex hull of a set of 2D points.
2243,Multi-Step Suffix Array,Codeforces,Hard,"String, Suffix Array, Sorting",https://codeforces.com/problemset/problem/6829/F,Build and use a suffix array for advanced string queries.
2244,Recursive Game Theory,LeetCode,Hard,"Math, Game Theory, Dynamic Programming",https://leetcode.com/problems/recursive-game-theory,Apply game theory and Grundy values to find the winner.
2245,Iterative Persistent DS,HackerRank,Hard,"Segment Tree, Dynamic Programming",https://www.hackerrank.com/challenges/iterative-persistent-ds,Use a persistent data structure for historical queries.
2246,Efficient Segment Tree,CodeChef,Hard,"Segment Tree, Array",https://www.codechef.com/problems/efficient-segment-tree,Use a segment tree for efficient range queries and updates.
2247,Minimal BIT Update,Codeforces,Hard,"Binary Indexed Tree, Array, Math",https://codeforces.com/problemset/problem/6841/D,Apply a Binary Indexed Tree for cumulative frequency queries.
2248,Maximum Union Find,LeetCode,Hard,"Union Find, Graphs",https://leetcode.com/problems/maximum-union-find,Use disjoint set union to answer connectivity queries.
2249,Minimum Max Flow,HackerRank,Hard,"Graphs, Max Flow",https://www.hackerrank.com/challenges/minimum-max-flow,Model the problem as a max-flow network and solve it.
2250,Balanced DP Bitmask,CodeChef,Hard,"Dynamic Programming, Bit Manipulation",https://www.codechef.com/problems/balanced-dp-bitmask,Use bitmask DP to explore exponential state spaces.
2251,Sorted Divide Conquer,Codeforces,Hard,"Divide and Conquer, Array, Sorting",https://codeforces.com/problemset/problem/6853/B,Split the problem recursively using divide and conquer.
2252,Compressed Convex Hull,LeetCode,Hard,"Geometry, Math, Sorting",https://leetcode.com/problems/compressed-convex-hull,Compute the convex hull of a set of 2D points.
2253,Weighted Suffix Array,HackerRank,Hard,"String, Suffix Array, Sorting",https://www.hackerrank.com/challenges/weighted-suffix-array,Build and use a suffix array for advanced string queries.
2254,Directed Game Theory,CodeChef,Hard,"Math, Game Theory, Dynamic Programming",https://www.codechef.com/problems/directed-game-theory,Apply game theory and Grundy values to find the winner.
2255,Undirected Persistent DS,Codeforces,Hard,"Segment Tree, Dynamic Programming",https://codeforces.com/problemset/problem/6865/F,Use a persistent data structure for historical queries.
2256,Circular Segment Tree,LeetCode,Hard,"Segment Tree, Array",https://leetcode.com/problems/circular-segment-tree,Use a segment tree for efficient range queries and updates.
2257,Diagonal BIT Update,HackerRank,Hard,"Binary Indexed Tree, Array, Math",https://www.hackerrank.com/challenges/diagonal-bit-update,Apply a Binary Indexed Tree for cumulative frequency queries.
2258,Sparse Union Find,CodeChef,Hard,"Union Find, Graphs",https://www.codechef.com/problems/sparse-union-find,Use disjoint set union to answer connectivity queries.
2259,Dense Max Flow,Codeforces,Hard,"Graphs, Max Flow",https://codeforces.com/problemset/problem/6877/D,Model the problem as a max-flow network and solve it.
2260,Binary DP Bitmask,LeetCode,Hard,"Dynamic Programming, Bit Manipulation",https://leetcode.com/problems/binary-dp-bitmask,Use bitmask DP to explore exponential state spaces.
2261,Ternary Divide Conquer,HackerRank,Hard,"Divide and Conquer, Array, Sorting",https://www.hackerrank.com/challenges/ternary-divide-conquer,Split the problem recursively using divide and conquer.
2262,Linear Convex Hull,CodeChef,Hard,"Geometry, Math, Sorting",https://www.codechef.com/problems/linear-convex-hull,Compute the convex hull of a set of 2D points.
2263,Logarithmic Suffix Array,Codeforces,Hard,"String, Suffix Array, Sorting",https://codeforces.com/problemset/problem/6889/B,Build and use a suffix array for advanced string queries.
2264,Optimal Game Theory,LeetCode,Hard,"Math, Game Theory, Dynamic Programming",https://leetcode.com/problems/optimal-game-theory,Apply game theory and Grundy values to find the winner.
2265,Extended Persistent DS,HackerRank,Hard,"Segment Tree, Dynamic Programming",https://www.hackerrank.com/challenges/extended-persistent-ds,Use a persistent data structure for historical queries.
2266,Variant Segment Tree,CodeChef,Hard,"Segment Tree, Array",https://www.codechef.com/problems/variant-segment-tree,Use a segment tree for efficient range queries and updates.
2267,Advanced BIT Update,Codeforces,Hard,"Binary Indexed Tree, Array, Math",https://codeforces.com/problemset/problem/6901/F,Apply a Binary Indexed Tree for cumulative frequency queries.
2268,Modified Union Find,LeetCode,Hard,"Union Find, Graphs",https://leetcode.com/problems/modified-union-find,Use disjoint set union to answer connectivity queries.
2269,Classic Max Flow,HackerRank,Hard,"Graphs, Max Flow",https://www.hackerrank.com/challenges/classic-max-flow,Model the problem as a max-flow network and solve it.
2270,Two-Pass DP Bitmask,CodeChef,Hard,"Dynamic Programming, Bit Manipulation",https://www.codechef.com/problems/two-pass-dp-bitmask,Use bitmask DP to explore exponential state spaces.
2271,Multi-Step Divide Conquer,Codeforces,Hard,"Divide and Conquer, Array, Sorting",https://codeforces.com/problemset/problem/6913/D,Split the problem recursively using divide and conquer.
2272,Recursive Convex Hull,LeetCode,Hard,"Geometry, Math, Sorting",https://leetcode.com/problems/recursive-convex-hull,Compute the convex hull of a set of 2D points.
2273,Iterative Suffix Array,HackerRank,Hard,"String, Suffix Array, Sorting",https://www.hackerrank.com/challenges/iterative-suffix-array,Build and use a suffix array for advanced string queries.
2274,Efficient Game Theory,CodeChef,Hard,"Math, Game Theory, Dynamic Programming",https://www.codechef.com/problems/efficient-game-theory,Apply game theory and Grundy values to find the winner.
2275,Minimal Persistent DS,Codeforces,Hard,"Segment Tree, Dynamic Programming",https://codeforces.com/problemset/problem/6925/B,Use a persistent data structure for historical queries.
2276,Maximum Segment Tree,LeetCode,Hard,"Segment Tree, Array",https://leetcode.com/problems/maximum-segment-tree,Use a segment tree for efficient range queries and updates.
2277,Minimum BIT Update,HackerRank,Hard,"Binary Indexed Tree, Array, Math",https://www.hackerrank.com/challenges/minimum-bit-update,Apply a Binary Indexed Tree for cumulative frequency queries.
2278,Balanced Union Find,CodeChef,Hard,"Union Find, Graphs",https://www.codechef.com/problems/balanced-union-find,Use disjoint set union to answer connectivity queries.
2279,Sorted Max Flow,Codeforces,Hard,"Graphs, Max Flow",https://codeforces.com/problemset/problem/6937/F,Model the problem as a max-flow network and solve it.
2280,Compressed DP Bitmask,LeetCode,Hard,"Dynamic Programming, Bit Manipulation",https://leetcode.com/problems/compressed-dp-bitmask,Use bitmask DP to explore exponential state spaces.
2281,Weighted Divide Conquer,HackerRank,Hard,"Divide and Conquer, Array, Sorting",https://www.hackerrank.com/challenges/weighted-divide-conquer,Split the problem recursively using divide and conquer.
2282,Directed Convex Hull,CodeChef,Hard,"Geometry, Math, Sorting",https://www.codechef.com/problems/directed-convex-hull,Compute the convex hull of a set of 2D points.
2283,Undirected Suffix Array,Codeforces,Hard,"String, Suffix Array, Sorting",https://codeforces.com/problemset/problem/6949/D,Build and use a suffix array for advanced string queries.
2284,Circular Game Theory,LeetCode,Hard,"Math, Game Theory, Dynamic Programming",https://leetcode.com/problems/circular-game-theory,Apply game theory and Grundy values to find the winner.
2285,Diagonal Persistent DS,HackerRank,Hard,"Segment Tree, Dynamic Programming",https://www.hackerrank.com/challenges/diagonal-persistent-ds,Use a persistent data structure for historical queries.
2286,Sparse Segment Tree,CodeChef,Hard,"Segment Tree, Array",https://www.codechef.com/problems/sparse-segment-tree,Use a segment tree for efficient range queries and updates.
2287,Dense BIT Update,Codeforces,Hard,"Binary Indexed Tree, Array, Math",https://codeforces.com/problemset/problem/6961/B,Apply a Binary Indexed Tree for cumulative frequency queries.
2288,Binary Union Find,LeetCode,Hard,"Union Find, Graphs",https://leetcode.com/problems/binary-union-find,Use disjoint set union to answer connectivity queries.
2289,Ternary Max Flow,HackerRank,Hard,"Graphs, Max Flow",https://www.hackerrank.com/challenges/ternary-max-flow,Model the problem as a max-flow network and solve it.
2290,Linear DP Bitmask,CodeChef,Hard,"Dynamic Programming, Bit Manipulation",https://www.codechef.com/problems/linear-dp-bitmask,Use bitmask DP to explore exponential state spaces.
2291,Logarithmic Divide Conquer,Codeforces,Hard,"Divide and Conquer, Array, Sorting",https://codeforces.com/problemset/problem/6973/F,Split the problem recursively using divide and conquer.
2292,Optimal Convex Hull,LeetCode,Hard,"Geometry, Math, Sorting",https://leetcode.com/problems/optimal-convex-hull,Compute the convex hull of a set of 2D points.
2293,Extended Suffix Array,HackerRank,Hard,"String, Suffix Array, Sorting",https://www.hackerrank.com/challenges/extended-suffix-array,Build and use a suffix array for advanced string queries.
2294,Variant Game Theory,CodeChef,Hard,"Math, Game Theory, Dynamic Programming",https://www.codechef.com/problems/variant-game-theory,Apply game theory and Grundy values to find the winner.
2295,Advanced Persistent DS,Codeforces,Hard,"Segment Tree, Dynamic Programming",https://codeforces.com/problemset/problem/6985/D,Use a persistent data structure for historical queries.
2296,Modified Segment Tree,LeetCode,Hard,"Segment Tree, Array",https://leetcode.com/problems/modified-segment-tree,Use a segment tree for efficient range queries and updates.
2297,Classic BIT Update,HackerRank,Hard,"Binary Indexed Tree, Array, Math",https://www.hackerrank.com/challenges/classic-bit-update,Apply a Binary Indexed Tree for cumulative frequency queries.
2298,Two-Pass Union Find,CodeChef,Hard,"Union Find, Graphs",https://www.codechef.com/problems/two-pass-union-find,Use disjoint set union to answer connectivity queries.
2299,Multi-Step Max Flow,Codeforces,Hard,"Graphs, Max Flow",https://codeforces.com/problemset/problem/6997/B,Model the problem as a max-flow network and solve it.
2300,Recursive DP Bitmask,LeetCode,Hard,"Dynamic Programming, Bit Manipulation",https://leetcode.com/problems/recursive-dp-bitmask,Use bitmask DP to explore exponential state spaces.
2301,Iterative Divide Conquer,HackerRank,Hard,"Divide and Conquer, Array, Sorting",https://www.hackerrank.com/challenges/iterative-divide-conquer,Split the problem recursively using divide and conquer.
2302,Efficient Convex Hull,CodeChef,Hard,"Geometry, Math, Sorting",https://www.codechef.com/problems/efficient-convex-hull,Compute the convex hull of a set of 2D points.
2303,Minimal Suffix Array,Codeforces,Hard,"String, Suffix Array, Sorting",https://codeforces.com/problemset/problem/7009/F,Build and use a suffix array for advanced string queries.
2304,Maximum Game Theory,LeetCode,Hard,"Math, Game Theory, Dynamic Programming",https://leetcode.com/problems/maximum-game-theory,Apply game theory and Grundy values to find the winner.
2305,Minimum Persistent DS,HackerRank,Hard,"Segment Tree, Dynamic Programming",https://www.hackerrank.com/challenges/minimum-persistent-ds,Use a persistent data structure for historical queries.
2306,Balanced Segment Tree,CodeChef,Hard,"Segment Tree, Array",https://www.codechef.com/problems/balanced-segment-tree,Use a segment tree for efficient range queries and updates.
2307,Sorted BIT Update,Codeforces,Hard,"Binary Indexed Tree, Array, Math",https://codeforces.com/problemset/problem/7021/D,Apply a Binary Indexed Tree for cumulative frequency queries.
2308,Compressed Union Find,LeetCode,Hard,"Union Find, Graphs",https://leetcode.com/problems/compressed-union-find,Use disjoint set union to answer connectivity queries.
2309,Weighted Max Flow,HackerRank,Hard,"Graphs, Max Flow",https://www.hackerrank.com/challenges/weighted-max-flow,Model the problem as a max-flow network and solve it.
2310,Directed DP Bitmask,CodeChef,Hard,"Dynamic Programming, Bit Manipulation",https://www.codechef.com/problems/directed-dp-bitmask,Use bitmask DP to explore exponential state spaces.
2311,Undirected Divide Conquer,Codeforces,Hard,"Divide and Conquer, Array, Sorting",https://codeforces.com/problemset/problem/7033/B,Split the problem recursively using divide and conquer.
2312,Circular Convex Hull,LeetCode,Hard,"Geometry, Math, Sorting",https://leetcode.com/problems/circular-convex-hull,Compute the convex hull of a set of 2D points.
2313,Diagonal Suffix Array,HackerRank,Hard,"String, Suffix Array, Sorting",https://www.hackerrank.com/challenges/diagonal-suffix-array,Build and use a suffix array for advanced string queries.
2314,Sparse Game Theory,CodeChef,Hard,"Math, Game Theory, Dynamic Programming",https://www.codechef.com/problems/sparse-game-theory,Apply game theory and Grundy values to find the winner.
2315,Dense Persistent DS,Codeforces,Hard,"Segment Tree, Dynamic Programming",https://codeforces.com/problemset/problem/7045/F,Use a persistent data structure for historical queries.
2316,Binary Segment Tree,LeetCode,Hard,"Segment Tree, Array",https://leetcode.com/problems/binary-segment-tree,Use a segment tree for efficient range queries and updates.
2317,Ternary BIT Update,HackerRank,Hard,"Binary Indexed Tree, Array, Math",https://www.hackerrank.com/challenges/ternary-bit-update,Apply a Binary Indexed Tree for cumulative frequency queries.
2318,Linear Union Find,CodeChef,Hard,"Union Find, Graphs",https://www.codechef.com/problems/linear-union-find,Use disjoint set union to answer connectivity queries.
2319,Logarithmic Max Flow,Codeforces,Hard,"Graphs, Max Flow",https://codeforces.com/problemset/problem/7057/D,Model the problem as a max-flow network and solve it.
2320,Optimal DP Bitmask,LeetCode,Hard,"Dynamic Programming, Bit Manipulation",https://leetcode.com/problems/optimal-dp-bitmask,Use bitmask DP to explore exponential state spaces.
2321,Extended Divide Conquer,HackerRank,Hard,"Divide and Conquer, Array, Sorting",https://www.hackerrank.com/challenges/extended-divide-conquer,Split the problem recursively using divide and conquer.
2322,Variant Convex Hull,CodeChef,Hard,"Geometry, Math, Sorting",https://www.codechef.com/problems/variant-convex-hull,Compute the convex hull of a set of 2D points.
2323,Advanced Suffix Array,Codeforces,Hard,"String, Suffix Array, Sorting",https://codeforces.com/problemset/problem/7069/B,Build and use a suffix array for advanced string queries.
2324,Modified Game Theory,LeetCode,Hard,"Math, Game Theory, Dynamic Programming",https://leetcode.com/problems/modified-game-theory,Apply game theory and Grundy values to find the winner.
2325,Classic Persistent DS,HackerRank,Hard,"Segment Tree, Dynamic Programming",https://www.hackerrank.com/challenges/classic-persistent-ds,Use a persistent data structure for historical queries.
2326,Two-Pass Segment Tree,CodeChef,Hard,"Segment Tree, Array",https://www.codechef.com/problems/two-pass-segment-tree,Use a segment tree for efficient range queries and updates.
2327,Multi-Step BIT Update,Codeforces,Hard,"Binary Indexed Tree, Array, Math",https://codeforces.com/problemset/problem/7081/F,Apply a Binary Indexed Tree for cumulative frequency queries.
2328,Recursive Union Find,LeetCode,Hard,"Union Find, Graphs",https://leetcode.com/problems/recursive-union-find,Use disjoint set union to answer connectivity queries.
2329,Iterative Max Flow,HackerRank,Hard,"Graphs, Max Flow",https://www.hackerrank.com/challenges/iterative-max-flow,Model the problem as a max-flow network and solve it.
2330,Efficient DP Bitmask,CodeChef,Hard,"Dynamic Programming, Bit Manipulation",https://www.codechef.com/problems/efficient-dp-bitmask,Use bitmask DP to explore exponential state spaces.
2331,Minimal Divide Conquer,Codeforces,Hard,"Divide and Conquer, Array, Sorting",https://codeforces.com/problemset/problem/7093/D,Split the problem recursively using divide and conquer.
2332,Maximum Convex Hull,LeetCode,Hard,"Geometry, Math, Sorting",https://leetcode.com/problems/maximum-convex-hull,Compute the convex hull of a set of 2D points.
2333,Minimum Suffix Array,HackerRank,Hard,"String, Suffix Array, Sorting",https://www.hackerrank.com/challenges/minimum-suffix-array,Build and use a suffix array for advanced string queries.
2334,Balanced Game Theory,CodeChef,Hard,"Math, Game Theory, Dynamic Programming",https://www.codechef.com/problems/balanced-game-theory,Apply game theory and Grundy values to find the winner.
2335,Sorted Persistent DS,Codeforces,Hard,"Segment Tree, Dynamic Programming",https://codeforces.com/problemset/problem/7105/B,Use a persistent data structure for historical queries.
2336,Compressed Segment Tree,LeetCode,Hard,"Segment Tree, Array",https://leetcode.com/problems/compressed-segment-tree,Use a segment tree for efficient range queries and updates.
2337,Weighted BIT Update,HackerRank,Hard,"Binary Indexed Tree, Array, Math",https://www.hackerrank.com/challenges/weighted-bit-update,Apply a Binary Indexed Tree for cumulative frequency queries.
2338,Directed Union Find,CodeChef,Hard,"Union Find, Graphs",https://www.codechef.com/problems/directed-union-find,Use disjoint set union to answer connectivity queries.
2339,Undirected Max Flow,Codeforces,Hard,"Graphs, Max Flow",https://codeforces.com/problemset/problem/7117/F,Model the problem as a max-flow network and solve it.
2340,Circular DP Bitmask,LeetCode,Hard,"Dynamic Programming, Bit Manipulation",https://leetcode.com/problems/circular-dp-bitmask,Use bitmask DP to explore exponential state spaces.
2341,Diagonal Divide Conquer,HackerRank,Hard,"Divide and Conquer, Array, Sorting",https://www.hackerrank.com/challenges/diagonal-divide-conquer,Split the problem recursively using divide and conquer.
2342,Sparse Convex Hull,CodeChef,Hard,"Geometry, Math, Sorting",https://www.codechef.com/problems/sparse-convex-hull,Compute the convex hull of a set of 2D points.
2343,Dense Suffix Array,Codeforces,Hard,"String, Suffix Array, Sorting",https://codeforces.com/problemset/problem/7129/D,Build and use a suffix array for advanced string queries.
2344,Binary Game Theory,LeetCode,Hard,"Math, Game Theory, Dynamic Programming",https://leetcode.com/problems/binary-game-theory,Apply game theory and Grundy values to find the winner.
2345,Ternary Persistent DS,HackerRank,Hard,"Segment Tree, Dynamic Programming",https://www.hackerrank.com/challenges/ternary-persistent-ds,Use a persistent data structure for historical queries.
2346,Linear Segment Tree,CodeChef,Hard,"Segment Tree, Array",https://www.codechef.com/problems/linear-segment-tree,Use a segment tree for efficient range queries and updates.
2347,Logarithmic BIT Update,Codeforces,Hard,"Binary Indexed Tree, Array, Math",https://codeforces.com/problemset/problem/7141/B,Apply a Binary Indexed Tree for cumulative frequency queries.
2348,Optimal Union Find,LeetCode,Hard,"Union Find, Graphs",https://leetcode.com/problems/optimal-union-find,Use disjoint set union to answer connectivity queries.
2349,Extended Max Flow,HackerRank,Hard,"Graphs, Max Flow",https://www.hackerrank.com/challenges/extended-max-flow,Model the problem as a max-flow network and solve it.
2350,Variant DP Bitmask,CodeChef,Hard,"Dynamic Programming, Bit Manipulation",https://www.codechef.com/problems/variant-dp-bitmask,Use bitmask DP to explore exponential state spaces.
2351,Advanced Divide Conquer,Codeforces,Hard,"Divide and Conquer, Array, Sorting",https://codeforces.com/problemset/problem/7153/F,Split the problem recursively using divide and conquer.
2352,Modified Convex Hull,LeetCode,Hard,"Geometry, Math, Sorting",https://leetcode.com/problems/modified-convex-hull,Compute the convex hull of a set of 2D points.
2353,Classic Suffix Array,HackerRank,Hard,"String, Suffix Array, Sorting",https://www.hackerrank.com/challenges/classic-suffix-array,Build and use a suffix array for advanced string queries.
2354,Two-Pass Game Theory,CodeChef,Hard,"Math, Game Theory, Dynamic Programming",https://www.codechef.com/problems/two-pass-game-theory,Apply game theory and Grundy values to find the winner.
2355,Multi-Step Persistent DS,Codeforces,Hard,"Segment Tree, Dynamic Programming",https://codeforces.com/problemset/problem/7165/D,Use a persistent data structure for historical queries.
2356,Recursive Segment Tree,LeetCode,Hard,"Segment Tree, Array",https://leetcode.com/problems/recursive-segment-tree,Use a segment tree for efficient range queries and updates.
2357,Iterative BIT Update,HackerRank,Hard,"Binary Indexed Tree, Array, Math",https://www.hackerrank.com/challenges/iterative-bit-update,Apply a Binary Indexed Tree for cumulative frequency queries.
2358,Efficient Union Find,CodeChef,Hard,"Union Find, Graphs",https://www.codechef.com/problems/efficient-union-find,Use disjoint set union to answer connectivity queries.
2359,Minimal Max Flow,Codeforces,Hard,"Graphs, Max Flow",https://codeforces.com/problemset/problem/7177/B,Model the problem as a max-flow network and solve it.
2360,Maximum DP Bitmask,LeetCode,Hard,"Dynamic Programming, Bit Manipulation",https://leetcode.com/problems/maximum-dp-bitmask,Use bitmask DP to explore exponential state spaces.
2361,Minimum Divide Conquer,HackerRank,Hard,"Divide and Conquer, Array, Sorting",https://www.hackerrank.com/challenges/minimum-divide-conquer,Split the problem recursively using divide and conquer.
2362,Balanced Convex Hull,CodeChef,Hard,"Geometry, Math, Sorting",https://www.codechef.com/problems/balanced-convex-hull,Compute the convex hull of a set of 2D points.
2363,Sorted Suffix Array,Codeforces,Hard,"String, Suffix Array, Sorting",https://codeforces.com/problemset/problem/7189/F,Build and use a suffix array for advanced string queries.
2364,Compressed Game Theory,LeetCode,Hard,"Math, Game Theory, Dynamic Programming",https://leetcode.com/problems/compressed-game-theory,Apply game theory and Grundy values to find the winner.
2365,Weighted Persistent DS,HackerRank,Hard,"Segment Tree, Dynamic Programming",https://www.hackerrank.com/challenges/weighted-persistent-ds,Use a persistent data structure for historical queries.
2366,Directed Segment Tree,CodeChef,Hard,"Segment Tree, Array",https://www.codechef.com/problems/directed-segment-tree,Use a segment tree for efficient range queries and updates.
2367,Undirected BIT Update,Codeforces,Hard,"Binary Indexed Tree, Array, Math",https://codeforces.com/problemset/problem/7201/D,Apply a Binary Indexed Tree for cumulative frequency queries.
2368,Circular Union Find,LeetCode,Hard,"Union Find, Graphs",https://leetcode.com/problems/circular-union-find,Use disjoint set union to answer connectivity queries.
2369,Diagonal Max Flow,HackerRank,Hard,"Graphs, Max Flow",https://www.hackerrank.com/challenges/diagonal-max-flow,Model the problem as a max-flow network and solve it.
2370,Sparse DP Bitmask,CodeChef,Hard,"Dynamic Programming, Bit Manipulation",https://www.codechef.com/problems/sparse-dp-bitmask,Use bitmask DP to explore exponential state spaces.
2371,Dense Divide Conquer,Codeforces,Hard,"Divide and Conquer, Array, Sorting",https://codeforces.com/problemset/problem/7213/B,Split the problem recursively using divide and conquer.
2372,Binary Convex Hull,LeetCode,Hard,"Geometry, Math, Sorting",https://leetcode.com/problems/binary-convex-hull,Compute the convex hull of a set of 2D points.
2373,Ternary Suffix Array,HackerRank,Hard,"String, Suffix Array, Sorting",https://www.hackerrank.com/challenges/ternary-suffix-array,Build and use a suffix array for advanced string queries.
2374,Linear Game Theory,CodeChef,Hard,"Math, Game Theory, Dynamic Programming",https://www.codechef.com/problems/linear-game-theory,Apply game theory and Grundy values to find the winner.
2375,Logarithmic Persistent DS,Codeforces,Hard,"Segment Tree, Dynamic Programming",https://codeforces.com/problemset/problem/7225/F,Use a persistent data structure for historical queries.
2376,Optimal Segment Tree,LeetCode,Hard,"Segment Tree, Array",https://leetcode.com/problems/optimal-segment-tree,Use a segment tree for efficient range queries and updates.
2377,Extended BIT Update,HackerRank,Hard,"Binary Indexed Tree, Array, Math",https://www.hackerrank.com/challenges/extended-bit-update,Apply a Binary Indexed Tree for cumulative frequency queries.
2378,Variant Union Find,CodeChef,Hard,"Union Find, Graphs",https://www.codechef.com/problems/variant-union-find,Use disjoint set union to answer connectivity queries.
2379,Advanced Max Flow,Codeforces,Hard,"Graphs, Max Flow",https://codeforces.com/problemset/problem/7237/D,Model the problem as a max-flow network and solve it.
2380,Modified DP Bitmask,LeetCode,Hard,"Dynamic Programming, Bit Manipulation",https://leetcode.com/problems/modified-dp-bitmask,Use bitmask DP to explore exponential state spaces.
2381,Classic Divide Conquer,HackerRank,Hard,"Divide and Conquer, Array, Sorting",https://www.hackerrank.com/challenges/classic-divide-conquer,Split the problem recursively using divide and conquer.
2382,Two-Pass Convex Hull,CodeChef,Hard,"Geometry, Math, Sorting",https://www.codechef.com/problems/two-pass-convex-hull,Compute the convex hull of a set of 2D points.
2383,Multi-Step Suffix Array,Codeforces,Hard,"String, Suffix Array, Sorting",https://codeforces.com/problemset/problem/7249/B,Build and use a suffix array for advanced string queries.
2384,Recursive Game Theory,LeetCode,Hard,"Math, Game Theory, Dynamic Programming",https://leetcode.com/problems/recursive-game-theory,Apply game theory and Grundy values to find the winner.
2385,Iterative Persistent DS,HackerRank,Hard,"Segment Tree, Dynamic Programming",https://www.hackerrank.com/challenges/iterative-persistent-ds,Use a persistent data structure for historical queries.
2386,Efficient Segment Tree,CodeChef,Hard,"Segment Tree, Array",https://www.codechef.com/problems/efficient-segment-tree,Use a segment tree for efficient range queries and updates.
2387,Minimal BIT Update,Codeforces,Hard,"Binary Indexed Tree, Array, Math",https://codeforces.com/problemset/problem/7261/F,Apply a Binary Indexed Tree for cumulative frequency queries.
2388,Maximum Union Find,LeetCode,Hard,"Union Find, Graphs",https://leetcode.com/problems/maximum-union-find,Use disjoint set union to answer connectivity queries.
2389,Minimum Max Flow,HackerRank,Hard,"Graphs, Max Flow",https://www.hackerrank.com/challenges/minimum-max-flow,Model the problem as a max-flow network and solve it.
2390,Balanced DP Bitmask,CodeChef,Hard,"Dynamic Programming, Bit Manipulation",https://www.codechef.com/problems/balanced-dp-bitmask,Use bitmask DP to explore exponential state spaces.
2391,Sorted Divide Conquer,Codeforces,Hard,"Divide and Conquer, Array, Sorting",https://codeforces.com/problemset/problem/7273/D,Split the problem recursively using divide and conquer.
2392,Compressed Convex Hull,LeetCode,Hard,"Geometry, Math, Sorting",https://leetcode.com/problems/compressed-convex-hull,Compute the convex hull of a set of 2D points.
2393,Weighted Suffix Array,HackerRank,Hard,"String, Suffix Array, Sorting",https://www.hackerrank.com/challenges/weighted-suffix-array,Build and use a suffix array for advanced string queries.
2394,Directed Game Theory,CodeChef,Hard,"Math, Game Theory, Dynamic Programming",https://www.codechef.com/problems/directed-game-theory,Apply game theory and Grundy values to find the winner.
2395,Undirected Persistent DS,Codeforces,Hard,"Segment Tree, Dynamic Programming",https://codeforces.com/problemset/problem/7285/B,Use a persistent data structure for historical queries.
2396,Circular Segment Tree,LeetCode,Hard,"Segment Tree, Array",https://leetcode.com/problems/circular-segment-tree,Use a segment tree for efficient range queries and updates.
2397,Diagonal BIT Update,HackerRank,Hard,"Binary Indexed Tree, Array, Math",https://www.hackerrank.com/challenges/diagonal-bit-update,Apply a Binary Indexed Tree for cumulative frequency queries.
2398,Sparse Union Find,CodeChef,Hard,"Union Find, Graphs",https://www.codechef.com/problems/sparse-union-find,Use disjoint set union to answer connectivity queries.
2399,Dense Max Flow,Codeforces,Hard,"Graphs, Max Flow",https://codeforces.com/problemset/problem/7297/F,Model the problem as a max-flow network and solve it.
2400,Binary DP Bitmask,LeetCode,Hard,"Dynamic Programming, Bit Manipulation",https://leetcode.com/problems/binary-dp-bitmask,Use bitmask DP to explore exponential state spaces.
2401,Ternary Divide Conquer,HackerRank,Hard,"Divide and Conquer, Array, Sorting",https://www.hackerrank.com/challenges/ternary-divide-conquer,Split the problem recursively using divide and conquer.
2402,Linear Convex Hull,CodeChef,Hard,"Geometry, Math, Sorting",https://www.codechef.com/problems/linear-convex-hull,Compute the convex hull of a set of 2D points.
2403,Logarithmic Suffix Array,Codeforces,Hard,"String, Suffix Array, Sorting",https://codeforces.com/problemset/problem/7309/D,Build and use a suffix array for advanced string queries.
2404,Optimal Game Theory,LeetCode,Hard,"Math, Game Theory, Dynamic Programming",https://leetcode.com/problems/optimal-game-theory,Apply game theory and Grundy values to find the winner.
2405,Extended Persistent DS,HackerRank,Hard,"Segment Tree, Dynamic Programming",https://www.hackerrank.com/challenges/extended-persistent-ds,Use a persistent data structure for historical queries.
2406,Variant Segment Tree,CodeChef,Hard,"Segment Tree, Array",https://www.codechef.com/problems/variant-segment-tree,Use a segment tree for efficient range queries and updates.
2407,Advanced BIT Update,Codeforces,Hard,"Binary Indexed Tree, Array, Math",https://codeforces.com/problemset/problem/7321/B,Apply a Binary Indexed Tree for cumulative frequency queries.
2408,Modified Union Find,LeetCode,Hard,"Union Find, Graphs",https://leetcode.com/problems/modified-union-find,Use disjoint set union to answer connectivity queries.
2409,Classic Max Flow,HackerRank,Hard,"Graphs, Max Flow",https://www.hackerrank.com/challenges/classic-max-flow,Model the problem as a max-flow network and solve it.
2410,Two-Pass DP Bitmask,CodeChef,Hard,"Dynamic Programming, Bit Manipulation",https://www.codechef.com/problems/two-pass-dp-bitmask,Use bitmask DP to explore exponential state spaces.
2411,Multi-Step Divide Conquer,Codeforces,Hard,"Divide and Conquer, Array, Sorting",https://codeforces.com/problemset/problem/7333/F,Split the problem recursively using divide and conquer.
2412,Recursive Convex Hull,LeetCode,Hard,"Geometry, Math, Sorting",https://leetcode.com/problems/recursive-convex-hull,Compute the convex hull of a set of 2D points.
2413,Iterative Suffix Array,HackerRank,Hard,"String, Suffix Array, Sorting",https://www.hackerrank.com/challenges/iterative-suffix-array,Build and use a suffix array for advanced string queries.
2414,Efficient Game Theory,CodeChef,Hard,"Math, Game Theory, Dynamic Programming",https://www.codechef.com/problems/efficient-game-theory,Apply game theory and Grundy values to find the winner.
2415,Minimal Persistent DS,Codeforces,Hard,"Segment Tree, Dynamic Programming",https://codeforces.com/problemset/problem/7345/D,Use a persistent data structure for historical queries.
2416,Maximum Segment Tree,LeetCode,Hard,"Segment Tree, Array",https://leetcode.com/problems/maximum-segment-tree,Use a segment tree for efficient range queries and updates.
2417,Minimum BIT Update,HackerRank,Hard,"Binary Indexed Tree, Array, Math",https://www.hackerrank.com/challenges/minimum-bit-update,Apply a Binary Indexed Tree for cumulative frequency queries.
2418,Balanced Union Find,CodeChef,Hard,"Union Find, Graphs",https://www.codechef.com/problems/balanced-union-find,Use disjoint set union to answer connectivity queries.
2419,Sorted Max Flow,Codeforces,Hard,"Graphs, Max Flow",https://codeforces.com/problemset/problem/7357/B,Model the problem as a max-flow network and solve it.
2420,Compressed DP Bitmask,LeetCode,Hard,"Dynamic Programming, Bit Manipulation",https://leetcode.com/problems/compressed-dp-bitmask,Use bitmask DP to explore exponential state spaces.
2421,Weighted Divide Conquer,HackerRank,Hard,"Divide and Conquer, Array, Sorting",https://www.hackerrank.com/challenges/weighted-divide-conquer,Split the problem recursively using divide and conquer.
2422,Directed Convex Hull,CodeChef,Hard,"Geometry, Math, Sorting",https://www.codechef.com/problems/directed-convex-hull,Compute the convex hull of a set of 2D points.
2423,Undirected Suffix Array,Codeforces,Hard,"String, Suffix Array, Sorting",https://codeforces.com/problemset/problem/7369/F,Build and use a suffix array for advanced string queries.
2424,Circular Game Theory,LeetCode,Hard,"Math, Game Theory, Dynamic Programming",https://leetcode.com/problems/circular-game-theory,Apply game theory and Grundy values to find the winner.
2425,Diagonal Persistent DS,HackerRank,Hard,"Segment Tree, Dynamic Programming",https://www.hackerrank.com/challenges/diagonal-persistent-ds,Use a persistent data structure for historical queries.
2426,Sparse Segment Tree,CodeChef,Hard,"Segment Tree, Array",https://www.codechef.com/problems/sparse-segment-tree,Use a segment tree for efficient range queries and updates.
2427,Dense BIT Update,Codeforces,Hard,"Binary Indexed Tree, Array, Math",https://codeforces.com/problemset/problem/7381/D,Apply a Binary Indexed Tree for cumulative frequency queries.
2428,Binary Union Find,LeetCode,Hard,"Union Find, Graphs",https://leetcode.com/problems/binary-union-find,Use disjoint set union to answer connectivity queries.
2429,Ternary Max Flow,HackerRank,Hard,"Graphs, Max Flow",https://www.hackerrank.com/challenges/ternary-max-flow,Model the problem as a max-flow network and solve it.
2430,Linear DP Bitmask,CodeChef,Hard,"Dynamic Programming, Bit Manipulation",https://www.codechef.com/problems/linear-dp-bitmask,Use bitmask DP to explore exponential state spaces.
2431,Logarithmic Divide Conquer,Codeforces,Hard,"Divide and Conquer, Array, Sorting",https://codeforces.com/problemset/problem/7393/B,Split the problem recursively using divide and conquer.
2432,Optimal Convex Hull,LeetCode,Hard,"Geometry, Math, Sorting",https://leetcode.com/problems/optimal-convex-hull,Compute the convex hull of a set of 2D points.
2433,Extended Suffix Array,HackerRank,Hard,"String, Suffix Array, Sorting",https://www.hackerrank.com/challenges/extended-suffix-array,Build and use a suffix array for advanced string queries.
2434,Variant Game Theory,CodeChef,Hard,"Math, Game Theory, Dynamic Programming",https://www.codechef.com/problems/variant-game-theory,Apply game theory and Grundy values to find the winner.
2435,Advanced Persistent DS,Codeforces,Hard,"Segment Tree, Dynamic Programming",https://codeforces.com/problemset/problem/7405/F,Use a persistent data structure for historical queries.
2436,Modified Segment Tree,LeetCode,Hard,"Segment Tree, Array",https://leetcode.com/problems/modified-segment-tree,Use a segment tree for efficient range queries and updates.
2437,Classic BIT Update,HackerRank,Hard,"Binary Indexed Tree, Array, Math",https://www.hackerrank.com/challenges/classic-bit-update,Apply a Binary Indexed Tree for cumulative frequency queries.
2438,Two-Pass Union Find,CodeChef,Hard,"Union Find, Graphs",https://www.codechef.com/problems/two-pass-union-find,Use disjoint set union to answer connectivity queries.
2439,Multi-Step Max Flow,Codeforces,Hard,"Graphs, Max Flow",https://codeforces.com/problemset/problem/7417/D,Model the problem as a max-flow network and solve it.
2440,Recursive DP Bitmask,LeetCode,Hard,"Dynamic Programming, Bit Manipulation",https://leetcode.com/problems/recursive-dp-bitmask,Use bitmask DP to explore exponential state spaces.
2441,Iterative Divide Conquer,HackerRank,Hard,"Divide and Conquer, Array, Sorting",https://www.hackerrank.com/challenges/iterative-divide-conquer,Split the problem recursively using divide and conquer.
2442,Efficient Convex Hull,CodeChef,Hard,"Geometry, Math, Sorting",https://www.codechef.com/problems/efficient-convex-hull,Compute the convex hull of a set of 2D points.
2443,Minimal Suffix Array,Codeforces,Hard,"String, Suffix Array, Sorting",https://codeforces.com/problemset/problem/7429/B,Build and use a suffix array for advanced string queries.
2444,Maximum Game Theory,LeetCode,Hard,"Math, Game Theory, Dynamic Programming",https://leetcode.com/problems/maximum-game-theory,Apply game theory and Grundy values to find the winner.
2445,Minimum Persistent DS,HackerRank,Hard,"Segment Tree, Dynamic Programming",https://www.hackerrank.com/challenges/minimum-persistent-ds,Use a persistent data structure for historical queries.
2446,Balanced Segment Tree,CodeChef,Hard,"Segment Tree, Array",https://www.codechef.com/problems/balanced-segment-tree,Use a segment tree for efficient range queries and updates.
2447,Sorted BIT Update,Codeforces,Hard,"Binary Indexed Tree, Array, Math",https://codeforces.com/problemset/problem/7441/F,Apply a Binary Indexed Tree for cumulative frequency queries.
2448,Compressed Union Find,LeetCode,Hard,"Union Find, Graphs",https://leetcode.com/problems/compressed-union-find,Use disjoint set union to answer connectivity queries.
2449,Weighted Max Flow,HackerRank,Hard,"Graphs, Max Flow",https://www.hackerrank.com/challenges/weighted-max-flow,Model the problem as a max-flow network and solve it.
2450,Directed DP Bitmask,CodeChef,Hard,"Dynamic Programming, Bit Manipulation",https://www.codechef.com/problems/directed-dp-bitmask,Use bitmask DP to explore exponential state spaces.
2451,Undirected Divide Conquer,Codeforces,Hard,"Divide and Conquer, Array, Sorting",https://codeforces.com/problemset/problem/7453/D,Split the problem recursively using divide and conquer.
2452,Circular Convex Hull,LeetCode,Hard,"Geometry, Math, Sorting",https://leetcode.com/problems/circular-convex-hull,Compute the convex hull of a set of 2D points.
2453,Diagonal Suffix Array,HackerRank,Hard,"String, Suffix Array, Sorting",https://www.hackerrank.com/challenges/diagonal-suffix-array,Build and use a suffix array for advanced string queries.
2454,Sparse Game Theory,CodeChef,Hard,"Math, Game Theory, Dynamic Programming",https://www.codechef.com/problems/sparse-game-theory,Apply game theory and Grundy values to find the winner.
2455,Dense Persistent DS,Codeforces,Hard,"Segment Tree, Dynamic Programming",https://codeforces.com/problemset/problem/7465/B,Use a persistent data structure for historical queries.
2456,Binary Segment Tree,LeetCode,Hard,"Segment Tree, Array",https://leetcode.com/problems/binary-segment-tree,Use a segment tree for efficient range queries and updates.
2457,Ternary BIT Update,HackerRank,Hard,"Binary Indexed Tree, Array, Math",https://www.hackerrank.com/challenges/ternary-bit-update,Apply a Binary Indexed Tree for cumulative frequency queries.
2458,Linear Union Find,CodeChef,Hard,"Union Find, Graphs",https://www.codechef.com/problems/linear-union-find,Use disjoint set union to answer connectivity queries.
2459,Logarithmic Max Flow,Codeforces,Hard,"Graphs, Max Flow",https://codeforces.com/problemset/problem/7477/F,Model the problem as a max-flow network and solve it.
2460,Optimal DP Bitmask,LeetCode,Hard,"Dynamic Programming, Bit Manipulation",https://leetcode.com/problems/optimal-dp-bitmask,Use bitmask DP to explore exponential state spaces.
2461,Extended Divide Conquer,HackerRank,Hard,"Divide and Conquer, Array, Sorting",https://www.hackerrank.com/challenges/extended-divide-conquer,Split the problem recursively using divide and conquer.
2462,Variant Convex Hull,CodeChef,Hard,"Geometry, Math, Sorting",https://www.codechef.com/problems/variant-convex-hull,Compute the convex hull of a set of 2D points.
2463,Advanced Suffix Array,Codeforces,Hard,"String, Suffix Array, Sorting",https://codeforces.com/problemset/problem/7489/D,Build and use a suffix array for advanced string queries.
2464,Modified Game Theory,LeetCode,Hard,"Math, Game Theory, Dynamic Programming",https://leetcode.com/problems/modified-game-theory,Apply game theory and Grundy values to find the winner.
2465,Classic Persistent DS,HackerRank,Hard,"Segment Tree, Dynamic Programming",https://www.hackerrank.com/challenges/classic-persistent-ds,Use a persistent data structure for historical queries.
2466,Two-Pass Segment Tree,CodeChef,Hard,"Segment Tree, Array",https://www.codechef.com/problems/two-pass-segment-tree,Use a segment tree for efficient range queries and updates.
2467,Multi-Step BIT Update,Codeforces,Hard,"Binary Indexed Tree, Array, Math",https://codeforces.com/problemset/problem/7501/B,Apply a Binary Indexed Tree for cumulative frequency queries.
2468,Recursive Union Find,LeetCode,Hard,"Union Find, Graphs",https://leetcode.com/problems/recursive-union-find,Use disjoint set union to answer connectivity queries.
2469,Iterative Max Flow,HackerRank,Hard,"Graphs, Max Flow",https://www.hackerrank.com/challenges/iterative-max-flow,Model the problem as a max-flow network and solve it.
2470,Efficient DP Bitmask,CodeChef,Hard,"Dynamic Programming, Bit Manipulation",https://www.codechef.com/problems/efficient-dp-bitmask,Use bitmask DP to explore exponential state spaces.
2471,Minimal Divide Conquer,Codeforces,Hard,"Divide and Conquer, Array, Sorting",https://codeforces.com/problemset/problem/7513/F,Split the problem recursively using divide and conquer.
2472,Maximum Convex Hull,LeetCode,Hard,"Geometry, Math, Sorting",https://leetcode.com/problems/maximum-convex-hull,Compute the convex hull of a set of 2D points.
2473,Minimum Suffix Array,HackerRank,Hard,"String, Suffix Array, Sorting",https://www.hackerrank.com/challenges/minimum-suffix-array,Build and use a suffix array for advanced string queries.
2474,Balanced Game Theory,CodeChef,Hard,"Math, Game Theory, Dynamic Programming",https://www.codechef.com/problems/balanced-game-theory,Apply game theory and Grundy values to find the winner.
2475,Sorted Persistent DS,Codeforces,Hard,"Segment Tree, Dynamic Programming",https://codeforces.com/problemset/problem/7525/D,Use a persistent data structure for historical queries.
2476,Compressed Segment Tree,LeetCode,Hard,"Segment Tree, Array",https://leetcode.com/problems/compressed-segment-tree,Use a segment tree for efficient range queries and updates.
2477,Weighted BIT Update,HackerRank,Hard,"Binary Indexed Tree, Array, Math",https://www.hackerrank.com/challenges/weighted-bit-update,Apply a Binary Indexed Tree for cumulative frequency queries.
2478,Directed Union Find,CodeChef,Hard,"Union Find, Graphs",https://www.codechef.com/problems/directed-union-find,Use disjoint set union to answer connectivity queries.
2479,Undirected Max Flow,Codeforces,Hard,"Graphs, Max Flow",https://codeforces.com/problemset/problem/7537/B,Model the problem as a max-flow network and solve it.
2480,Circular DP Bitmask,LeetCode,Hard,"Dynamic Programming, Bit Manipulation",https://leetcode.com/problems/circular-dp-bitmask,Use bitmask DP to explore exponential state spaces.
2481,Diagonal Divide Conquer,HackerRank,Hard,"Divide and Conquer, Array, Sorting",https://www.hackerrank.com/challenges/diagonal-divide-conquer,Split the problem recursively using divide and conquer.
2482,Sparse Convex Hull,CodeChef,Hard,"Geometry, Math, Sorting",https://www.codechef.com/problems/sparse-convex-hull,Compute the convex hull of a set of 2D points.
2483,Dense Suffix Array,Codeforces,Hard,"String, Suffix Array, Sorting",https://codeforces.com/problemset/problem/7549/F,Build and use a suffix array for advanced string queries.
2484,Binary Game Theory,LeetCode,Hard,"Math, Game Theory, Dynamic Programming",https://leetcode.com/problems/binary-game-theory,Apply game theory and Grundy values to find the winner.
2485,Ternary Persistent DS,HackerRank,Hard,"Segment Tree, Dynamic Programming",https://www.hackerrank.com/challenges/ternary-persistent-ds,Use a persistent data structure for historical queries.
2486,Linear Segment Tree,CodeChef,Hard,"Segment Tree, Array",https://www.codechef.com/problems/linear-segment-tree,Use a segment tree for efficient range queries and updates.
2487,Logarithmic BIT Update,Codeforces,Hard,"Binary Indexed Tree, Array, Math",https://codeforces.com/problemset/problem/7561/D,Apply a Binary Indexed Tree for cumulative frequency queries.
2488,Optimal Union Find,LeetCode,Hard,"Union Find, Graphs",https://leetcode.com/problems/optimal-union-find,Use disjoint set union to answer connectivity queries.
2489,Extended Max Flow,HackerRank,Hard,"Graphs, Max Flow",https://www.hackerrank.com/challenges/extended-max-flow,Model the problem as a max-flow network and solve it.
2490,Variant DP Bitmask,CodeChef,Hard,"Dynamic Programming, Bit Manipulation",https://www.codechef.com/problems/variant-dp-bitmask,Use bitmask DP to explore exponential state spaces.
2491,Advanced Divide Conquer,Codeforces,Hard,"Divide and Conquer, Array, Sorting",https://codeforces.com/problemset/problem/7573/B,Split the problem recursively using divide and conquer.
2492,Modified Convex Hull,LeetCode,Hard,"Geometry, Math, Sorting",https://leetcode.com/problems/modified-convex-hull,Compute the convex hull of a set of 2D points.
2493,Classic Suffix Array,HackerRank,Hard,"String, Suffix Array, Sorting",https://www.hackerrank.com/challenges/classic-suffix-array,Build and use a suffix array for advanced string queries.
2494,Two-Pass Game Theory,CodeChef,Hard,"Math, Game Theory, Dynamic Programming",https://www.codechef.com/problems/two-pass-game-theory,Apply game theory and Grundy values to find the winner.
2495,Multi-Step Persistent DS,Codeforces,Hard,"Segment Tree, Dynamic Programming",https://codeforces.com/problemset/problem/7585/F,Use a persistent data structure for historical queries.
2496,Recursive Segment Tree,LeetCode,Hard,"Segment Tree, Array",https://leetcode.com/problems/recursive-segment-tree,Use a segment tree for efficient range queries and updates.
2497,Iterative BIT Update,HackerRank,Hard,"Binary Indexed Tree, Array, Math",https://www.hackerrank.com/challenges/iterative-bit-update,Apply a Binary Indexed Tree for cumulative frequency queries.
2498,Efficient Union Find,CodeChef,Hard,"Union Find, Graphs",https://www.codechef.com/problems/efficient-union-find,Use disjoint set union to answer connectivity queries.
2499,Minimal Max Flow,Codeforces,Hard,"Graphs, Max Flow",https://codeforces.com/problemset/problem/7597/D,Model the problem as a max-flow network and solve it.
2500,Maximum DP Bitmask,LeetCode,Hard,"Dynamic Programming, Bit Manipulation",https://leetcode.com/problems/maximum-dp-bitmask,Use bitmask DP to explore exponential state spaces.
2501,Minimum Divide Conquer,HackerRank,Hard,"Divide and Conquer, Array, Sorting",https://www.hackerrank.com/challenges/minimum-divide-conquer,Split the problem recursively using divide and conquer.
2502,Balanced Convex Hull,CodeChef,Hard,"Geometry, Math, Sorting",https://www.codechef.com/problems/balanced-convex-hull,Compute the convex hull of a set of 2D points.
2503,Sorted Suffix Array,Codeforces,Hard,"String, Suffix Array, Sorting",https://codeforces.com/problemset/problem/7609/B,Build and use a suffix array for advanced string queries.
2504,Compressed Game Theory,LeetCode,Hard,"Math, Game Theory, Dynamic Programming",https://leetcode.com/problems/compressed-game-theory,Apply game theory and Grundy values to find the winner.
2505,Weighted Persistent DS,HackerRank,Hard,"Segment Tree, Dynamic Programming",https://www.hackerrank.com/challenges/weighted-persistent-ds,Use a persistent data structure for historical queries.
2506,Directed Segment Tree,CodeChef,Hard,"Segment Tree, Array",https://www.codechef.com/problems/directed-segment-tree,Use a segment tree for efficient range queries and updates.
2507,Undirected BIT Update,Codeforces,Hard,"Binary Indexed Tree, Array, Math",https://codeforces.com/problemset/problem/7621/F,Apply a Binary Indexed Tree for cumulative frequency queries.
2508,Circular Union Find,LeetCode,Hard,"Union Find, Graphs",https://leetcode.com/problems/circular-union-find,Use disjoint set union to answer connectivity queries.
2509,Diagonal Max Flow,HackerRank,Hard,"Graphs, Max Flow",https://www.hackerrank.com/challenges/diagonal-max-flow,Model the problem as a max-flow network and solve it.
2510,Sparse DP Bitmask,CodeChef,Hard,"Dynamic Programming, Bit Manipulation",https://www.codechef.com/problems/sparse-dp-bitmask,Use bitmask DP to explore exponential state spaces.
2511,Dense Divide Conquer,Codeforces,Hard,"Divide and Conquer, Array, Sorting",https://codeforces.com/problemset/problem/7633/D,Split the problem recursively using divide and conquer.
2512,Binary Convex Hull,LeetCode,Hard,"Geometry, Math, Sorting",https://leetcode.com/problems/binary-convex-hull,Compute the convex hull of a set of 2D points.
2513,Ternary Suffix Array,HackerRank,Hard,"String, Suffix Array, Sorting",https://www.hackerrank.com/challenges/ternary-suffix-array,Build and use a suffix array for advanced string queries.
2514,Linear Game Theory,CodeChef,Hard,"Math, Game Theory, Dynamic Programming",https://www.codechef.com/problems/linear-game-theory,Apply game theory and Grundy values to find the winner.
2515,Logarithmic Persistent DS,Codeforces,Hard,"Segment Tree, Dynamic Programming",https://codeforces.com/problemset/problem/7645/B,Use a persistent data structure for historical queries.
2516,Optimal Segment Tree,LeetCode,Hard,"Segment Tree, Array",https://leetcode.com/problems/optimal-segment-tree,Use a segment tree for efficient range queries and updates.
2517,Extended BIT Update,HackerRank,Hard,"Binary Indexed Tree, Array, Math",https://www.hackerrank.com/challenges/extended-bit-update,Apply a Binary Indexed Tree for cumulative frequency queries.
2518,Variant Union Find,CodeChef,Hard,"Union Find, Graphs",https://www.codechef.com/problems/variant-union-find,Use disjoint set union to answer connectivity queries.
2519,Advanced Max Flow,Codeforces,Hard,"Graphs, Max Flow",https://codeforces.com/problemset/problem/7657/F,Model the problem as a max-flow network and solve it.
2520,Modified DP Bitmask,LeetCode,Hard,"Dynamic Programming, Bit Manipulation",https://leetcode.com/problems/modified-dp-bitmask,Use bitmask DP to explore exponential state spaces.
2521,Classic Divide Conquer,HackerRank,Hard,"Divide and Conquer, Array, Sorting",https://www.hackerrank.com/challenges/classic-divide-conquer,Split the problem recursively using divide and conquer.
2522,Two-Pass Convex Hull,CodeChef,Hard,"Geometry, Math, Sorting",https://www.codechef.com/problems/two-pass-convex-hull,Compute the convex hull of a set of 2D points.
2523,Multi-Step Suffix Array,Codeforces,Hard,"String, Suffix Array, Sorting",https://codeforces.com/problemset/problem/7669/D,Build and use a suffix array for advanced string queries.
2524,Recursive Game Theory,LeetCode,Hard,"Math, Game Theory, Dynamic Programming",https://leetcode.com/problems/recursive-game-theory,Apply game theory and Grundy values to find the winner.
2525,Iterative Persistent DS,HackerRank,Hard,"Segment Tree, Dynamic Programming",https://www.hackerrank.com/challenges/iterative-persistent-ds,Use a persistent data structure for historical queries.
2526,Efficient Segment Tree,CodeChef,Hard,"Segment Tree, Array",https://www.codechef.com/problems/efficient-segment-tree,Use a segment tree for efficient range queries and updates.
2527,Minimal BIT Update,Codeforces,Hard,"Binary Indexed Tree, Array, Math",https://codeforces.com/problemset/problem/7681/B,Apply a Binary Indexed Tree for cumulative frequency queries.
2528,Maximum Union Find,LeetCode,Hard,"Union Find, Graphs",https://leetcode.com/problems/maximum-union-find,Use disjoint set union to answer connectivity queries.
2529,Minimum Max Flow,HackerRank,Hard,"Graphs, Max Flow",https://www.hackerrank.com/challenges/minimum-max-flow,Model the problem as a max-flow network and solve it.
2530,Balanced DP Bitmask,CodeChef,Hard,"Dynamic Programming, Bit Manipulation",https://www.codechef.com/problems/balanced-dp-bitmask,Use bitmask DP to explore exponential state spaces.
2531,Sorted Divide Conquer,Codeforces,Hard,"Divide and Conquer, Array, Sorting",https://codeforces.com/problemset/problem/7693/F,Split the problem recursively using divide and conquer.
2532,Compressed Convex Hull,LeetCode,Hard,"Geometry, Math, Sorting",https://leetcode.com/problems/compressed-convex-hull,Compute the convex hull of a set of 2D points.
2533,Weighted Suffix Array,HackerRank,Hard,"String, Suffix Array, Sorting",https://www.hackerrank.com/challenges/weighted-suffix-array,Build and use a suffix array for advanced string queries.
2534,Directed Game Theory,CodeChef,Hard,"Math, Game Theory, Dynamic Programming",https://www.codechef.com/problems/directed-game-theory,Apply game theory and Grundy values to find the winner.
2535,Undirected Persistent DS,Codeforces,Hard,"Segment Tree, Dynamic Programming",https://codeforces.com/problemset/problem/7705/D,Use a persistent data structure for historical queries.
2536,Circular Segment Tree,LeetCode,Hard,"Segment Tree, Array",https://leetcode.com/problems/circular-segment-tree,Use a segment tree for efficient range queries and updates.
2537,Diagonal BIT Update,HackerRank,Hard,"Binary Indexed Tree, Array, Math",https://www.hackerrank.com/challenges/diagonal-bit-update,Apply a Binary Indexed Tree for cumulative frequency queries.
2538,Sparse Union Find,CodeChef,Hard,"Union Find, Graphs",https://www.codechef.com/problems/sparse-union-find,Use disjoint set union to answer connectivity queries.
2539,Dense Max Flow,Codeforces,Hard,"Graphs, Max Flow",https://codeforces.com/problemset/problem/7717/B,Model the problem as a max-flow network and solve it.
2540,Binary DP Bitmask,LeetCode,Hard,"Dynamic Programming, Bit Manipulation",https://leetcode.com/problems/binary-dp-bitmask,Use bitmask DP to explore exponential state spaces.
2541,Ternary Divide Conquer,HackerRank,Hard,"Divide and Conquer, Array, Sorting",https://www.hackerrank.com/challenges/ternary-divide-conquer,Split the problem recursively using divide and conquer.
2542,Linear Convex Hull,CodeChef,Hard,"Geometry, Math, Sorting",https://www.codechef.com/problems/linear-convex-hull,Compute the convex hull of a set of 2D points.
2543,Logarithmic Suffix Array,Codeforces,Hard,"String, Suffix Array, Sorting",https://codeforces.com/problemset/problem/7729/F,Build and use a suffix array for advanced string queries.
2544,Optimal Game Theory,LeetCode,Hard,"Math, Game Theory, Dynamic Programming",https://leetcode.com/problems/optimal-game-theory,Apply game theory and Grundy values to find the winner.
2545,Extended Persistent DS,HackerRank,Hard,"Segment Tree, Dynamic Programming",https://www.hackerrank.com/challenges/extended-persistent-ds,Use a persistent data structure for historical queries.
2546,Variant Segment Tree,CodeChef,Hard,"Segment Tree, Array",https://www.codechef.com/problems/variant-segment-tree,Use a segment tree for efficient range queries and updates.
2547,Advanced BIT Update,Codeforces,Hard,"Binary Indexed Tree, Array, Math",https://codeforces.com/problemset/problem/7741/D,Apply a Binary Indexed Tree for cumulative frequency queries.
2548,Modified Union Find,LeetCode,Hard,"Union Find, Graphs",https://leetcode.com/problems/modified-union-find,Use disjoint set union to answer connectivity queries.
2549,Classic Max Flow,HackerRank,Hard,"Graphs, Max Flow",https://www.hackerrank.com/challenges/classic-max-flow,Model the problem as a max-flow network and solve it.
2550,Two-Pass DP Bitmask,CodeChef,Hard,"Dynamic Programming, Bit Manipulation",https://www.codechef.com/problems/two-pass-dp-bitmask,Use bitmask DP to explore exponential state spaces.
2551,Multi-Step Divide Conquer,Codeforces,Hard,"Divide and Conquer, Array, Sorting",https://codeforces.com/problemset/problem/7753/B,Split the problem recursively using divide and conquer.
2552,Recursive Convex Hull,LeetCode,Hard,"Geometry, Math, Sorting",https://leetcode.com/problems/recursive-convex-hull,Compute the convex hull of a set of 2D points.
2553,Iterative Suffix Array,HackerRank,Hard,"String, Suffix Array, Sorting",https://www.hackerrank.com/challenges/iterative-suffix-array,Build and use a suffix array for advanced string queries.
2554,Efficient Game Theory,CodeChef,Hard,"Math, Game Theory, Dynamic Programming",https://www.codechef.com/problems/efficient-game-theory,Apply game theory and Grundy values to find the winner.
2555,Minimal Persistent DS,Codeforces,Hard,"Segment Tree, Dynamic Programming",https://codeforces.com/problemset/problem/7765/F,Use a persistent data structure for historical queries.
2556,Maximum Segment Tree,LeetCode,Hard,"Segment Tree, Array",https://leetcode.com/problems/maximum-segment-tree,Use a segment tree for efficient range queries and updates.
2557,Minimum BIT Update,HackerRank,Hard,"Binary Indexed Tree, Array, Math",https://www.hackerrank.com/challenges/minimum-bit-update,Apply a Binary Indexed Tree for cumulative frequency queries.
2558,Balanced Union Find,CodeChef,Hard,"Union Find, Graphs",https://www.codechef.com/problems/balanced-union-find,Use disjoint set union to answer connectivity queries.
2559,Sorted Max Flow,Codeforces,Hard,"Graphs, Max Flow",https://codeforces.com/problemset/problem/7777/D,Model the problem as a max-flow network and solve it.
2560,Compressed DP Bitmask,LeetCode,Hard,"Dynamic Programming, Bit Manipulation",https://leetcode.com/problems/compressed-dp-bitmask,Use bitmask DP to explore exponential state spaces.
2561,Weighted Divide Conquer,HackerRank,Hard,"Divide and Conquer, Array, Sorting",https://www.hackerrank.com/challenges/weighted-divide-conquer,Split the problem recursively using divide and conquer.
2562,Directed Convex Hull,CodeChef,Hard,"Geometry, Math, Sorting",https://www.codechef.com/problems/directed-convex-hull,Compute the convex hull of a set of 2D points.
2563,Undirected Suffix Array,Codeforces,Hard,"String, Suffix Array, Sorting",https://codeforces.com/problemset/problem/7789/B,Build and use a suffix array for advanced string queries.
2564,Circular Game Theory,LeetCode,Hard,"Math, Game Theory, Dynamic Programming",https://leetcode.com/problems/circular-game-theory,Apply game theory and Grundy values to find the winner.
2565,Diagonal Persistent DS,HackerRank,Hard,"Segment Tree, Dynamic Programming",https://www.hackerrank.com/challenges/diagonal-persistent-ds,Use a persistent data structure for historical queries.
2566,Sparse Segment Tree,CodeChef,Hard,"Segment Tree, Array",https://www.codechef.com/problems/sparse-segment-tree,Use a segment tree for efficient range queries and updates.
2567,Dense BIT Update,Codeforces,Hard,"Binary Indexed Tree, Array, Math",https://codeforces.com/problemset/problem/7801/F,Apply a Binary Indexed Tree for cumulative frequency queries.
2568,Binary Union Find,LeetCode,Hard,"Union Find, Graphs",https://leetcode.com/problems/binary-union-find,Use disjoint set union to answer connectivity queries.
2569,Ternary Max Flow,HackerRank,Hard,"Graphs, Max Flow",https://www.hackerrank.com/challenges/ternary-max-flow,Model the problem as a max-flow network and solve it.
2570,Linear DP Bitmask,CodeChef,Hard,"Dynamic Programming, Bit Manipulation",https://www.codechef.com/problems/linear-dp-bitmask,Use bitmask DP to explore exponential state spaces.
2571,Logarithmic Divide Conquer,Codeforces,Hard,"Divide and Conquer, Array, Sorting",https://codeforces.com/problemset/problem/7813/D,Split the problem recursively using divide and conquer.
2572,Optimal Convex Hull,LeetCode,Hard,"Geometry, Math, Sorting",https://leetcode.com/problems/optimal-convex-hull,Compute the convex hull of a set of 2D points.
2573,Extended Suffix Array,HackerRank,Hard,"String, Suffix Array, Sorting",https://www.hackerrank.com/challenges/extended-suffix-array,Build and use a suffix array for advanced string queries.
2574,Variant Game Theory,CodeChef,Hard,"Math, Game Theory, Dynamic Programming",https://www.codechef.com/problems/variant-game-theory,Apply game theory and Grundy values to find the winner.
2575,Advanced Persistent DS,Codeforces,Hard,"Segment Tree, Dynamic Programming",https://codeforces.com/problemset/problem/7825/B,Use a persistent data structure for historical queries.
2576,Modified Segment Tree,LeetCode,Hard,"Segment Tree, Array",https://leetcode.com/problems/modified-segment-tree,Use a segment tree for efficient range queries and updates.
2577,Classic BIT Update,HackerRank,Hard,"Binary Indexed Tree, Array, Math",https://www.hackerrank.com/challenges/classic-bit-update,Apply a Binary Indexed Tree for cumulative frequency queries.
2578,Two-Pass Union Find,CodeChef,Hard,"Union Find, Graphs",https://www.codechef.com/problems/two-pass-union-find,Use disjoint set union to answer connectivity queries.
2579,Multi-Step Max Flow,Codeforces,Hard,"Graphs, Max Flow",https://codeforces.com/problemset/problem/7837/F,Model the problem as a max-flow network and solve it.
2580,Recursive DP Bitmask,LeetCode,Hard,"Dynamic Programming, Bit Manipulation",https://leetcode.com/problems/recursive-dp-bitmask,Use bitmask DP to explore exponential state spaces.
2581,Iterative Divide Conquer,HackerRank,Hard,"Divide and Conquer, Array, Sorting",https://www.hackerrank.com/challenges/iterative-divide-conquer,Split the problem recursively using divide and conquer.
2582,Efficient Convex Hull,CodeChef,Hard,"Geometry, Math, Sorting",https://www.codechef.com/problems/efficient-convex-hull,Compute the convex hull of a set of 2D points.
2583,Minimal Suffix Array,Codeforces,Hard,"String, Suffix Array, Sorting",https://codeforces.com/problemset/problem/7849/D,Build and use a suffix array for advanced string queries.
2584,Maximum Game Theory,LeetCode,Hard,"Math, Game Theory, Dynamic Programming",https://leetcode.com/problems/maximum-game-theory,Apply game theory and Grundy values to find the winner.
2585,Minimum Persistent DS,HackerRank,Hard,"Segment Tree, Dynamic Programming",https://www.hackerrank.com/challenges/minimum-persistent-ds,Use a persistent data structure for historical queries.
2586,Balanced Segment Tree,CodeChef,Hard,"Segment Tree, Array",https://www.codechef.com/problems/balanced-segment-tree,Use a segment tree for efficient range queries and updates.
2587,Sorted BIT Update,Codeforces,Hard,"Binary Indexed Tree, Array, Math",https://codeforces.com/problemset/problem/7861/B,Apply a Binary Indexed Tree for cumulative frequency queries.
2588,Compressed Union Find,LeetCode,Hard,"Union Find, Graphs",https://leetcode.com/problems/compressed-union-find,Use disjoint set union to answer connectivity queries.
2589,Weighted Max Flow,HackerRank,Hard,"Graphs, Max Flow",https://www.hackerrank.com/challenges/weighted-max-flow,Model the problem as a max-flow network and solve it.
2590,Directed DP Bitmask,CodeChef,Hard,"Dynamic Programming, Bit Manipulation",https://www.codechef.com/problems/directed-dp-bitmask,Use bitmask DP to explore exponential state spaces.
2591,Undirected Divide Conquer,Codeforces,Hard,"Divide and Conquer, Array, Sorting",https://codeforces.com/problemset/problem/7873/F,Split the problem recursively using divide and conquer.
2592,Circular Convex Hull,LeetCode,Hard,"Geometry, Math, Sorting",https://leetcode.com/problems/circular-convex-hull,Compute the convex hull of a set of 2D points.
2593,Diagonal Suffix Array,HackerRank,Hard,"String, Suffix Array, Sorting",https://www.hackerrank.com/challenges/diagonal-suffix-array,Build and use a suffix array for advanced string queries.
2594,Sparse Game Theory,CodeChef,Hard,"Math, Game Theory, Dynamic Programming",https://www.codechef.com/problems/sparse-game-theory,Apply game theory and Grundy values to find the winner.
2595,Dense Persistent DS,Codeforces,Hard,"Segment Tree, Dynamic Programming",https://codeforces.com/problemset/problem/7885/D,Use a persistent data structure for historical queries.
2596,Binary Segment Tree,LeetCode,Hard,"Segment Tree, Array",https://leetcode.com/problems/binary-segment-tree,Use a segment tree for efficient range queries and updates.
2597,Ternary BIT Update,HackerRank,Hard,"Binary Indexed Tree, Array, Math",https://www.hackerrank.com/challenges/ternary-bit-update,Apply a Binary Indexed Tree for cumulative frequency queries.
2598,Linear Union Find,CodeChef,Hard,"Union Find, Graphs",https://www.codechef.com/problems/linear-union-find,Use disjoint set union to answer connectivity queries.
2599,Logarithmic Max Flow,Codeforces,Hard,"Graphs, Max Flow",https://codeforces.com/problemset/problem/7897/B,Model the problem as a max-flow network and solve it.
2600,Optimal DP Bitmask,LeetCode,Hard,"Dynamic Programming, Bit Manipulation",https://leetcode.com/problems/optimal-dp-bitmask,Use bitmask DP to explore exponential state spaces.
2601,Extended Divide Conquer,HackerRank,Hard,"Divide and Conquer, Array, Sorting",https://www.hackerrank.com/challenges/extended-divide-conquer,Split the problem recursively using divide and conquer.
2602,Variant Convex Hull,CodeChef,Hard,"Geometry, Math, Sorting",https://www.codechef.com/problems/variant-convex-hull,Compute the convex hull of a set of 2D points.
2603,Advanced Suffix Array,Codeforces,Hard,"String, Suffix Array, Sorting",https://codeforces.com/problemset/problem/7909/F,Build and use a suffix array for advanced string queries.
2604,Modified Game Theory,LeetCode,Hard,"Math, Game Theory, Dynamic Programming",https://leetcode.com/problems/modified-game-theory,Apply game theory and Grundy values to find the winner.
2605,Classic Persistent DS,HackerRank,Hard,"Segment Tree, Dynamic Programming",https://www.hackerrank.com/challenges/classic-persistent-ds,Use a persistent data structure for historical queries.
2606,Two-Pass Segment Tree,CodeChef,Hard,"Segment Tree, Array",https://www.codechef.com/problems/two-pass-segment-tree,Use a segment tree for efficient range queries and updates.
2607,Multi-Step BIT Update,Codeforces,Hard,"Binary Indexed Tree, Array, Math",https://codeforces.com/problemset/problem/7921/D,Apply a Binary Indexed Tree for cumulative frequency queries.
2608,Recursive Union Find,LeetCode,Hard,"Union Find, Graphs",https://leetcode.com/problems/recursive-union-find,Use disjoint set union to answer connectivity queries.
2609,Iterative Max Flow,HackerRank,Hard,"Graphs, Max Flow",https://www.hackerrank.com/challenges/iterative-max-flow,Model the problem as a max-flow network and solve it.
2610,Efficient DP Bitmask,CodeChef,Hard,"Dynamic Programming, Bit Manipulation",https://www.codechef.com/problems/efficient-dp-bitmask,Use bitmask DP to explore exponential state spaces.
2611,Minimal Divide Conquer,Codeforces,Hard,"Divide and Conquer, Array, Sorting",https://codeforces.com/problemset/problem/7933/B,Split the problem recursively using divide and conquer.
2612,Maximum Convex Hull,LeetCode,Hard,"Geometry, Math, Sorting",https://leetcode.com/problems/maximum-convex-hull,Compute the convex hull of a set of 2D points.
2613,Minimum Suffix Array,HackerRank,Hard,"String, Suffix Array, Sorting",https://www.hackerrank.com/challenges/minimum-suffix-array,Build and use a suffix array for advanced string queries.
2614,Balanced Game Theory,CodeChef,Hard,"Math, Game Theory, Dynamic Programming",https://www.codechef.com/problems/balanced-game-theory,Apply game theory and Grundy values to find the winner.
2615,Sorted Persistent DS,Codeforces,Hard,"Segment Tree, Dynamic Programming",https://codeforces.com/problemset/problem/7945/F,Use a persistent data structure for historical queries.
2616,Compressed Segment Tree,LeetCode,Hard,"Segment Tree, Array",https://leetcode.com/problems/compressed-segment-tree,Use a segment tree for efficient range queries and updates.
2617,Weighted BIT Update,HackerRank,Hard,"Binary Indexed Tree, Array, Math",https://www.hackerrank.com/challenges/weighted-bit-update,Apply a Binary Indexed Tree for cumulative frequency queries.
2618,Directed Union Find,CodeChef,Hard,"Union Find, Graphs",https://www.codechef.com/problems/directed-union-find,Use disjoint set union to answer connectivity queries.
2619,Undirected Max Flow,Codeforces,Hard,"Graphs, Max Flow",https://codeforces.com/problemset/problem/7957/D,Model the problem as a max-flow network and solve it.
2620,Circular DP Bitmask,LeetCode,Hard,"Dynamic Programming, Bit Manipulation",https://leetcode.com/problems/circular-dp-bitmask,Use bitmask DP to explore exponential state spaces.
2621,Diagonal Divide Conquer,HackerRank,Hard,"Divide and Conquer, Array, Sorting",https://www.hackerrank.com/challenges/diagonal-divide-conquer,Split the problem recursively using divide and conquer.
2622,Sparse Convex Hull,CodeChef,Hard,"Geometry, Math, Sorting",https://www.codechef.com/problems/sparse-convex-hull,Compute the convex hull of a set of 2D points.
2623,Dense Suffix Array,Codeforces,Hard,"String, Suffix Array, Sorting",https://codeforces.com/problemset/problem/7969/B,Build and use a suffix array for advanced string queries.
2624,Binary Game Theory,LeetCode,Hard,"Math, Game Theory, Dynamic Programming",https://leetcode.com/problems/binary-game-theory,Apply game theory and Grundy values to find the winner.
2625,Ternary Persistent DS,HackerRank,Hard,"Segment Tree, Dynamic Programming",https://www.hackerrank.com/challenges/ternary-persistent-ds,Use a persistent data structure for historical queries.
2626,Linear Segment Tree,CodeChef,Hard,"Segment Tree, Array",https://www.codechef.com/problems/linear-segment-tree,Use a segment tree for efficient range queries and updates.
2627,Logarithmic BIT Update,Codeforces,Hard,"Binary Indexed Tree, Array, Math",https://codeforces.com/problemset/problem/7981/F,Apply a Binary Indexed Tree for cumulative frequency queries.
2628,Optimal Union Find,LeetCode,Hard,"Union Find, Graphs",https://leetcode.com/problems/optimal-union-find,Use disjoint set union to answer connectivity queries.
2629,Extended Max Flow,HackerRank,Hard,"Graphs, Max Flow",https://www.hackerrank.com/challenges/extended-max-flow,Model the problem as a max-flow network and solve it.
2630,Variant DP Bitmask,CodeChef,Hard,"Dynamic Programming, Bit Manipulation",https://www.codechef.com/problems/variant-dp-bitmask,Use bitmask DP to explore exponential state spaces.
2631,Advanced Divide Conquer,Codeforces,Hard,"Divide and Conquer, Array, Sorting",https://codeforces.com/problemset/problem/7993/D,Split the problem recursively using divide and conquer.
2632,Modified Convex Hull,LeetCode,Hard,"Geometry, Math, Sorting",https://leetcode.com/problems/modified-convex-hull,Compute the convex hull of a set of 2D points.
2633,Classic Suffix Array,HackerRank,Hard,"String, Suffix Array, Sorting",https://www.hackerrank.com/challenges/classic-suffix-array,Build and use a suffix array for advanced string queries.
2634,Two-Pass Game Theory,CodeChef,Hard,"Math, Game Theory, Dynamic Programming",https://www.codechef.com/problems/two-pass-game-theory,Apply game theory and Grundy values to find the winner.
2635,Multi-Step Persistent DS,Codeforces,Hard,"Segment Tree, Dynamic Programming",https://codeforces.com/problemset/problem/8005/B,Use a persistent data structure for historical queries.
2636,Recursive Segment Tree,LeetCode,Hard,"Segment Tree, Array",https://leetcode.com/problems/recursive-segment-tree,Use a segment tree for efficient range queries and updates.
2637,Iterative BIT Update,HackerRank,Hard,"Binary Indexed Tree, Array, Math",https://www.hackerrank.com/challenges/iterative-bit-update,Apply a Binary Indexed Tree for cumulative frequency queries.
2638,Efficient Union Find,CodeChef,Hard,"Union Find, Graphs",https://www.codechef.com/problems/efficient-union-find,Use disjoint set union to answer connectivity queries.
2639,Minimal Max Flow,Codeforces,Hard,"Graphs, Max Flow",https://codeforces.com/problemset/problem/8017/F,Model the problem as a max-flow network and solve it.
2640,Maximum DP Bitmask,LeetCode,Hard,"Dynamic Programming, Bit Manipulation",https://leetcode.com/problems/maximum-dp-bitmask,Use bitmask DP to explore exponential state spaces.
2641,Minimum Divide Conquer,HackerRank,Hard,"Divide and Conquer, Array, Sorting",https://www.hackerrank.com/challenges/minimum-divide-conquer,Split the problem recursively using divide and conquer.
2642,Balanced Convex Hull,CodeChef,Hard,"Geometry, Math, Sorting",https://www.codechef.com/problems/balanced-convex-hull,Compute the convex hull of a set of 2D points.
2643,Sorted Suffix Array,Codeforces,Hard,"String, Suffix Array, Sorting",https://codeforces.com/problemset/problem/8029/D,Build and use a suffix array for advanced string queries.
2644,Compressed Game Theory,LeetCode,Hard,"Math, Game Theory, Dynamic Programming",https://leetcode.com/problems/compressed-game-theory,Apply game theory and Grundy values to find the winner.
2645,Weighted Persistent DS,HackerRank,Hard,"Segment Tree, Dynamic Programming",https://www.hackerrank.com/challenges/weighted-persistent-ds,Use a persistent data structure for historical queries.
2646,Directed Segment Tree,CodeChef,Hard,"Segment Tree, Array",https://www.codechef.com/problems/directed-segment-tree,Use a segment tree for efficient range queries and updates.
2647,Undirected BIT Update,Codeforces,Hard,"Binary Indexed Tree, Array, Math",https://codeforces.com/problemset/problem/8041/B,Apply a Binary Indexed Tree for cumulative frequency queries.
2648,Circular Union Find,LeetCode,Hard,"Union Find, Graphs",https://leetcode.com/problems/circular-union-find,Use disjoint set union to answer connectivity queries.
2649,Diagonal Max Flow,HackerRank,Hard,"Graphs, Max Flow",https://www.hackerrank.com/challenges/diagonal-max-flow,Model the problem as a max-flow network and solve it.
2650,Sparse DP Bitmask,CodeChef,Hard,"Dynamic Programming, Bit Manipulation",https://www.codechef.com/problems/sparse-dp-bitmask,Use bitmask DP to explore exponential state spaces.
2651,Dense Divide Conquer,Codeforces,Hard,"Divide and Conquer, Array, Sorting",https://codeforces.com/problemset/problem/8053/F,Split the problem recursively using divide and conquer.
2652,Binary Convex Hull,LeetCode,Hard,"Geometry, Math, Sorting",https://leetcode.com/problems/binary-convex-hull,Compute the convex hull of a set of 2D points.
2653,Ternary Suffix Array,HackerRank,Hard,"String, Suffix Array, Sorting",https://www.hackerrank.com/challenges/ternary-suffix-array,Build and use a suffix array for advanced string queries.
2654,Linear Game Theory,CodeChef,Hard,"Math, Game Theory, Dynamic Programming",https://www.codechef.com/problems/linear-game-theory,Apply game theory and Grundy values to find the winner.
2655,Logarithmic Persistent DS,Codeforces,Hard,"Segment Tree, Dynamic Programming",https://codeforces.com/problemset/problem/8065/D,Use a persistent data structure for historical queries.
2656,Optimal Segment Tree,LeetCode,Hard,"Segment Tree, Array",https://leetcode.com/problems/optimal-segment-tree,Use a segment tree for efficient range queries and updates.
2657,Extended BIT Update,HackerRank,Hard,"Binary Indexed Tree, Array, Math",https://www.hackerrank.com/challenges/extended-bit-update,Apply a Binary Indexed Tree for cumulative frequency queries.
2658,Variant Union Find,CodeChef,Hard,"Union Find, Graphs",https://www.codechef.com/problems/variant-union-find,Use disjoint set union to answer connectivity queries.
2659,Advanced Max Flow,Codeforces,Hard,"Graphs, Max Flow",https://codeforces.com/problemset/problem/8077/B,Model the problem as a max-flow network and solve it.
2660,Modified DP Bitmask,LeetCode,Hard,"Dynamic Programming, Bit Manipulation",https://leetcode.com/problems/modified-dp-bitmask,Use bitmask DP to explore exponential state spaces.
2661,Classic Divide Conquer,HackerRank,Hard,"Divide and Conquer, Array, Sorting",https://www.hackerrank.com/challenges/classic-divide-conquer,Split the problem recursively using divide and conquer.
2662,Two-Pass Convex Hull,CodeChef,Hard,"Geometry, Math, Sorting",https://www.codechef.com/problems/two-pass-convex-hull,Compute the convex hull of a set of 2D points.
2663,Multi-Step Suffix Array,Codeforces,Hard,"String, Suffix Array, Sorting",https://codeforces.com/problemset/problem/8089/F,Build and use a suffix array for advanced string queries.
2664,Recursive Game Theory,LeetCode,Hard,"Math, Game Theory, Dynamic Programming",https://leetcode.com/problems/recursive-game-theory,Apply game theory and Grundy values to find the winner.
2665,Iterative Persistent DS,HackerRank,Hard,"Segment Tree, Dynamic Programming",https://www.hackerrank.com/challenges/iterative-persistent-ds,Use a persistent data structure for historical queries.
2666,Efficient Segment Tree,CodeChef,Hard,"Segment Tree, Array",https://www.codechef.com/problems/efficient-segment-tree,Use a segment tree for efficient range queries and updates.
2667,Minimal BIT Update,Codeforces,Hard,"Binary Indexed Tree, Array, Math",https://codeforces.com/problemset/problem/8101/D,Apply a Binary Indexed Tree for cumulative frequency queries.
2668,Maximum Union Find,LeetCode,Hard,"Union Find, Graphs",https://leetcode.com/problems/maximum-union-find,Use disjoint set union to answer connectivity queries.
2669,Minimum Max Flow,HackerRank,Hard,"Graphs, Max Flow",https://www.hackerrank.com/challenges/minimum-max-flow,Model the problem as a max-flow network and solve it.
2670,Balanced DP Bitmask,CodeChef,Hard,"Dynamic Programming, Bit Manipulation",https://www.codechef.com/problems/balanced-dp-bitmask,Use bitmask DP to explore exponential state spaces.
2671,Sorted Divide Conquer,Codeforces,Hard,"Divide and Conquer, Array, Sorting",https://codeforces.com/problemset/problem/8113/B,Split the problem recursively using divide and conquer.
2672,Compressed Convex Hull,LeetCode,Hard,"Geometry, Math, Sorting",https://leetcode.com/problems/compressed-convex-hull,Compute the convex hull of a set of 2D points.
2673,Weighted Suffix Array,HackerRank,Hard,"String, Suffix Array, Sorting",https://www.hackerrank.com/challenges/weighted-suffix-array,Build and use a suffix array for advanced string queries.
2674,Directed Game Theory,CodeChef,Hard,"Math, Game Theory, Dynamic Programming",https://www.codechef.com/problems/directed-game-theory,Apply game theory and Grundy values to find the winner.
2675,Undirected Persistent DS,Codeforces,Hard,"Segment Tree, Dynamic Programming",https://codeforces.com/problemset/problem/8125/F,Use a persistent data structure for historical queries.
2676,Circular Segment Tree,LeetCode,Hard,"Segment Tree, Array",https://leetcode.com/problems/circular-segment-tree,Use a segment tree for efficient range queries and updates.
2677,Diagonal BIT Update,HackerRank,Hard,"Binary Indexed Tree, Array, Math",https://www.hackerrank.com/challenges/diagonal-bit-update,Apply a Binary Indexed Tree for cumulative frequency queries.
2678,Sparse Union Find,CodeChef,Hard,"Union Find, Graphs",https://www.codechef.com/problems/sparse-union-find,Use disjoint set union to answer connectivity queries.
2679,Dense Max Flow,Codeforces,Hard,"Graphs, Max Flow",https://codeforces.com/problemset/problem/8137/D,Model the problem as a max-flow network and solve it.
2680,Binary DP Bitmask,LeetCode,Hard,"Dynamic Programming, Bit Manipulation",https://leetcode.com/problems/binary-dp-bitmask,Use bitmask DP to explore exponential state spaces.
2681,Ternary Divide Conquer,HackerRank,Hard,"Divide and Conquer, Array, Sorting",https://www.hackerrank.com/challenges/ternary-divide-conquer,Split the problem recursively using divide and conquer.
2682,Linear Convex Hull,CodeChef,Hard,"Geometry, Math, Sorting",https://www.codechef.com/problems/linear-convex-hull,Compute the convex hull of a set of 2D points.
2683,Logarithmic Suffix Array,Codeforces,Hard,"String, Suffix Array, Sorting",https://codeforces.com/problemset/problem/8149/B,Build and use a suffix array for advanced string queries.
2684,Optimal Game Theory,LeetCode,Hard,"Math, Game Theory, Dynamic Programming",https://leetcode.com/problems/optimal-game-theory,Apply game theory and Grundy values to find the winner.
2685,Extended Persistent DS,HackerRank,Hard,"Segment Tree, Dynamic Programming",https://www.hackerrank.com/challenges/extended-persistent-ds,Use a persistent data structure for historical queries.
2686,Variant Segment Tree,CodeChef,Hard,"Segment Tree, Array",https://www.codechef.com/problems/variant-segment-tree,Use a segment tree for efficient range queries and updates.
2687,Advanced BIT Update,Codeforces,Hard,"Binary Indexed Tree, Array, Math",https://codeforces.com/problemset/problem/8161/F,Apply a Binary Indexed Tree for cumulative frequency queries.
2688,Modified Union Find,LeetCode,Hard,"Union Find, Graphs",https://leetcode.com/problems/modified-union-find,Use disjoint set union to answer connectivity queries.
2689,Classic Max Flow,HackerRank,Hard,"Graphs, Max Flow",https://www.hackerrank.com/challenges/classic-max-flow,Model the problem as a max-flow network and solve it.
2690,Two-Pass DP Bitmask,CodeChef,Hard,"Dynamic Programming, Bit Manipulation",https://www.codechef.com/problems/two-pass-dp-bitmask,Use bitmask DP to explore exponential state spaces.
2691,Multi-Step Divide Conquer,Codeforces,Hard,"Divide and Conquer, Array, Sorting",https://codeforces.com/problemset/problem/8173/D,Split the problem recursively using divide and conquer.
2692,Recursive Convex Hull,LeetCode,Hard,"Geometry, Math, Sorting",https://leetcode.com/problems/recursive-convex-hull,Compute the convex hull of a set of 2D points.
2693,Iterative Suffix Array,HackerRank,Hard,"String, Suffix Array, Sorting",https://www.hackerrank.com/challenges/iterative-suffix-array,Build and use a suffix array for advanced string queries.
2694,Efficient Game Theory,CodeChef,Hard,"Math, Game Theory, Dynamic Programming",https://www.codechef.com/problems/efficient-game-theory,Apply game theory and Grundy values to find the winner.
2695,Minimal Persistent DS,Codeforces,Hard,"Segment Tree, Dynamic Programming",https://codeforces.com/problemset/problem/8185/B,Use a persistent data structure for historical queries.
2696,Maximum Segment Tree,LeetCode,Hard,"Segment Tree, Array",https://leetcode.com/problems/maximum-segment-tree,Use a segment tree for efficient range queries and updates.
2697,Minimum BIT Update,HackerRank,Hard,"Binary Indexed Tree, Array, Math",https://www.hackerrank.com/challenges/minimum-bit-update,Apply a Binary Indexed Tree for cumulative frequency queries.
2698,Balanced Union Find,CodeChef,Hard,"Union Find, Graphs",https://www.codechef.com/problems/balanced-union-find,Use disjoint set union to answer connectivity queries.
2699,Sorted Max Flow,Codeforces,Hard,"Graphs, Max Flow",https://codeforces.com/problemset/problem/8197/F,Model the problem as a max-flow network and solve it.
2700,Compressed DP Bitmask,LeetCode,Hard,"Dynamic Programming, Bit Manipulation",https://leetcode.com/problems/compressed-dp-bitmask,Use bitmask DP to explore exponential state spaces.
2701,Weighted Divide Conquer,HackerRank,Hard,"Divide and Conquer, Array, Sorting",https://www.hackerrank.com/challenges/weighted-divide-conquer,Split the problem recursively using divide and conquer.
2702,Directed Convex Hull,CodeChef,Hard,"Geometry, Math, Sorting",https://www.codechef.com/problems/directed-convex-hull,Compute the convex hull of a set of 2D points.
2703,Undirected Suffix Array,Codeforces,Hard,"String, Suffix Array, Sorting",https://codeforces.com/problemset/problem/8209/D,Build and use a suffix array for advanced string queries.
2704,Circular Game Theory,LeetCode,Hard,"Math, Game Theory, Dynamic Programming",https://leetcode.com/problems/circular-game-theory,Apply game theory and Grundy values to find the winner.
2705,Diagonal Persistent DS,HackerRank,Hard,"Segment Tree, Dynamic Programming",https://www.hackerrank.com/challenges/diagonal-persistent-ds,Use a persistent data structure for historical queries.
2706,Sparse Segment Tree,CodeChef,Hard,"Segment Tree, Array",https://www.codechef.com/problems/sparse-segment-tree,Use a segment tree for efficient range queries and updates.
2707,Dense BIT Update,Codeforces,Hard,"Binary Indexed Tree, Array, Math",https://codeforces.com/problemset/problem/8221/B,Apply a Binary Indexed Tree for cumulative frequency queries.
2708,Binary Union Find,LeetCode,Hard,"Union Find, Graphs",https://leetcode.com/problems/binary-union-find,Use disjoint set union to answer connectivity queries.
2709,Ternary Max Flow,HackerRank,Hard,"Graphs, Max Flow",https://www.hackerrank.com/challenges/ternary-max-flow,Model the problem as a max-flow network and solve it.
2710,Linear DP Bitmask,CodeChef,Hard,"Dynamic Programming, Bit Manipulation",https://www.codechef.com/problems/linear-dp-bitmask,Use bitmask DP to explore exponential state spaces.
2711,Logarithmic Divide Conquer,Codeforces,Hard,"Divide and Conquer, Array, Sorting",https://codeforces.com/problemset/problem/8233/F,Split the problem recursively using divide and conquer.
2712,Optimal Convex Hull,LeetCode,Hard,"Geometry, Math, Sorting",https://leetcode.com/problems/optimal-convex-hull,Compute the convex hull of a set of 2D points.
2713,Extended Suffix Array,HackerRank,Hard,"String, Suffix Array, Sorting",https://www.hackerrank.com/challenges/extended-suffix-array,Build and use a suffix array for advanced string queries.
2714,Variant Game Theory,CodeChef,Hard,"Math, Game Theory, Dynamic Programming",https://www.codechef.com/problems/variant-game-theory,Apply game theory and Grundy values to find the winner.
2715,Advanced Persistent DS,Codeforces,Hard,"Segment Tree, Dynamic Programming",https://codeforces.com/problemset/problem/8245/D,Use a persistent data structure for historical queries.
2716,Modified Segment Tree,LeetCode,Hard,"Segment Tree, Array",https://leetcode.com/problems/modified-segment-tree,Use a segment tree for efficient range queries and updates.
2717,Classic BIT Update,HackerRank,Hard,"Binary Indexed Tree, Array, Math",https://www.hackerrank.com/challenges/classic-bit-update,Apply a Binary Indexed Tree for cumulative frequency queries.
2718,Two-Pass Union Find,CodeChef,Hard,"Union Find, Graphs",https://www.codechef.com/problems/two-pass-union-find,Use disjoint set union to answer connectivity queries.
2719,Multi-Step Max Flow,Codeforces,Hard,"Graphs, Max Flow",https://codeforces.com/problemset/problem/8257/B,Model the problem as a max-flow network and solve it.
2720,Recursive DP Bitmask,LeetCode,Hard,"Dynamic Programming, Bit Manipulation",https://leetcode.com/problems/recursive-dp-bitmask,Use bitmask DP to explore exponential state spaces.
2721,Iterative Divide Conquer,HackerRank,Hard,"Divide and Conquer, Array, Sorting",https://www.hackerrank.com/challenges/iterative-divide-conquer,Split the problem recursively using divide and conquer.
2722,Efficient Convex Hull,CodeChef,Hard,"Geometry, Math, Sorting",https://www.codechef.com/problems/efficient-convex-hull,Compute the convex hull of a set of 2D points.
2723,Minimal Suffix Array,Codeforces,Hard,"String, Suffix Array, Sorting",https://codeforces.com/problemset/problem/8269/F,Build and use a suffix array for advanced string queries.
2724,Maximum Game Theory,LeetCode,Hard,"Math, Game Theory, Dynamic Programming",https://leetcode.com/problems/maximum-game-theory,Apply game theory and Grundy values to find the winner.
2725,Minimum Persistent DS,HackerRank,Hard,"Segment Tree, Dynamic Programming",https://www.hackerrank.com/challenges/minimum-persistent-ds,Use a persistent data structure for historical queries.
2726,Balanced Segment Tree,CodeChef,Hard,"Segment Tree, Array",https://www.codechef.com/problems/balanced-segment-tree,Use a segment tree for efficient range queries and updates.
2727,Sorted BIT Update,Codeforces,Hard,"Binary Indexed Tree, Array, Math",https://codeforces.com/problemset/problem/8281/D,Apply a Binary Indexed Tree for cumulative frequency queries.
2728,Compressed Union Find,LeetCode,Hard,"Union Find, Graphs",https://leetcode.com/problems/compressed-union-find,Use disjoint set union to answer connectivity queries.
2729,Weighted Max Flow,HackerRank,Hard,"Graphs, Max Flow",https://www.hackerrank.com/challenges/weighted-max-flow,Model the problem as a max-flow network and solve it.
2730,Directed DP Bitmask,CodeChef,Hard,"Dynamic Programming, Bit Manipulation",https://www.codechef.com/problems/directed-dp-bitmask,Use bitmask DP to explore exponential state spaces.
2731,Undirected Divide Conquer,Codeforces,Hard,"Divide and Conquer, Array, Sorting",https://codeforces.com/problemset/problem/8293/B,Split the problem recursively using divide and conquer.
2732,Circular Convex Hull,LeetCode,Hard,"Geometry, Math, Sorting",https://leetcode.com/problems/circular-convex-hull,Compute the convex hull of a set of 2D points.
2733,Diagonal Suffix Array,HackerRank,Hard,"String, Suffix Array, Sorting",https://www.hackerrank.com/challenges/diagonal-suffix-array,Build and use a suffix array for advanced string queries.
2734,Sparse Game Theory,CodeChef,Hard,"Math, Game Theory, Dynamic Programming",https://www.codechef.com/problems/sparse-game-theory,Apply game theory and Grundy values to find the winner.
2735,Dense Persistent DS,Codeforces,Hard,"Segment Tree, Dynamic Programming",https://codeforces.com/problemset/problem/8305/F,Use a persistent data structure for historical queries.
2736,Binary Segment Tree,LeetCode,Hard,"Segment Tree, Array",https://leetcode.com/problems/binary-segment-tree,Use a segment tree for efficient range queries and updates.
2737,Ternary BIT Update,HackerRank,Hard,"Binary Indexed Tree, Array, Math",https://www.hackerrank.com/challenges/ternary-bit-update,Apply a Binary Indexed Tree for cumulative frequency queries.
2738,Linear Union Find,CodeChef,Hard,"Union Find, Graphs",https://www.codechef.com/problems/linear-union-find,Use disjoint set union to answer connectivity queries.
2739,Logarithmic Max Flow,Codeforces,Hard,"Graphs, Max Flow",https://codeforces.com/problemset/problem/8317/D,Model the problem as a max-flow network and solve it.
2740,Optimal DP Bitmask,LeetCode,Hard,"Dynamic Programming, Bit Manipulation",https://leetcode.com/problems/optimal-dp-bitmask,Use bitmask DP to explore exponential state spaces.
2741,Extended Divide Conquer,HackerRank,Hard,"Divide and Conquer, Array, Sorting",https://www.hackerrank.com/challenges/extended-divide-conquer,Split the problem recursively using divide and conquer.
2742,Variant Convex Hull,CodeChef,Hard,"Geometry, Math, Sorting",https://www.codechef.com/problems/variant-convex-hull,Compute the convex hull of a set of 2D points.
2743,Advanced Suffix Array,Codeforces,Hard,"String, Suffix Array, Sorting",https://codeforces.com/problemset/problem/8329/B,Build and use a suffix array for advanced string queries.
2744,Modified Game Theory,LeetCode,Hard,"Math, Game Theory, Dynamic Programming",https://leetcode.com/problems/modified-game-theory,Apply game theory and Grundy values to find the winner.
2745,Classic Persistent DS,HackerRank,Hard,"Segment Tree, Dynamic Programming",https://www.hackerrank.com/challenges/classic-persistent-ds,Use a persistent data structure for historical queries.
2746,Two-Pass Segment Tree,CodeChef,Hard,"Segment Tree, Array",https://www.codechef.com/problems/two-pass-segment-tree,Use a segment tree for efficient range queries and updates.
2747,Multi-Step BIT Update,Codeforces,Hard,"Binary Indexed Tree, Array, Math",https://codeforces.com/problemset/problem/8341/F,Apply a Binary Indexed Tree for cumulative frequency queries.
2748,Recursive Union Find,LeetCode,Hard,"Union Find, Graphs",https://leetcode.com/problems/recursive-union-find,Use disjoint set union to answer connectivity queries.
2749,Iterative Max Flow,HackerRank,Hard,"Graphs, Max Flow",https://www.hackerrank.com/challenges/iterative-max-flow,Model the problem as a max-flow network and solve it.
2750,Efficient DP Bitmask,CodeChef,Hard,"Dynamic Programming, Bit Manipulation",https://www.codechef.com/problems/efficient-dp-bitmask,Use bitmask DP to explore exponential state spaces.
2751,Minimal Divide Conquer,Codeforces,Hard,"Divide and Conquer, Array, Sorting",https://codeforces.com/problemset/problem/8353/D,Split the problem recursively using divide and conquer.
2752,Maximum Convex Hull,LeetCode,Hard,"Geometry, Math, Sorting",https://leetcode.com/problems/maximum-convex-hull,Compute the convex hull of a set of 2D points.
2753,Minimum Suffix Array,HackerRank,Hard,"String, Suffix Array, Sorting",https://www.hackerrank.com/challenges/minimum-suffix-array,Build and use a suffix array for advanced string queries.
2754,Balanced Game Theory,CodeChef,Hard,"Math, Game Theory, Dynamic Programming",https://www.codechef.com/problems/balanced-game-theory,Apply game theory and Grundy values to find the winner.
2755,Sorted Persistent DS,Codeforces,Hard,"Segment Tree, Dynamic Programming",https://codeforces.com/problemset/problem/8365/B,Use a persistent data structure for historical queries.
2756,Compressed Segment Tree,LeetCode,Hard,"Segment Tree, Array",https://leetcode.com/problems/compressed-segment-tree,Use a segment tree for efficient range queries and updates.
2757,Weighted BIT Update,HackerRank,Hard,"Binary Indexed Tree, Array, Math",https://www.hackerrank.com/challenges/weighted-bit-update,Apply a Binary Indexed Tree for cumulative frequency queries.
2758,Directed Union Find,CodeChef,Hard,"Union Find, Graphs",https://www.codechef.com/problems/directed-union-find,Use disjoint set union to answer connectivity queries.
2759,Undirected Max Flow,Codeforces,Hard,"Graphs, Max Flow",https://codeforces.com/problemset/problem/8377/F,Model the problem as a max-flow network and solve it.
2760,Circular DP Bitmask,LeetCode,Hard,"Dynamic Programming, Bit Manipulation",https://leetcode.com/problems/circular-dp-bitmask,Use bitmask DP to explore exponential state spaces.
2761,Diagonal Divide Conquer,HackerRank,Hard,"Divide and Conquer, Array, Sorting",https://www.hackerrank.com/challenges/diagonal-divide-conquer,Split the problem recursively using divide and conquer.
2762,Sparse Convex Hull,CodeChef,Hard,"Geometry, Math, Sorting",https://www.codechef.com/problems/sparse-convex-hull,Compute the convex hull of a set of 2D points.
2763,Dense Suffix Array,Codeforces,Hard,"String, Suffix Array, Sorting",https://codeforces.com/problemset/problem/8389/D,Build and use a suffix array for advanced string queries.
2764,Binary Game Theory,LeetCode,Hard,"Math, Game Theory, Dynamic Programming",https://leetcode.com/problems/binary-game-theory,Apply game theory and Grundy values to find the winner.
2765,Ternary Persistent DS,HackerRank,Hard,"Segment Tree, Dynamic Programming",https://www.hackerrank.com/challenges/ternary-persistent-ds,Use a persistent data structure for historical queries.
2766,Linear Segment Tree,CodeChef,Hard,"Segment Tree, Array",https://www.codechef.com/problems/linear-segment-tree,Use a segment tree for efficient range queries and updates.
2767,Logarithmic BIT Update,Codeforces,Hard,"Binary Indexed Tree, Array, Math",https://codeforces.com/problemset/problem/8401/B,Apply a Binary Indexed Tree for cumulative frequency queries.
2768,Optimal Union Find,LeetCode,Hard,"Union Find, Graphs",https://leetcode.com/problems/optimal-union-find,Use disjoint set union to answer connectivity queries.
2769,Extended Max Flow,HackerRank,Hard,"Graphs, Max Flow",https://www.hackerrank.com/challenges/extended-max-flow,Model the problem as a max-flow network and solve it.
2770,Variant DP Bitmask,CodeChef,Hard,"Dynamic Programming, Bit Manipulation",https://www.codechef.com/problems/variant-dp-bitmask,Use bitmask DP to explore exponential state spaces.
2771,Advanced Divide Conquer,Codeforces,Hard,"Divide and Conquer, Array, Sorting",https://codeforces.com/problemset/problem/8413/F,Split the problem recursively using divide and conquer.
2772,Modified Convex Hull,LeetCode,Hard,"Geometry, Math, Sorting",https://leetcode.com/problems/modified-convex-hull,Compute the convex hull of a set of 2D points.
2773,Classic Suffix Array,HackerRank,Hard,"String, Suffix Array, Sorting",https://www.hackerrank.com/challenges/classic-suffix-array,Build and use a suffix array for advanced string queries.
2774,Two-Pass Game Theory,CodeChef,Hard,"Math, Game Theory, Dynamic Programming",https://www.codechef.com/problems/two-pass-game-theory,Apply game theory and Grundy values to find the winner.
2775,Multi-Step Persistent DS,Codeforces,Hard,"Segment Tree, Dynamic Programming",https://codeforces.com/problemset/problem/8425/D,Use a persistent data structure for historical queries.
2776,Recursive Segment Tree,LeetCode,Hard,"Segment Tree, Array",https://leetcode.com/problems/recursive-segment-tree,Use a segment tree for efficient range queries and updates.
2777,Iterative BIT Update,HackerRank,Hard,"Binary Indexed Tree, Array, Math",https://www.hackerrank.com/challenges/iterative-bit-update,Apply a Binary Indexed Tree for cumulative frequency queries.
2778,Efficient Union Find,CodeChef,Hard,"Union Find, Graphs",https://www.codechef.com/problems/efficient-union-find,Use disjoint set union to answer connectivity queries.
2779,Minimal Max Flow,Codeforces,Hard,"Graphs, Max Flow",https://codeforces.com/problemset/problem/8437/B,Model the problem as a max-flow network and solve it.
2780,Maximum DP Bitmask,LeetCode,Hard,"Dynamic Programming, Bit Manipulation",https://leetcode.com/problems/maximum-dp-bitmask,Use bitmask DP to explore exponential state spaces.
2781,Minimum Divide Conquer,HackerRank,Hard,"Divide and Conquer, Array, Sorting",https://www.hackerrank.com/challenges/minimum-divide-conquer,Split the problem recursively using divide and conquer.
2782,Balanced Convex Hull,CodeChef,Hard,"Geometry, Math, Sorting",https://www.codechef.com/problems/balanced-convex-hull,Compute the convex hull of a set of 2D points.
2783,Sorted Suffix Array,Codeforces,Hard,"String, Suffix Array, Sorting",https://codeforces.com/problemset/problem/8449/F,Build and use a suffix array for advanced string queries.
2784,Compressed Game Theory,LeetCode,Hard,"Math, Game Theory, Dynamic Programming",https://leetcode.com/problems/compressed-game-theory,Apply game theory and Grundy values to find the winner.
2785,Weighted Persistent DS,HackerRank,Hard,"Segment Tree, Dynamic Programming",https://www.hackerrank.com/challenges/weighted-persistent-ds,Use a persistent data structure for historical queries.
2786,Directed Segment Tree,CodeChef,Hard,"Segment Tree, Array",https://www.codechef.com/problems/directed-segment-tree,Use a segment tree for efficient range queries and updates.
2787,Undirected BIT Update,Codeforces,Hard,"Binary Indexed Tree, Array, Math",https://codeforces.com/problemset/problem/8461/D,Apply a Binary Indexed Tree for cumulative frequency queries.
2788,Circular Union Find,LeetCode,Hard,"Union Find, Graphs",https://leetcode.com/problems/circular-union-find,Use disjoint set union to answer connectivity queries.
2789,Diagonal Max Flow,HackerRank,Hard,"Graphs, Max Flow",https://www.hackerrank.com/challenges/diagonal-max-flow,Model the problem as a max-flow network and solve it.
2790,Sparse DP Bitmask,CodeChef,Hard,"Dynamic Programming, Bit Manipulation",https://www.codechef.com/problems/sparse-dp-bitmask,Use bitmask DP to explore exponential state spaces.
2791,Dense Divide Conquer,Codeforces,Hard,"Divide and Conquer, Array, Sorting",https://codeforces.com/problemset/problem/8473/B,Split the problem recursively using divide and conquer.
2792,Binary Convex Hull,LeetCode,Hard,"Geometry, Math, Sorting",https://leetcode.com/problems/binary-convex-hull,Compute the convex hull of a set of 2D points.
2793,Ternary Suffix Array,HackerRank,Hard,"String, Suffix Array, Sorting",https://www.hackerrank.com/challenges/ternary-suffix-array,Build and use a suffix array for advanced string queries.
2794,Linear Game Theory,CodeChef,Hard,"Math, Game Theory, Dynamic Programming",https://www.codechef.com/problems/linear-game-theory,Apply game theory and Grundy values to find the winner.
2795,Logarithmic Persistent DS,Codeforces,Hard,"Segment Tree, Dynamic Programming",https://codeforces.com/problemset/problem/8485/F,Use a persistent data structure for historical queries.
2796,Optimal Segment Tree,LeetCode,Hard,"Segment Tree, Array",https://leetcode.com/problems/optimal-segment-tree,Use a segment tree for efficient range queries and updates.
2797,Extended BIT Update,HackerRank,Hard,"Binary Indexed Tree, Array, Math",https://www.hackerrank.com/challenges/extended-bit-update,Apply a Binary Indexed Tree for cumulative frequency queries.
2798,Variant Union Find,CodeChef,Hard,"Union Find, Graphs",https://www.codechef.com/problems/variant-union-find,Use disjoint set union to answer connectivity queries.
2799,Advanced Max Flow,Codeforces,Hard,"Graphs, Max Flow",https://codeforces.com/problemset/problem/8497/D,Model the problem as a max-flow network and solve it.
2800,Modified DP Bitmask,LeetCode,Hard,"Dynamic Programming, Bit Manipulation",https://leetcode.com/problems/modified-dp-bitmask,Use bitmask DP to explore exponential state spaces.
2801,Classic Divide Conquer,HackerRank,Hard,"Divide and Conquer, Array, Sorting",https://www.hackerrank.com/challenges/classic-divide-conquer,Split the problem recursively using divide and conquer.
2802,Two-Pass Convex Hull,CodeChef,Hard,"Geometry, Math, Sorting",https://www.codechef.com/problems/two-pass-convex-hull,Compute the convex hull of a set of 2D points.
2803,Multi-Step Suffix Array,Codeforces,Hard,"String, Suffix Array, Sorting",https://codeforces.com/problemset/problem/8509/B,Build and use a suffix array for advanced string queries.
2804,Recursive Game Theory,LeetCode,Hard,"Math, Game Theory, Dynamic Programming",https://leetcode.com/problems/recursive-game-theory,Apply game theory and Grundy values to find the winner.
2805,Iterative Persistent DS,HackerRank,Hard,"Segment Tree, Dynamic Programming",https://www.hackerrank.com/challenges/iterative-persistent-ds,Use a persistent data structure for historical queries.
2806,Efficient Segment Tree,CodeChef,Hard,"Segment Tree, Array",https://www.codechef.com/problems/efficient-segment-tree,Use a segment tree for efficient range queries and updates.
2807,Minimal BIT Update,Codeforces,Hard,"Binary Indexed Tree, Array, Math",https://codeforces.com/problemset/problem/8521/F,Apply a Binary Indexed Tree for cumulative frequency queries.
2808,Maximum Union Find,LeetCode,Hard,"Union Find, Graphs",https://leetcode.com/problems/maximum-union-find,Use disjoint set union to answer connectivity queries.
2809,Minimum Max Flow,HackerRank,Hard,"Graphs, Max Flow",https://www.hackerrank.com/challenges/minimum-max-flow,Model the problem as a max-flow network and solve it.
2810,Balanced DP Bitmask,CodeChef,Hard,"Dynamic Programming, Bit Manipulation",https://www.codechef.com/problems/balanced-dp-bitmask,Use bitmask DP to explore exponential state spaces.
2811,Sorted Divide Conquer,Codeforces,Hard,"Divide and Conquer, Array, Sorting",https://codeforces.com/problemset/problem/8533/D,Split the problem recursively using divide and conquer.
2812,Compressed Convex Hull,LeetCode,Hard,"Geometry, Math, Sorting",https://leetcode.com/problems/compressed-convex-hull,Compute the convex hull of a set of 2D points.
2813,Weighted Suffix Array,HackerRank,Hard,"String, Suffix Array, Sorting",https://www.hackerrank.com/challenges/weighted-suffix-array,Build and use a suffix array for advanced string queries.
2814,Directed Game Theory,CodeChef,Hard,"Math, Game Theory, Dynamic Programming",https://www.codechef.com/problems/directed-game-theory,Apply game theory and Grundy values to find the winner.
2815,Undirected Persistent DS,Codeforces,Hard,"Segment Tree, Dynamic Programming",https://codeforces.com/problemset/problem/8545/B,Use a persistent data structure for historical queries.
2816,Circular Segment Tree,LeetCode,Hard,"Segment Tree, Array",https://leetcode.com/problems/circular-segment-tree,Use a segment tree for efficient range queries and updates.
2817,Diagonal BIT Update,HackerRank,Hard,"Binary Indexed Tree, Array, Math",https://www.hackerrank.com/challenges/diagonal-bit-update,Apply a Binary Indexed Tree for cumulative frequency queries.
2818,Sparse Union Find,CodeChef,Hard,"Union Find, Graphs",https://www.codechef.com/problems/sparse-union-find,Use disjoint set union to answer connectivity queries.
2819,Dense Max Flow,Codeforces,Hard,"Graphs, Max Flow",https://codeforces.com/problemset/problem/8557/F,Model the problem as a max-flow network and solve it.
2820,Binary DP Bitmask,LeetCode,Hard,"Dynamic Programming, Bit Manipulation",https://leetcode.com/problems/binary-dp-bitmask,Use bitmask DP to explore exponential state spaces.
2821,Ternary Divide Conquer,HackerRank,Hard,"Divide and Conquer, Array, Sorting",https://www.hackerrank.com/challenges/ternary-divide-conquer,Split the problem recursively using divide and conquer.
2822,Linear Convex Hull,CodeChef,Hard,"Geometry, Math, Sorting",https://www.codechef.com/problems/linear-convex-hull,Compute the convex hull of a set of 2D points.
2823,Logarithmic Suffix Array,Codeforces,Hard,"String, Suffix Array, Sorting",https://codeforces.com/problemset/problem/8569/D,Build and use a suffix array for advanced string queries.
2824,Optimal Game Theory,LeetCode,Hard,"Math, Game Theory, Dynamic Programming",https://leetcode.com/problems/optimal-game-theory,Apply game theory and Grundy values to find the winner.
2825,Extended Persistent DS,HackerRank,Hard,"Segment Tree, Dynamic Programming",https://www.hackerrank.com/challenges/extended-persistent-ds,Use a persistent data structure for historical queries.
2826,Variant Segment Tree,CodeChef,Hard,"Segment Tree, Array",https://www.codechef.com/problems/variant-segment-tree,Use a segment tree for efficient range queries and updates.
2827,Advanced BIT Update,Codeforces,Hard,"Binary Indexed Tree, Array, Math",https://codeforces.com/problemset/problem/8581/B,Apply a Binary Indexed Tree for cumulative frequency queries.
2828,Modified Union Find,LeetCode,Hard,"Union Find, Graphs",https://leetcode.com/problems/modified-union-find,Use disjoint set union to answer connectivity queries.
2829,Classic Max Flow,HackerRank,Hard,"Graphs, Max Flow",https://www.hackerrank.com/challenges/classic-max-flow,Model the problem as a max-flow network and solve it.
2830,Two-Pass DP Bitmask,CodeChef,Hard,"Dynamic Programming, Bit Manipulation",https://www.codechef.com/problems/two-pass-dp-bitmask,Use bitmask DP to explore exponential state spaces.
2831,Multi-Step Divide Conquer,Codeforces,Hard,"Divide and Conquer, Array, Sorting",https://codeforces.com/problemset/problem/8593/F,Split the problem recursively using divide and conquer.
2832,Recursive Convex Hull,LeetCode,Hard,"Geometry, Math, Sorting",https://leetcode.com/problems/recursive-convex-hull,Compute the convex hull of a set of 2D points.
2833,Iterative Suffix Array,HackerRank,Hard,"String, Suffix Array, Sorting",https://www.hackerrank.com/challenges/iterative-suffix-array,Build and use a suffix array for advanced string queries.
2834,Efficient Game Theory,CodeChef,Hard,"Math, Game Theory, Dynamic Programming",https://www.codechef.com/problems/efficient-game-theory,Apply game theory and Grundy values to find the winner.
2835,Minimal Persistent DS,Codeforces,Hard,"Segment Tree, Dynamic Programming",https://codeforces.com/problemset/problem/8605/D,Use a persistent data structure for historical queries.
2836,Maximum Segment Tree,LeetCode,Hard,"Segment Tree, Array",https://leetcode.com/problems/maximum-segment-tree,Use a segment tree for efficient range queries and updates.
2837,Minimum BIT Update,HackerRank,Hard,"Binary Indexed Tree, Array, Math",https://www.hackerrank.com/challenges/minimum-bit-update,Apply a Binary Indexed Tree for cumulative frequency queries.
2838,Balanced Union Find,CodeChef,Hard,"Union Find, Graphs",https://www.codechef.com/problems/balanced-union-find,Use disjoint set union to answer connectivity queries.
2839,Sorted Max Flow,Codeforces,Hard,"Graphs, Max Flow",https://codeforces.com/problemset/problem/8617/B,Model the problem as a max-flow network and solve it.
2840,Compressed DP Bitmask,LeetCode,Hard,"Dynamic Programming, Bit Manipulation",https://leetcode.com/problems/compressed-dp-bitmask,Use bitmask DP to explore exponential state spaces.
2841,Weighted Divide Conquer,HackerRank,Hard,"Divide and Conquer, Array, Sorting",https://www.hackerrank.com/challenges/weighted-divide-conquer,Split the problem recursively using divide and conquer.
2842,Directed Convex Hull,CodeChef,Hard,"Geometry, Math, Sorting",https://www.codechef.com/problems/directed-convex-hull,Compute the convex hull of a set of 2D points.
2843,Undirected Suffix Array,Codeforces,Hard,"String, Suffix Array, Sorting",https://codeforces.com/problemset/problem/8629/F,Build and use a suffix array for advanced string queries.
2844,Circular Game Theory,LeetCode,Hard,"Math, Game Theory, Dynamic Programming",https://leetcode.com/problems/circular-game-theory,Apply game theory and Grundy values to find the winner.
2845,Diagonal Persistent DS,HackerRank,Hard,"Segment Tree, Dynamic Programming",https://www.hackerrank.com/challenges/diagonal-persistent-ds,Use a persistent data structure for historical queries.
2846,Sparse Segment Tree,CodeChef,Hard,"Segment Tree, Array",https://www.codechef.com/problems/sparse-segment-tree,Use a segment tree for efficient range queries and updates.
2847,Dense BIT Update,Codeforces,Hard,"Binary Indexed Tree, Array, Math",https://codeforces.com/problemset/problem/8641/D,Apply a Binary Indexed Tree for cumulative frequency queries.
2848,Binary Union Find,LeetCode,Hard,"Union Find, Graphs",https://leetcode.com/problems/binary-union-find,Use disjoint set union to answer connectivity queries.
2849,Ternary Max Flow,HackerRank,Hard,"Graphs, Max Flow",https://www.hackerrank.com/challenges/ternary-max-flow,Model the problem as a max-flow network and solve it.
2850,Linear DP Bitmask,CodeChef,Hard,"Dynamic Programming, Bit Manipulation",https://www.codechef.com/problems/linear-dp-bitmask,Use bitmask DP to explore exponential state spaces.
2851,Logarithmic Divide Conquer,Codeforces,Hard,"Divide and Conquer, Array, Sorting",https://codeforces.com/problemset/problem/8653/B,Split the problem recursively using divide and conquer.
2852,Optimal Convex Hull,LeetCode,Hard,"Geometry, Math, Sorting",https://leetcode.com/problems/optimal-convex-hull,Compute the convex hull of a set of 2D points.
2853,Extended Suffix Array,HackerRank,Hard,"String, Suffix Array, Sorting",https://www.hackerrank.com/challenges/extended-suffix-array,Build and use a suffix array for advanced string queries.
2854,Variant Game Theory,CodeChef,Hard,"Math, Game Theory, Dynamic Programming",https://www.codechef.com/problems/variant-game-theory,Apply game theory and Grundy values to find the winner.
2855,Advanced Persistent DS,Codeforces,Hard,"Segment Tree, Dynamic Programming",https://codeforces.com/problemset/problem/8665/F,Use a persistent data structure for historical queries.
2856,Modified Segment Tree,LeetCode,Hard,"Segment Tree, Array",https://leetcode.com/problems/modified-segment-tree,Use a segment tree for efficient range queries and updates.
2857,Classic BIT Update,HackerRank,Hard,"Binary Indexed Tree, Array, Math",https://www.hackerrank.com/challenges/classic-bit-update,Apply a Binary Indexed Tree for cumulative frequency queries.
2858,Two-Pass Union Find,CodeChef,Hard,"Union Find, Graphs",https://www.codechef.com/problems/two-pass-union-find,Use disjoint set union to answer connectivity queries.
2859,Multi-Step Max Flow,Codeforces,Hard,"Graphs, Max Flow",https://codeforces.com/problemset/problem/8677/D,Model the problem as a max-flow network and solve it.
2860,Recursive DP Bitmask,LeetCode,Hard,"Dynamic Programming, Bit Manipulation",https://leetcode.com/problems/recursive-dp-bitmask,Use bitmask DP to explore exponential state spaces.
2861,Iterative Divide Conquer,HackerRank,Hard,"Divide and Conquer, Array, Sorting",https://www.hackerrank.com/challenges/iterative-divide-conquer,Split the problem recursively using divide and conquer.
2862,Efficient Convex Hull,CodeChef,Hard,"Geometry, Math, Sorting",https://www.codechef.com/problems/efficient-convex-hull,Compute the convex hull of a set of 2D points.
2863,Minimal Suffix Array,Codeforces,Hard,"String, Suffix Array, Sorting",https://codeforces.com/problemset/problem/8689/B,Build and use a suffix array for advanced string queries.
2864,Maximum Game Theory,LeetCode,Hard,"Math, Game Theory, Dynamic Programming",https://leetcode.com/problems/maximum-game-theory,Apply game theory and Grundy values to find the winner.
2865,Minimum Persistent DS,HackerRank,Hard,"Segment Tree, Dynamic Programming",https://www.hackerrank.com/challenges/minimum-persistent-ds,Use a persistent data structure for historical queries.
2866,Balanced Segment Tree,CodeChef,Hard,"Segment Tree, Array",https://www.codechef.com/problems/balanced-segment-tree,Use a segment tree for efficient range queries and updates.
2867,Sorted BIT Update,Codeforces,Hard,"Binary Indexed Tree, Array, Math",https://codeforces.com/problemset/problem/8701/F,Apply a Binary Indexed Tree for cumulative frequency queries.
2868,Compressed Union Find,LeetCode,Hard,"Union Find, Graphs",https://leetcode.com/problems/compressed-union-find,Use disjoint set union to answer connectivity queries.
2869,Weighted Max Flow,HackerRank,Hard,"Graphs, Max Flow",https://www.hackerrank.com/challenges/weighted-max-flow,Model the problem as a max-flow network and solve it.
2870,Directed DP Bitmask,CodeChef,Hard,"Dynamic Programming, Bit Manipulation",https://www.codechef.com/problems/directed-dp-bitmask,Use bitmask DP to explore exponential state spaces.
2871,Undirected Divide Conquer,Codeforces,Hard,"Divide and Conquer, Array, Sorting",https://codeforces.com/problemset/problem/8713/D,Split the problem recursively using divide and conquer.
2872,Circular Convex Hull,LeetCode,Hard,"Geometry, Math, Sorting",https://leetcode.com/problems/circular-convex-hull,Compute the convex hull of a set of 2D points.
2873,Diagonal Suffix Array,HackerRank,Hard,"String, Suffix Array, Sorting",https://www.hackerrank.com/challenges/diagonal-suffix-array,Build and use a suffix array for advanced string queries.
2874,Sparse Game Theory,CodeChef,Hard,"Math, Game Theory, Dynamic Programming",https://www.codechef.com/problems/sparse-game-theory,Apply game theory and Grundy values to find the winner.
2875,Dense Persistent DS,Codeforces,Hard,"Segment Tree, Dynamic Programming",https://codeforces.com/problemset/problem/8725/B,Use a persistent data structure for historical queries.
2876,Binary Segment Tree,LeetCode,Hard,"Segment Tree, Array",https://leetcode.com/problems/binary-segment-tree,Use a segment tree for efficient range queries and updates.
2877,Ternary BIT Update,HackerRank,Hard,"Binary Indexed Tree, Array, Math",https://www.hackerrank.com/challenges/ternary-bit-update,Apply a Binary Indexed Tree for cumulative frequency queries.
2878,Linear Union Find,CodeChef,Hard,"Union Find, Graphs",https://www.codechef.com/problems/linear-union-find,Use disjoint set union to answer connectivity queries.
2879,Logarithmic Max Flow,Codeforces,Hard,"Graphs, Max Flow",https://codeforces.com/problemset/problem/8737/F,Model the problem as a max-flow network and solve it.
2880,Optimal DP Bitmask,LeetCode,Hard,"Dynamic Programming, Bit Manipulation",https://leetcode.com/problems/optimal-dp-bitmask,Use bitmask DP to explore exponential state spaces.
2881,Extended Divide Conquer,HackerRank,Hard,"Divide and Conquer, Array, Sorting",https://www.hackerrank.com/challenges/extended-divide-conquer,Split the problem recursively using divide and conquer.
2882,Variant Convex Hull,CodeChef,Hard,"Geometry, Math, Sorting",https://www.codechef.com/problems/variant-convex-hull,Compute the convex hull of a set of 2D points.
2883,Advanced Suffix Array,Codeforces,Hard,"String, Suffix Array, Sorting",https://codeforces.com/problemset/problem/8749/D,Build and use a suffix array for advanced string queries.
2884,Modified Game Theory,LeetCode,Hard,"Math, Game Theory, Dynamic Programming",https://leetcode.com/problems/modified-game-theory,Apply game theory and Grundy values to find the winner.
2885,Classic Persistent DS,HackerRank,Hard,"Segment Tree, Dynamic Programming",https://www.hackerrank.com/challenges/classic-persistent-ds,Use a persistent data structure for historical queries.
2886,Two-Pass Segment Tree,CodeChef,Hard,"Segment Tree, Array",https://www.codechef.com/problems/two-pass-segment-tree,Use a segment tree for efficient range queries and updates.
2887,Multi-Step BIT Update,Codeforces,Hard,"Binary Indexed Tree, Array, Math",https://codeforces.com/problemset/problem/8761/B,Apply a Binary Indexed Tree for cumulative frequency queries.
2888,Recursive Union Find,LeetCode,Hard,"Union Find, Graphs",https://leetcode.com/problems/recursive-union-find,Use disjoint set union to answer connectivity queries.
2889,Iterative Max Flow,HackerRank,Hard,"Graphs, Max Flow",https://www.hackerrank.com/challenges/iterative-max-flow,Model the problem as a max-flow network and solve it.
2890,Efficient DP Bitmask,CodeChef,Hard,"Dynamic Programming, Bit Manipulation",https://www.codechef.com/problems/efficient-dp-bitmask,Use bitmask DP to explore exponential state spaces.
2891,Minimal Divide Conquer,Codeforces,Hard,"Divide and Conquer, Array, Sorting",https://codeforces.com/problemset/problem/8773/F,Split the problem recursively using divide and conquer.
2892,Maximum Convex Hull,LeetCode,Hard,"Geometry, Math, Sorting",https://leetcode.com/problems/maximum-convex-hull,Compute the convex hull of a set of 2D points.
2893,Minimum Suffix Array,HackerRank,Hard,"String, Suffix Array, Sorting",https://www.hackerrank.com/challenges/minimum-suffix-array,Build and use a suffix array for advanced string queries.
2894,Balanced Game Theory,CodeChef,Hard,"Math, Game Theory, Dynamic Programming",https://www.codechef.com/problems/balanced-game-theory,Apply game theory and Grundy values to find the winner.
2895,Sorted Persistent DS,Codeforces,Hard,"Segment Tree, Dynamic Programming",https://codeforces.com/problemset/problem/8785/D,Use a persistent data structure for historical queries.
2896,Compressed Segment Tree,LeetCode,Hard,"Segment Tree, Array",https://leetcode.com/problems/compressed-segment-tree,Use a segment tree for efficient range queries and updates.
2897,Weighted BIT Update,HackerRank,Hard,"Binary Indexed Tree, Array, Math",https://www.hackerrank.com/challenges/weighted-bit-update,Apply a Binary Indexed Tree for cumulative frequency queries.
2898,Directed Union Find,CodeChef,Hard,"Union Find, Graphs",https://www.codechef.com/problems/directed-union-find,Use disjoint set union to answer connectivity queries.
2899,Undirected Max Flow,Codeforces,Hard,"Graphs, Max Flow",https://codeforces.com/problemset/problem/8797/B,Model the problem as a max-flow network and solve it.
2900,Circular DP Bitmask,LeetCode,Hard,"Dynamic Programming, Bit Manipulation",https://leetcode.com/problems/circular-dp-bitmask,Use bitmask DP to explore exponential state spaces.
2901,Diagonal Divide Conquer,HackerRank,Hard,"Divide and Conquer, Array, Sorting",https://www.hackerrank.com/challenges/diagonal-divide-conquer,Split the problem recursively using divide and conquer.
2902,Sparse Convex Hull,CodeChef,Hard,"Geometry, Math, Sorting",https://www.codechef.com/problems/sparse-convex-hull,Compute the convex hull of a set of 2D points.
2903,Dense Suffix Array,Codeforces,Hard,"String, Suffix Array, Sorting",https://codeforces.com/problemset/problem/8809/F,Build and use a suffix array for advanced string queries.
2904,Binary Game Theory,LeetCode,Hard,"Math, Game Theory, Dynamic Programming",https://leetcode.com/problems/binary-game-theory,Apply game theory and Grundy values to find the winner.
2905,Ternary Persistent DS,HackerRank,Hard,"Segment Tree, Dynamic Programming",https://www.hackerrank.com/challenges/ternary-persistent-ds,Use a persistent data structure for historical queries.
2906,Linear Segment Tree,CodeChef,Hard,"Segment Tree, Array",https://www.codechef.com/problems/linear-segment-tree,Use a segment tree for efficient range queries and updates.
2907,Logarithmic BIT Update,Codeforces,Hard,"Binary Indexed Tree, Array, Math",https://codeforces.com/problemset/problem/8821/D,Apply a Binary Indexed Tree for cumulative frequency queries.
2908,Optimal Union Find,LeetCode,Hard,"Union Find, Graphs",https://leetcode.com/problems/optimal-union-find,Use disjoint set union to answer connectivity queries.
2909,Extended Max Flow,HackerRank,Hard,"Graphs, Max Flow",https://www.hackerrank.com/challenges/extended-max-flow,Model the problem as a max-flow network and solve it.
2910,Variant DP Bitmask,CodeChef,Hard,"Dynamic Programming, Bit Manipulation",https://www.codechef.com/problems/variant-dp-bitmask,Use bitmask DP to explore exponential state spaces.
2911,Advanced Divide Conquer,Codeforces,Hard,"Divide and Conquer, Array, Sorting",https://codeforces.com/problemset/problem/8833/B,Split the problem recursively using divide and conquer.
2912,Modified Convex Hull,LeetCode,Hard,"Geometry, Math, Sorting",https://leetcode.com/problems/modified-convex-hull,Compute the convex hull of a set of 2D points.
2913,Classic Suffix Array,HackerRank,Hard,"String, Suffix Array, Sorting",https://www.hackerrank.com/challenges/classic-suffix-array,Build and use a suffix array for advanced string queries.
2914,Two-Pass Game Theory,CodeChef,Hard,"Math, Game Theory, Dynamic Programming",https://www.codechef.com/problems/two-pass-game-theory,Apply game theory and Grundy values to find the winner.
2915,Multi-Step Persistent DS,Codeforces,Hard,"Segment Tree, Dynamic Programming",https://codeforces.com/problemset/problem/8845/F,Use a persistent data structure for historical queries.
2916,Recursive Segment Tree,LeetCode,Hard,"Segment Tree, Array",https://leetcode.com/problems/recursive-segment-tree,Use a segment tree for efficient range queries and updates.
2917,Iterative BIT Update,HackerRank,Hard,"Binary Indexed Tree, Array, Math",https://www.hackerrank.com/challenges/iterative-bit-update,Apply a Binary Indexed Tree for cumulative frequency queries.
2918,Efficient Union Find,CodeChef,Hard,"Union Find, Graphs",https://www.codechef.com/problems/efficient-union-find,Use disjoint set union to answer connectivity queries.
2919,Minimal Max Flow,Codeforces,Hard,"Graphs, Max Flow",https://codeforces.com/problemset/problem/8857/D,Model the problem as a max-flow network and solve it.
2920,Maximum DP Bitmask,LeetCode,Hard,"Dynamic Programming, Bit Manipulation",https://leetcode.com/problems/maximum-dp-bitmask,Use bitmask DP to explore exponential state spaces.
2921,Minimum Divide Conquer,HackerRank,Hard,"Divide and Conquer, Array, Sorting",https://www.hackerrank.com/challenges/minimum-divide-conquer,Split the problem recursively using divide and conquer.
2922,Balanced Convex Hull,CodeChef,Hard,"Geometry, Math, Sorting",https://www.codechef.com/problems/balanced-convex-hull,Compute the convex hull of a set of 2D points.
2923,Sorted Suffix Array,Codeforces,Hard,"String, Suffix Array, Sorting",https://codeforces.com/problemset/problem/8869/B,Build and use a suffix array for advanced string queries.
2924,Compressed Game Theory,LeetCode,Hard,"Math, Game Theory, Dynamic Programming",https://leetcode.com/problems/compressed-game-theory,Apply game theory and Grundy values to find the winner.
2925,Weighted Persistent DS,HackerRank,Hard,"Segment Tree, Dynamic Programming",https://www.hackerrank.com/challenges/weighted-persistent-ds,Use a persistent data structure for historical queries.
2926,Directed Segment Tree,CodeChef,Hard,"Segment Tree, Array",https://www.codechef.com/problems/directed-segment-tree,Use a segment tree for efficient range queries and updates.
2927,Undirected BIT Update,Codeforces,Hard,"Binary Indexed Tree, Array, Math",https://codeforces.com/problemset/problem/8881/F,Apply a Binary Indexed Tree for cumulative frequency queries.
2928,Circular Union Find,LeetCode,Hard,"Union Find, Graphs",https://leetcode.com/problems/circular-union-find,Use disjoint set union to answer connectivity queries.
2929,Diagonal Max Flow,HackerRank,Hard,"Graphs, Max Flow",https://www.hackerrank.com/challenges/diagonal-max-flow,Model the problem as a max-flow network and solve it.
2930,Sparse DP Bitmask,CodeChef,Hard,"Dynamic Programming, Bit Manipulation",https://www.codechef.com/problems/sparse-dp-bitmask,Use bitmask DP to explore exponential state spaces.
2931,Dense Divide Conquer,Codeforces,Hard,"Divide and Conquer, Array, Sorting",https://codeforces.com/problemset/problem/8893/D,Split the problem recursively using divide and conquer.
2932,Binary Convex Hull,LeetCode,Hard,"Geometry, Math, Sorting",https://leetcode.com/problems/binary-convex-hull,Compute the convex hull of a set of 2D points.
2933,Ternary Suffix Array,HackerRank,Hard,"String, Suffix Array, Sorting",https://www.hackerrank.com/challenges/ternary-suffix-array,Build and use a suffix array for advanced string queries.
2934,Linear Game Theory,CodeChef,Hard,"Math, Game Theory, Dynamic Programming",https://www.codechef.com/problems/linear-game-theory,Apply game theory and Grundy values to find the winner.
2935,Logarithmic Persistent DS,Codeforces,Hard,"Segment Tree, Dynamic Programming",https://codeforces.com/problemset/problem/8905/B,Use a persistent data structure for historical queries.
2936,Optimal Segment Tree,LeetCode,Hard,"Segment Tree, Array",https://leetcode.com/problems/optimal-segment-tree,Use a segment tree for efficient range queries and updates.
2937,Extended BIT Update,HackerRank,Hard,"Binary Indexed Tree, Array, Math",https://www.hackerrank.com/challenges/extended-bit-update,Apply a Binary Indexed Tree for cumulative frequency queries.
2938,Variant Union Find,CodeChef,Hard,"Union Find, Graphs",https://www.codechef.com/problems/variant-union-find,Use disjoint set union to answer connectivity queries.
2939,Advanced Max Flow,Codeforces,Hard,"Graphs, Max Flow",https://codeforces.com/problemset/problem/8917/F,Model the problem as a max-flow network and solve it.
2940,Modified DP Bitmask,LeetCode,Hard,"Dynamic Programming, Bit Manipulation",https://leetcode.com/problems/modified-dp-bitmask,Use bitmask DP to explore exponential state spaces.
2941,Classic Divide Conquer,HackerRank,Hard,"Divide and Conquer, Array, Sorting",https://www.hackerrank.com/challenges/classic-divide-conquer,Split the problem recursively using divide and conquer.
2942,Two-Pass Convex Hull,CodeChef,Hard,"Geometry, Math, Sorting",https://www.codechef.com/problems/two-pass-convex-hull,Compute the convex hull of a set of 2D points.
2943,Multi-Step Suffix Array,Codeforces,Hard,"String, Suffix Array, Sorting",https://codeforces.com/problemset/problem/8929/D,Build and use a suffix array for advanced string queries.
2944,Recursive Game Theory,LeetCode,Hard,"Math, Game Theory, Dynamic Programming",https://leetcode.com/problems/recursive-game-theory,Apply game theory and Grundy values to find the winner.
2945,Iterative Persistent DS,HackerRank,Hard,"Segment Tree, Dynamic Programming",https://www.hackerrank.com/challenges/iterative-persistent-ds,Use a persistent data structure for historical queries.
2946,Efficient Segment Tree,CodeChef,Hard,"Segment Tree, Array",https://www.codechef.com/problems/efficient-segment-tree,Use a segment tree for efficient range queries and updates.
2947,Minimal BIT Update,Codeforces,Hard,"Binary Indexed Tree, Array, Math",https://codeforces.com/problemset/problem/8941/B,Apply a Binary Indexed Tree for cumulative frequency queries.
2948,Maximum Union Find,LeetCode,Hard,"Union Find, Graphs",https://leetcode.com/problems/maximum-union-find,Use disjoint set union to answer connectivity queries.
2949,Minimum Max Flow,HackerRank,Hard,"Graphs, Max Flow",https://www.hackerrank.com/challenges/minimum-max-flow,Model the problem as a max-flow network and solve it.
2950,Balanced DP Bitmask,CodeChef,Hard,"Dynamic Programming, Bit Manipulation",https://www.codechef.com/problems/balanced-dp-bitmask,Use bitmask DP to explore exponential state spaces.
2951,Sorted Divide Conquer,Codeforces,Hard,"Divide and Conquer, Array, Sorting",https://codeforces.com/problemset/problem/8953/F,Split the problem recursively using divide and conquer.
2952,Compressed Convex Hull,LeetCode,Hard,"Geometry, Math, Sorting",https://leetcode.com/problems/compressed-convex-hull,Compute the convex hull of a set of 2D points.
2953,Weighted Suffix Array,HackerRank,Hard,"String, Suffix Array, Sorting",https://www.hackerrank.com/challenges/weighted-suffix-array,Build and use a suffix array for advanced string queries.
2954,Directed Game Theory,CodeChef,Hard,"Math, Game Theory, Dynamic Programming",https://www.codechef.com/problems/directed-game-theory,Apply game theory and Grundy values to find the winner.
2955,Undirected Persistent DS,Codeforces,Hard,"Segment Tree, Dynamic Programming",https://codeforces.com/problemset/problem/8965/D,Use a persistent data structure for historical queries.
2956,Circular Segment Tree,LeetCode,Hard,"Segment Tree, Array",https://leetcode.com/problems/circular-segment-tree,Use a segment tree for efficient range queries and updates.
2957,Diagonal BIT Update,HackerRank,Hard,"Binary Indexed Tree, Array, Math",https://www.hackerrank.com/challenges/diagonal-bit-update,Apply a Binary Indexed Tree for cumulative frequency queries.
2958,Sparse Union Find,CodeChef,Hard,"Union Find, Graphs",https://www.codechef.com/problems/sparse-union-find,Use disjoint set union to answer connectivity queries.
2959,Dense Max Flow,Codeforces,Hard,"Graphs, Max Flow",https://codeforces.com/problemset/problem/8977/B,Model the problem as a max-flow network and solve it.
2960,Binary DP Bitmask,LeetCode,Hard,"Dynamic Programming, Bit Manipulation",https://leetcode.com/problems/binary-dp-bitmask,Use bitmask DP to explore exponential state spaces.
2961,Ternary Divide Conquer,HackerRank,Hard,"Divide and Conquer, Array, Sorting",https://www.hackerrank.com/challenges/ternary-divide-conquer,Split the problem recursively using divide and conquer.
2962,Linear Convex Hull,CodeChef,Hard,"Geometry, Math, Sorting",https://www.codechef.com/problems/linear-convex-hull,Compute the convex hull of a set of 2D points.
2963,Logarithmic Suffix Array,Codeforces,Hard,"String, Suffix Array, Sorting",https://codeforces.com/problemset/problem/8989/F,Build and use a suffix array for advanced string queries.
2964,Optimal Game Theory,LeetCode,Hard,"Math, Game Theory, Dynamic Programming",https://leetcode.com/problems/optimal-game-theory,Apply game theory and Grundy values to find the winner.
2965,Extended Persistent DS,HackerRank,Hard,"Segment Tree, Dynamic Programming",https://www.hackerrank.com/challenges/extended-persistent-ds,Use a persistent data structure for historical queries.
2966,Variant Segment Tree,CodeChef,Hard,"Segment Tree, Array",https://www.codechef.com/problems/variant-segment-tree,Use a segment tree for efficient range queries and updates.
2967,Advanced BIT Update,Codeforces,Hard,"Binary Indexed Tree, Array, Math",https://codeforces.com/problemset/problem/9001/D,Apply a Binary Indexed Tree for cumulative frequency queries.
2968,Modified Union Find,LeetCode,Hard,"Union Find, Graphs",https://leetcode.com/problems/modified-union-find,Use disjoint set union to answer connectivity queries.
2969,Classic Max Flow,HackerRank,Hard,"Graphs, Max Flow",https://www.hackerrank.com/challenges/classic-max-flow,Model the problem as a max-flow network and solve it.
2970,Two-Pass DP Bitmask,CodeChef,Hard,"Dynamic Programming, Bit Manipulation",https://www.codechef.com/problems/two-pass-dp-bitmask,Use bitmask DP to explore exponential state spaces.
2971,Multi-Step Divide Conquer,Codeforces,Hard,"Divide and Conquer, Array, Sorting",https://codeforces.com/problemset/problem/9013/B,Split the problem recursively using divide and conquer.
2972,Recursive Convex Hull,LeetCode,Hard,"Geometry, Math, Sorting",https://leetcode.com/problems/recursive-convex-hull,Compute the convex hull of a set of 2D points.
2973,Iterative Suffix Array,HackerRank,Hard,"String, Suffix Array, Sorting",https://www.hackerrank.com/challenges/iterative-suffix-array,Build and use a suffix array for advanced string queries.
2974,Efficient Game Theory,CodeChef,Hard,"Math, Game Theory, Dynamic Programming",https://www.codechef.com/problems/efficient-game-theory,Apply game theory and Grundy values to find the winner.
2975,Minimal Persistent DS,Codeforces,Hard,"Segment Tree, Dynamic Programming",https://codeforces.com/problemset/problem/9025/F,Use a persistent data structure for historical queries.
2976,Maximum Segment Tree,LeetCode,Hard,"Segment Tree, Array",https://leetcode.com/problems/maximum-segment-tree,Use a segment tree for efficient range queries and updates.
2977,Minimum BIT Update,HackerRank,Hard,"Binary Indexed Tree, Array, Math",https://www.hackerrank.com/challenges/minimum-bit-update,Apply a Binary Indexed Tree for cumulative frequency queries.
2978,Balanced Union Find,CodeChef,Hard,"Union Find, Graphs",https://www.codechef.com/problems/balanced-union-find,Use disjoint set union to answer connectivity queries.
2979,Sorted Max Flow,Codeforces,Hard,"Graphs, Max Flow",https://codeforces.com/problemset/problem/9037/D,Model the problem as a max-flow network and solve it.
2980,Compressed DP Bitmask,LeetCode,Hard,"Dynamic Programming, Bit Manipulation",https://leetcode.com/problems/compressed-dp-bitmask,Use bitmask DP to explore exponential state spaces.
2981,Weighted Divide Conquer,HackerRank,Hard,"Divide and Conquer, Array, Sorting",https://www.hackerrank.com/challenges/weighted-divide-conquer,Split the problem recursively using divide and conquer.
2982,Directed Convex Hull,CodeChef,Hard,"Geometry, Math, Sorting",https://www.codechef.com/problems/directed-convex-hull,Compute the convex hull of a set of 2D points.
2983,Undirected Suffix Array,Codeforces,Hard,"String, Suffix Array, Sorting",https://codeforces.com/problemset/problem/9049/B,Build and use a suffix array for advanced string queries.
2984,Circular Game Theory,LeetCode,Hard,"Math, Game Theory, Dynamic Programming",https://leetcode.com/problems/circular-game-theory,Apply game theory and Grundy values to find the winner.
2985,Diagonal Persistent DS,HackerRank,Hard,"Segment Tree, Dynamic Programming",https://www.hackerrank.com/challenges/diagonal-persistent-ds,Use a persistent data structure for historical queries.
2986,Sparse Segment Tree,CodeChef,Hard,"Segment Tree, Array",https://www.codechef.com/problems/sparse-segment-tree,Use a segment tree for efficient range queries and updates.
2987,Dense BIT Update,Codeforces,Hard,"Binary Indexed Tree, Array, Math",https://codeforces.com/problemset/problem/9061/F,Apply a Binary Indexed Tree for cumulative frequency queries.
2988,Binary Union Find,LeetCode,Hard,"Union Find, Graphs",https://leetcode.com/problems/binary-union-find,Use disjoint set union to answer connectivity queries.
2989,Ternary Max Flow,HackerRank,Hard,"Graphs, Max Flow",https://www.hackerrank.com/challenges/ternary-max-flow,Model the problem as a max-flow network and solve it.
2990,Linear DP Bitmask,CodeChef,Hard,"Dynamic Programming, Bit Manipulation",https://www.codechef.com/problems/linear-dp-bitmask,Use bitmask DP to explore exponential state spaces.
2991,Logarithmic Divide Conquer,Codeforces,Hard,"Divide and Conquer, Array, Sorting",https://codeforces.com/problemset/problem/9073/D,Split the problem recursively using divide and conquer.
2992,Optimal Convex Hull,LeetCode,Hard,"Geometry, Math, Sorting",https://leetcode.com/problems/optimal-convex-hull,Compute the convex hull of a set of 2D points.
2993,Extended Suffix Array,HackerRank,Hard,"String, Suffix Array, Sorting",https://www.hackerrank.com/challenges/extended-suffix-array,Build and use a suffix array for advanced string queries.
2994,Variant Game Theory,CodeChef,Hard,"Math, Game Theory, Dynamic Programming",https://www.codechef.com/problems/variant-game-theory,Apply game theory and Grundy values to find the winner.
2995,Advanced Persistent DS,Codeforces,Hard,"Segment Tree, Dynamic Programming",https://codeforces.com/problemset/problem/9085/B,Use a persistent data structure for historical queries.
2996,Modified Segment Tree,LeetCode,Hard,"Segment Tree, Array",https://leetcode.com/problems/modified-segment-tree,Use a segment tree for efficient range queries and updates.
2997,Classic BIT Update,HackerRank,Hard,"Binary Indexed Tree, Array, Math",https://www.hackerrank.com/challenges/classic-bit-update,Apply a Binary Indexed Tree for cumulative frequency queries.
2998,Two-Pass Union Find,CodeChef,Hard,"Union Find, Graphs",https://www.codechef.com/problems/two-pass-union-find,Use disjoint set union to answer connectivity queries.
2999,Multi-Step Max Flow,Codeforces,Hard,"Graphs, Max Flow",https://codeforces.com/problemset/problem/9097/F,Model the problem as a max-flow network and solve it.
3000,Recursive DP Bitmask,LeetCode,Hard,"Dynamic Programming, Bit Manipulation",https://leetcode.com/problems/recursive-dp-bitmask,Use bitmask DP to explore exponential state spaces.
